{
    "comment": "Heirloom offering - first offering",
    "pools": [
        {
            "rolls": 1,
            "entries": [
                {
                    "type": "minecraft:item",
                    "name": "minecraft:carrot_on_a_stick",
                    "functions": [
                        {
                            "function": "minecraft:set_name",
                            "entity": "this",
                            "name": {
                                "color": "white",
                                "bold": false,
                                "italic": false,
                                "translate": "item.essrpg.common.heirloom_offering_initial"
                            }
                        },
                        {
                            "function": "minecraft:set_nbt",
                            "tag": "{esitem:heirloomwrit,eshlwrit:starter,esitemgroup:menuitem,Unbreakable:1b,CustomModelData:410043,HideFlags:4}"
                        },
                        {
                            "function": "minecraft:set_lore",
                            "entity": "this",
                            "lore": [
                                {
                                    "translate": "item.essrpg.common.heirloom_offering_initial.lore.0"
                                },
                                {
                                    "translate": "item.essrpg.common.heirloom_offering_initial.lore.1"
                                },
                                {
                                    "translate": "item.essrpg.common.heirloom_offering_initial.lore.2"
                                },
                                {
                                    "translate": "item.essrpg.common.heirloom_offering_initial.lore.3"
                                },
                                {
                                    "translate": "item.essrpg.common.heirloom_offering_initial.lore.4"
                                },
                                {
                                    "translate": "item.essrpg.common.heirloom_offering_initial.lore.5"
                                },
                                {
                                    "translate": "item.essrpg.common.heirloom_offering_initial.lore.6"
                                },
                                {
                                    "translate": "item.essrpg.common.heirloom_offering_initial.lore.7"
                                },
                                {
                                    "color": "dark_gray",
                                    "bold": true,
                                    "translate": "item.essrpg.common.heirloom_offering_initial.lore.8"
                                }
                            ]
                        }
                    ]
                }
            ]
        }
    ]
}