{
  "pools": [
    {
      "rolls": {
        "min": 1,
        "max": 2
      },
      "entries": [
        {
          "type": "minecraft:item",
          "weight": 5,
          "name": "minecraft:netherite_axe",
          "functions": [
            {
              "function": "minecraft:set_nbt",
              "tag": "{CustomModelData:1234567,AttributeModifiers:[{AttributeName:\"generic.attack_speed\",Amount:-3.3,Slot:mainhand,Name:\"generic.attack_speed\",UUID:[I;-122222,95807,204126,-191614]},{AttributeName:\"generic.attack_damage\",Amount:20,Slot:mainhand,Name:\"generic.attack_damage\",UUID:[I;-122222,95907,204126,-191814]}],display:{Name:'[{\"text\":\"Battle Axe\",\"italic\":false,\"color\":\"yellow\"}]',Lore:['[{\"text\":\"Attributes:\",\"italic\":false,\"color\":\"gold\"},{\"text\":\"\",\"italic\":false,\"color\":\"dark_purple\"}]','[{\"text\":\"High Damage \",\"italic\":false,\"color\":\"dark_green\"},{\"text\":\"+20 Attack Damage\",\"color\":\"gray\"},{\"text\":\"\",\"color\":\"dark_purple\"}]','[{\"text\":\"Well Forged \",\"italic\":false,\"color\":\"dark_green\"},{\"text\":\"Immune to fire\",\"color\":\"gray\"},{\"text\":\"\",\"color\":\"dark_purple\"}]','[{\"text\":\"Heavy \",\"italic\":false,\"color\":\"dark_red\"},{\"text\":\"-3.3 Attack Speed\",\"color\":\"gray\"}]']}} "
            }
          ]
        },
        {
          "type": "minecraft:item",
          "weight": 5,
          "name": "minecraft:iron_sword",
          "functions": [
            {
              "function": "minecraft:set_damage",
              "damage": {
                "min": 0,
                "max": 0.5
              }
            }
          ]
        },
        {
          "type": "minecraft:item",
          "weight": 5,
          "name": "minecraft:iron_helmet",
          "functions": [
            {
              "function": "minecraft:set_damage",
              "damage": {
                "type": "minecraft:uniform",
                "min": 0,
                "max": 0.5
              }
            }
          ]
        },
        {
          "type": "minecraft:item",
          "weight": 5,
          "name": "minecraft:iron_chestplate",
          "functions": [
            {
              "function": "minecraft:set_damage",
              "damage": {
                "type": "minecraft:uniform",
                "min": 0,
                "max": 0.5
              }
            }
          ]
        },
        {
          "type": "minecraft:item",
          "weight": 5,
          "name": "minecraft:iron_leggings",
          "functions": [
            {
              "function": "minecraft:set_damage",
              "damage": {
                "type": "minecraft:uniform",
                "min": 0,
                "max": 0.5
              }
            }
          ]
        },
        {
          "type": "minecraft:item",
          "weight": 5,
          "name": "minecraft:iron_boots",
          "functions": [
            {
              "function": "minecraft:set_damage",
              "damage": {
                "type": "minecraft:uniform",
                "min": 0,
                "max": 0.5
              }
            }
          ]
        },
        {
          "type": "minecraft:item",
          "weight": 5,
          "name": "minecraft:bread",
          "functions": [
            {
              "function": "minecraft:set_count",
              "count": {
                "type": "minecraft:uniform",
                "min": 2,
                "max": 6
              }
            }
          ]
        },
        {
          "type": "minecraft:item",
          "weight": 6,
          "name": "minecraft:arrow",
          "functions": [
            {
              "function": "minecraft:set_count",
              "count": {
                "type": "minecraft:uniform",
                "min": 5,
                "max": 16
              }
            }
          ]
        },
        {
          "type": "minecraft:loot_table",
          "weight": 5,
          "name": "ethrium:special_shield"
        },
        {
          "type": "minecraft:item",
          "weight": 5,
          "name": "minecraft:apple",
          "functions": [
            {
              "function": "minecraft:set_count",
              "count": {
                "type": "minecraft:uniform",
                "min": 2,
                "max": 5
              }
            }
          ]
        }
      ]
    }
  ]
}
