{
  "type": "minecraft:chest",
  "pools": [
    {
      "rolls": 1,
      "entries": [
        {
          "type": "minecraft:loot_table",
          "weight": 50,
          "name": "ethrium:chests/city_loot"
        },
        {
          "type": "minecraft:loot_table",
          "weight": 10,
          "name": "minecraft:chests/spawn_bonus_chest"
        },
        {
          "type": "minecraft:loot_table",
          "weight": 10,
          "name": "minecraft:chests/igloo_chest"
        },
        {
          "type": "minecraft:loot_table",
          "weight": 10,
          "name": "minecraft:chests/end_city_treasure"
        },
        {
          "type": "minecraft:loot_table",
          "weight": 17,
          "name": "ethrium:rings"
        },
        {
          "type": "minecraft:loot_table",
          "weight": 3,
          "name": "ethrium:chests/magic_city_loot"
        }
      ]
    }
  ]
}
