{
  "pools": [
    {
      "rolls": 1,
      "entries": [
        {
          "type": "minecraft:loot_table",
          "weight": 80,
          "quality": 1,
          "name": "ethrium:chests/dungeon_loot"
        },
        {
          "type": "minecraft:loot_table",
          "weight": 15,
          "quality": 2,
          "name": "ethrium:chests/dungeon_treasure"
        },
        {
          "type": "minecraft:loot_table",
          "weight": 5,
          "quality": 2,
          "name": "ethrium:rings"
        },
        {
          "type": "minecraft:loot_table",
          "weight": 8,
          "quality": 2,
          "name": "ethrium:magic_items"
        },
        {
          "type": "minecraft:loot_table",
          "weight": 2,
          "quality": 2,
          "name": "ethrium:chests/magic_city_loot"
        }
      ]
    }
  ]
}
