{
  "pools": [
    {
      "rolls": 1,
      "entries": [
        {
          "type": "minecraft:item",
          "weight": 10,
          "name": "minecraft:chain_command_block",
          "functions": [
            {
              "function": "minecraft:set_nbt",
              "tag": "{CustomModelData:14,display:{Name:'[{\"text\":\"Mysterious Essence\",\"italic\":false,\"color\":\"yellow\"}]',Lore:['[{\"text\":\"What does it do?\",\"italic\":false,\"color\":\"gray\"}]']}}"
            },
            {
              "function": "minecraft:set_count",
              "count": {
                "min": 1,
                "max": 3
              }
            }
          ]
        },
        {
          "type": "minecraft:item",
          "weight": 10,
          "name": "minecraft:bow",
          "functions": [
            {
              "function": "minecraft:set_nbt",
              "tag": "{Unbreakable:1,Guardian:1b,CustomModelData:4,display:{Name:'[{\"text\":\"Guardian\\'s Bow\",\"italic\":false,\"color\":\"green\"}]',Lore:['[{\"text\":\"Wielded by the Ancient Guardians,\",\"italic\":false,\"color\":\"dark_green\"}]','[{\"text\":\"the \",\"italic\":false,\"color\":\"dark_green\"},{\"text\":\"Guardian\\'s Bow\",\"color\":\"green\"},{\"text\":\" is a powerful\",\"color\":\"dark_green\"}]','[{\"text\":\"weapon.\",\"italic\":false,\"color\":\"dark_green\"}]']}}"
            },
            {
              "function": "minecraft:set_attributes",
              "modifiers": [
                {
                  "attribute": "minecraft:generic.movement_speed",
                  "name": "",
                  "amount": 0.01,
                  "operation": "addition",
                  "slot": "mainhand"
                }
              ]
            }
          ]
        },
        {
          "type": "minecraft:loot_table",
          "weight": 15,
          "name": "ethrium:bulwark_armour",
          "functions": [
            {
              "function": "minecraft:set_count",
              "count": {
                "min": 1,
                "max": 3
              }
            }
          ]
        },
        {
          "type": "minecraft:item",
          "weight": 15,
          "name": "minecraft:llama_spawn_egg",
          "functions": [
            {
              "function": "minecraft:set_count",
              "count": {
                "min": 1,
                "max": 2
              }
            },
            {
              "function": "minecraft:set_nbt",
              "tag": "{display:{Name:'{\"text\":\"Gravity Boat\"}',Lore:['{\"text\":\"Fly in the air!\"}']},EntityTag:{id:\"minecraft:boat\",NoGravity:1b,Type:\"oak\"}} "
            }
          ]
        },
        {
          "type": "minecraft:item",
          "weight": 10,
          "name": "minecraft:popped_chorus_fruit",
          "functions": [
            {
              "function": "minecraft:set_nbt",
              "tag": "{CustomModelData:132,display:{Name:'[{\"text\":\"Heart Amulet\",\"italic\":false,\"color\":\"red\"}]',Lore:['[{\"text\":\"Provides Health Regeneration\",\"italic\":false}]']}}"
            }
          ]
        },
        {
          "type": "minecraft:item",
          "weight": 5,
          "name": "minecraft:popped_chorus_fruit",
          "functions": [
            {
              "function": "minecraft:set_nbt",
              "tag": "{CustomModelData:134,display:{Name:'[{\"text\":\"Ruby Amulet\",\"italic\":false,\"color\":\"yellow\"}]',Lore:['[{\"text\":\"Provides saturation\",\"italic\":false}]','[{\"text\":\"when worn.\",\"italic\":false}]']}}"
            }
          ]
        },
        {
          "type": "minecraft:item",
          "weight": 5,
          "name": "minecraft:popped_chorus_fruit",
          "functions": [
            {
              "function": "minecraft:set_nbt",
              "tag": "{Paralyze:1b,CustomModelData:135,display:{Name:'[{\"text\":\"Mysterious Ring\",\"italic\":false,\"color\":\"yellow\"}]',Lore:['[{\"text\":\"Paralyzes enemies\",\"italic\":false}]','[{\"text\":\"you hit when held in\",\"italic\":false}]','[{\"text\":\"off hand.\",\"italic\":false}]']}} "
            }
          ]
        }
      ]
    }
  ]
}
