{
    "type": "minecraft:chest",
    "pools": [
        {
            "rolls": 1,
            "entries": [
                {
                    "type": "minecraft:item",
                    "name": "minecraft:diamond_axe",
                    "functions": [
                        {
                            "function": "minecraft:set_nbt",
                            "tag": "{CustomModelData:1,display:{Name:'[{\"text\":\"Molten Axe\",\"italic\":false,\"color\":\"gold\"}]'}} "
                        }
                    ]
                },
                {
                    "type": "minecraft:item",
                    "name": "minecraft:diamond_hoe",
                    "functions": [
                        {
                            "function": "minecraft:set_nbt",
                            "tag": "{CustomModelData:1,display:{Name:'[{\"text\":\"Molten Hoe\",\"italic\":false,\"color\":\"gold\"}]'}} "
                        }
                    ]
                },
                {
                    "type": "minecraft:item",
                    "name": "minecraft:diamond_pickaxe",
                    "functions": [
                        {
                            "function": "minecraft:set_nbt",
                            "tag": "{CustomModelData:1,display:{Name:'[{\"text\":\"Molten Pickaxe\",\"italic\":false,\"color\":\"gold\"}]'}} "
                        }
                    ]
                },
                {
                    "type": "minecraft:item",
                    "name": "minecraft:diamond_shovel",
                    "functions": [
                        {
                            "function": "minecraft:set_nbt",
                            "tag": "{CustomModelData:1,display:{Name:'[{\"text\":\"Molten Shovel\",\"italic\":false,\"color\":\"gold\"}]'}} "
                        }
                    ]
                }
            ]
        }
    ]
}
