{
  "pools": [
    {
      "rolls": 1,
      "entries": [
        {
          "type": "minecraft:loot_table",
          "weight": 45,
          "quality": 1,
          "name": "ethrium:chests/nether_dungeon_loot"
        },
        {
          "type": "minecraft:loot_table",
          "weight": 30,
          "quality": 2,
          "name": "ethrium:chests/nether_dungeon_treasure"
        },
        {
          "type": "minecraft:loot_table",
          "weight": 10,
          "quality": 4,
          "name": "ethrium:chests/molten_tools"
        },
        {
          "type": "minecraft:loot_table",
          "weight": 10,
          "quality": 4,
          "name": "minecraft:chests/bastion_bridge"
        }
      ]
    }
  ]
}
