{
    "type": "minecraft:chest",
    "pools": [
        {
            "rolls": {
                "type": "minecraft:uniform",
                "min": 2,
                "max": 6
            },
            "bonus_rolls": 1,
            "entries": [
                {
                    "type": "minecraft:item",
                    "weight": 5,
                    "quality": 2,
                    "name": "minecraft:diamond",
                    "functions": [
                        {
                            "function": "minecraft:set_count",
                            "count": {
                                "type": "minecraft:uniform",
                                "min": 1,
                                "max": 3
                            },
                            "add": false
                        }
                    ]
                },
                {
                    "type": "minecraft:item",
                    "weight": 5,
                    "quality": 1,
                    "name": "minecraft:iron_ingot",
                    "functions": [
                        {
                            "function": "minecraft:set_count",
                            "count": {
                                "type": "minecraft:uniform",
                                "min": 1,
                                "max": 5
                            },
                            "add": false
                        }
                    ]
                },
                {
                    "type": "minecraft:item",
                    "weight": 15,
                    "quality": 2,
                    "name": "minecraft:gold_ingot",
                    "functions": [
                        {
                            "function": "minecraft:set_count",
                            "count": {
                                "type": "minecraft:uniform",
                                "min": 1,
                                "max": 3
                            },
                            "add": false
                        }
                    ]
                },
                {
                    "type": "minecraft:item",
                    "weight": 5,
                    "quality": 3,
                    "name": "minecraft:diamond_sword",
                    "functions": [
                        {
                            "function": "minecraft:enchant_randomly"
                        },
                        {
                            "function": "minecraft:set_damage",
                            "damage": {
                                "min": 0,
                                "max": 0.75
                            }
                        }
                    ]
                },
                {
                    "type": "minecraft:loot_table",
                    "weight": 5,
                    "quality": 4,
                    "name": "ethrium:chests/molten_tools"
                },
                {
                    "type": "minecraft:item",
                    "weight": 5,
                    "quality": 1,
                    "name": "minecraft:fire_charge",
                    "functions": [
                        {
                            "function": "minecraft:set_count",
                            "count": {
                                "min": 1,
                                "max": 5
                            }
                        }
                    ]
                },
                {
                    "type": "minecraft:item",
                    "weight": 5,
                    "quality": 1,
                    "name": "minecraft:blaze_powder",
                    "functions": [
                        {
                            "function": "minecraft:set_count",
                            "count": {
                                "type": "minecraft:uniform",
                                "min": 3,
                                "max": 7
                            },
                            "add": false
                        }
                    ]
                },
                {
                    "type": "minecraft:item",
                    "weight": 5,
                    "quality": 2,
                    "name": "minecraft:tripwire_hook",
                    "functions": [
                        {
                            "function": "minecraft:set_name",
                            "name": "Dungeon Key"
                        }
                    ]
                },
                {
                    "type": "minecraft:item",
                    "weight": 8,
                    "quality": 1,
                    "name": "minecraft:potion",
                    "functions": [
                        {
                            "function": "minecraft:set_potion",
                            "id": "minecraft:fire_resistance"
                        }
                    ]
                },
                {
                    "type": "minecraft:item",
                    "weight": 5,
                    "quality": 2,
                    "name": "minecraft:potion",
                    "functions": [
                        {
                            "function": "minecraft:set_potion",
                            "id": "minecraft:long_fire_resistance"
                        }
                    ]
                },
                {
                    "type": "minecraft:item",
                    "weight": 3,
                    "quality": 1,
                    "name": "minecraft:crying_obsidian",
                    "functions": [
                        {
                            "function": "minecraft:set_count",
                            "count": {
                                "min": 1,
                                "max": 3
                            }
                        }
                    ]
                },
                {
                    "type": "minecraft:item",
                    "weight": 2,
                    "quality": -1,
                    "name": "minecraft:obsidian",
                    "functions": [
                        {
                            "function": "minecraft:set_count",
                            "count": {
                                "type": "minecraft:uniform",
                                "min": 2,
                                "max": 4
                            },
                            "add": false
                        }
                    ]
                }
            ]
        }
    ]
}
