{
  "name": "ethrium:dungeon/stone_dungeon/starts/starts",
  "fallback": "ethrium:dungeon/terminators",
  "elements": [
    {
      "weight": 20,
      "element": {
        "element_type": "minecraft:single_pool_element",
        "projection": "rigid",
        "location": "ethrium:dungeon/stone_dungeon/starts/starts_2",
        "processors": "ethrium:dungeon"
      }
    },
    {
      "weight": 1,
      "element": {
        "element_type": "minecraft:single_pool_element",
        "projection": "rigid",
        "location": "ethrium:dungeon/stone_dungeon/rooms/great_hall",
        "processors": "ethrium:dungeon"
      }
    },
    {
      "weight": 20,
      "element": {
        "element_type": "minecraft:single_pool_element",
        "projection": "rigid",
        "location": "ethrium:dungeon/stone_dungeon/starts/starts",
        "processors": "ethrium:dungeon"
      }
    }
  ]
}
