{
  "name": "ethrium:stone_dungeon/halls",
  "fallback": "ethrium:dungeon/terminators",
  "elements": [
    {
      "weight": 3,
      "element": {
        "element_type": "minecraft:single_pool_element",
        "projection": "rigid",
        "location": "ethrium:dungeon/stone_dungeon/halls/hall_01",
        "processors": "ethrium:dungeon"
      }
    },
    {
      "weight": 3,
      "element": {
        "element_type": "minecraft:single_pool_element",
        "projection": "rigid",
        "location": "ethrium:dungeon/stone_dungeon/halls/hall_02",
        "processors": "ethrium:dungeon"
      }
    },
    {
      "weight": 5,
      "element": {
        "element_type": "minecraft:single_pool_element",
        "projection": "rigid",
        "location": "ethrium:dungeon/stone_dungeon/halls/hall_03",
        "processors": "ethrium:dungeon"
      }
    },
    {
      "weight": 2,
      "element": {
        "element_type": "minecraft:single_pool_element",
        "projection": "rigid",
        "location": "ethrium:dungeon/stone_dungeon/halls/hall_curve_01",
        "processors": "ethrium:dungeon"
      }
    },
    {
      "weight": 2,
      "element": {
        "element_type": "minecraft:single_pool_element",
        "projection": "rigid",
        "location": "ethrium:dungeon/stone_dungeon/halls/hall_curve_02",
        "processors": "ethrium:dungeon"
      }
    },
    {
      "weight": 2,
      "element": {
        "element_type": "minecraft:single_pool_element",
        "projection": "rigid",
        "location": "ethrium:dungeon/stone_dungeon/halls/hall_trap_01",
        "processors": "ethrium:dungeon"
      }
    },
	{
      "weight": 2,
      "element": {
        "element_type": "minecraft:single_pool_element",
        "projection": "rigid",
        "location": "ethrium:dungeon/stone_dungeon/dungeon/starts_2",
        "processors": "ethrium:dungeon"
      }
    },
    {
      "weight": 2,
      "element": {
        "element_type": "minecraft:single_pool_element",
        "projection": "rigid",
        "location": "ethrium:dungeon/stone_dungeon/halls/hall_trap_02",
        "processors": "ethrium:dungeon"
      }
    }
  ]
}