{
  "name": "ethrium:dungeon/terminators",
  "fallback": "ethrium:dungeon/stone_dungeon/halls",
  "elements": [
    {
      "weight": 1,
      "element": {
        "element_type": "minecraft:single_pool_element",
        "projection": "rigid",
        "location": "ethrium:dungeon/stone_dungeon/terminators/terminator_01",
        "processors": "ethrium:dungeon"
      }
    },
	    {
      "weight": 1,
      "element": {
        "element_type": "minecraft:single_pool_element",
        "projection": "rigid",
        "location": "ethrium:dungeon/stone_dungeon/terminators/terminator_02",
        "processors": "ethrium:dungeon"
      }
    }
  ]
}