[
  {
    "function": "minecraft:copy_nbt",
    "source": {
      "type": "minecraft:storage",
      "source": "modifiers_reforged:ranged_storage"
    },
    "ops": [
      {
        "source": "ProjectileDamageFinal",
        "target": "ModifiersReforged.ProjectileDamageFinal",
        "op": "replace"
      }
    ]
  },
  {
    "function": "minecraft:copy_nbt",
    "source": {
      "type": "minecraft:storage",
      "source": "modifiers_reforged:ranged_storage"
    },
    "ops": [
      {
        "source": "ProjectileSpeedFinal",
        "target": "ModifiersReforged.ProjectileSpeedFinal",
        "op": "replace"
      }
    ]
  },
  {
    "function": "minecraft:copy_nbt",
    "source": {
      "type": "minecraft:storage",
      "source": "modifiers_reforged:ranged_storage"
    },
    "ops": [
      {
        "source": "CritChanceFinal",
        "target": "ModifiersReforged.CritChanceFinal",
        "op": "replace"
      }
    ]
  }
]
