{
	"parent": "minecraft:item/generated",
	"textures": {
		"layer0": "minecraft:item/cod"
	},
	"display": {
		"head": {
			"rotation": [
				0,
				90,
				-60
			],
			"translation": [
				-7,
				-4,
				-7
			],
			"scale": [
				0.8,
				0.8,
				0.8
			]
		}
	},
	"overrides": [
		{
			"predicate": {
				"custom_model_data": 120
			},
			"model": "minecraft:item/fish/bluegill"
		},
		{
			"predicate": {
				"custom_model_data": 121
			},
			"model": "minecraft:item/fish/smallmouth_bass"
		},
		{
			"predicate": {
				"custom_model_data": 122
			},
			"model": "minecraft:item/fish/perch"
		},
		{
			"predicate": {
				"custom_model_data": 123
			},
			"model": "minecraft:item/fish/catfish"
		},
		{
			"predicate": {
				"custom_model_data": 124
			},
			"model": "minecraft:item/fish/tuna"
		},
		{
			"predicate": {
				"custom_model_data": 125
			},
			"model": "minecraft:item/fish/red_snapper"
		},
		{
			"predicate": {
				"custom_model_data": 126
			},
			"model": "minecraft:item/fish/atlantic_herring"
		},
		{
			"predicate": {
				"custom_model_data": 127
			},
			"model": "minecraft:item/fish/red_shrooma"
		},
		{
			"predicate": {
				"custom_model_data": 128
			},
			"model": "minecraft:item/fish/brown_shrooma"
		},
		{
			"predicate": {
				"custom_model_data": 129
			},
			"model": "minecraft:item/fish/piranha"
		},
		{
			"predicate": {
				"custom_model_data": 130
			},
			"model": "minecraft:item/fish/boulti"
		},
		{
			"predicate": {
				"custom_model_data": 131
			},
			"model": "minecraft:item/fish/bayad"
		},
		{
			"predicate": {
				"custom_model_data": 132
			},
			"model": "minecraft:item/fish/tambaqui"
		},
		{
			"predicate": {
				"custom_model_data": 133
			},
			"model": "minecraft:item/fish/synodontis"
		},
		{
			"predicate": {
				"custom_model_data": 134
			},
			"model": "minecraft:item/fish/rainbow_trout"
		},
		{
			"predicate": {
				"custom_model_data": 135
			},
			"model": "minecraft:item/fish/tetra"
		},
		{
			"predicate": {
				"custom_model_data": 136
			},
			"model": "minecraft:item/fish/pollock"
		},
		{
			"predicate": {
				"custom_model_data": 137
			},
			"model": "minecraft:item/fish/anchovy"
		},
		{
			"predicate": {
				"custom_model_data": 138
			},
			"model": "minecraft:item/fish/icefish"
		},
		{
			"predicate": {
				"custom_model_data": 139
			},
			"model": "minecraft:item/fish/blackfish"
		},
		{
			"predicate": {
				"custom_model_data": 140
			},
			"model": "minecraft:item/fish/pink_salmon"
		},
	    {
			"predicate": {
				"custom_model_data": 141
			},
			"model": "minecraft:item/fish/coral_fish"
		}
	]
}
