{
  "parent": "minecraft:item/handheld",
  "textures": {
    "layer0": "minecraft:item/diamond_sword"
  },
  "overrides": [
    {
      "predicate": {
        "custom_model_data": 1234567
      },
      "model": "minecraft:item/custom/end_sword"
    },
    {
      "predicate": {
        "custom_model_data": 1234568
      },
      "model": "minecraft:item/custom/shadow_sword"
    },
    {
      "predicate": {
        "custom_model_data": 1234569
      },
      "model": "minecraft:item/custom/magical_scythe"
    },
    {
      "predicate": {
        "custom_model_data": 1234570
      },
      "model": "minecraft:item/custom/enhanced_scythe"
    },
    {
      "predicate": {
        "custom_model_data": 1234571
      },
      "model": "minecraft:item/custom/enhanced_end_sword"
    },
    {
      "predicate": {
        "custom_model_data": 1234572
      },
      "model": "minecraft:item/custom/magical_dagger"
    },
    {
      "predicate": {
        "custom_model_data": 1234573
      },
      "model": "minecraft:item/custom/livilium_dagger_1"
    },
    {
      "predicate": {
        "custom_model_data": 1234574
      },
      "model": "minecraft:item/custom/livilium_dagger_2"
    },
    {
      "predicate": {
        "custom_model_data": 1234575
      },
      "model": "minecraft:item/custom/enhanced_shadow_sword"
    },
    {
      "predicate": {
        "custom_model_data": 1234576
      },
      "model": "minecraft:item/custom/enhanced_magical_sword"
    }
  ]
}
