{
  "parent": "minecraft:item/handheld",
  "textures": {
    "layer0": "minecraft:item/netherite_sword"
  },
  "overrides": [
    {
      "predicate": {
        "custom_model_data": 1234567
      },
      "model": "minecraft:item/custom/end_sword"
    },
    {
      "predicate": {
        "custom_model_data": 1234568
      },
      "model": "minecraft:item/custom/shadow_sword"
    },
    {
      "predicate": {
        "custom_model_data": 1234569
      },
      "model": "minecraft:item/custom/magical_sword"
    },
    {
      "predicate": {
        "custom_model_data": 1234575
      },
      "model": "minecraft:item/custom/enhanced_shadow_sword"
    },
    {
      "predicate": {
        "custom_model_data": 1234576
      },
      "model": "minecraft:item/custom/infused_warhammer"
    },
    {
      "predicate": {
        "custom_model_data": 1234577
      },
      "model": "minecraft:item/custom/enhanced_warhammer"
    }
  ]
}
