{
    "parent": "minecraft:item/generated",
    "textures": {
        "layer0": "minecraft:item/popped_chorus_fruit"
    },
    "overrides": [
        {
            "predicate": {
                "custom_model_data": 120
            },
            "model": "minecraft:item/rings/poison_ring"
        },
        {
            "predicate": {
                "custom_model_data": 121
            },
            "model": "minecraft:item/rings/ghost_ring"
        },
        {
            "predicate": {
                "custom_model_data": 122
            },
            "model": "minecraft:item/rings/iron_ring"
        },
        {
            "predicate": {
                "custom_model_data": 123
            },
            "model": "minecraft:item/rings/diamond_ring"
        },
        {
            "predicate": {
                "custom_model_data": 124
            },
            "model": "minecraft:item/rings/emerald_ring"
        },
        {
            "predicate": {
                "custom_model_data": 125
            },
            "model": "minecraft:item/rings/netherite_ring"
        },
        {
            "predicate": {
                "custom_model_data": 126
            },
            "model": "minecraft:item/rings/amethyst_ring"
        },
        {
            "predicate": {
                "custom_model_data": 127
            },
            "model": "minecraft:item/rings/copper_ring"
        },
        {
            "predicate": {
                "custom_model_data": 128
            },
            "model": "minecraft:item/rings/lapis_ring"
        },
        {
            "predicate": {
                "custom_model_data": 129
            },
            "model": "minecraft:item/rings/gold_ring"
        },
        {
            "predicate": {
                "custom_model_data": 130
            },
            "model": "minecraft:item/amulets/obsidian_amulet"
        },
        {
            "predicate": {
                "custom_model_data": 131
            },
            "model": "minecraft:item/amulets/ender_amulet"
        },
        {
            "predicate": {
                "custom_model_data": 132
            },
            "model": "minecraft:item/amulets/heart_amulet"
        },
        {
            "predicate": {
                "custom_model_data": 133
            },
            "model": "minecraft:item/rings/enhanced_ghost_ring"
        },
        {
            "predicate": {
                "custom_model_data": 134
            },
            "model": "minecraft:item/amulets/ruby_amulet"
        },
        {
            "predicate": {
                "custom_model_data": 135
            },
            "model": "minecraft:item/rings/umbrium_ring"
        },
        {
            "predicate": {
                "custom_model_data": 136
            },
            "model": "minecraft:item/amulets/prismarine_amulet"
        }
    ]
}
