{
	"parent": "minecraft:item/generated",
	"textures": {
		"layer0": "minecraft:item/tropical_fish"
	},
	"display": {
		"head": {
			"rotation": [
				0,
				90,
				-60
			],
			"translation": [
				-7,
				-4,
				-7
			],
			"scale": [
				0.8,
				0.8,
				0.8
			]
		}
	},
	"overrides": [
		{
			"predicate": {
				"custom_model_data": 123
			},
			"model": "minecraft:item/fish/goldfish"
		},
		{
			"predicate": {
				"custom_model_data": 124
			},
			"model": "minecraft:item/fish/minnow"
		}
	]
}
