[
    {
        "condition": "entity_properties",
        "entity": "this",
        "predicate": {
            "effects": {
                "invisibility": {
                    "amplifier": 1
                }
            }
        }
    },
    {
        "condition": "alternative",
        "terms": [
            {
                "condition": "entity_scores",
                "entity": "this",
                "scores": {
                    "use_iron_dagger": {
                        "min": 1
                    }
                }
            },
            {
                "condition": "entity_scores",
                "entity": "this",
                "scores": {
                    "use_diamond_dagger": {
                        "min": 1
                    }
                }
            },
            {
                "condition": "entity_scores",
                "entity": "this",
                "scores": {
                    "use_netherite_dagger": {
                        "min": 1
                    }
                }
            }
        ]
    }
]