[
    {
        "condition": "entity_properties",
        "entity": "this",
        "predicate": {
            "effects": {
                "water_breathing": {},
                "conduit_power": {}
            }
        }
    },
    {
        "condition": "alternative",
        "terms": [
            {
                "condition": "entity_scores",
                "entity": "this",
                "scores": {
                    "use_iron_katana": {
                        "min": 1
                    }
                }
            },
            {
                "condition": "entity_scores",
                "entity": "this",
                "scores": {
                    "use_diamond_katana": {
                        "min": 1
                    }
                }
            },
            {
                "condition": "entity_scores",
                "entity": "this",
                "scores": {
                    "use_netherite_katana": {
                        "min": 1
                    }
                }
            }
        ]
    }
]