{
    "condition": "alternative",
    "terms": [
        {
            "condition": "entity_properties",
            "entity": "this",
            "predicate": {
                "nbt": "{HandItems:[{id:\"minecraft:iron_sword\"},{}]}"
            }
        },
        {
            "condition": "entity_properties",
            "entity": "this",
            "predicate": {
                "nbt": "{HandItems:[{id:\"minecraft:diamond_sword\"},{}]}"
            }
        },
        {
            "condition": "entity_properties",
            "entity": "this",
            "predicate": {
                "nbt": "{HandItems:[{id:\"minecraft:netherite_sword\"},{}]}"
            }
        },
        {
            "condition": "entity_properties",
            "entity": "this",
            "predicate": {
                "nbt": "{HandItems:[{},{id:\"minecraft:shield\"}]}"
            }
        }
    ]
}