{
    "condition": "alternative",
    "terms": [
        {
            "condition": "entity_properties",
            "entity": "this",
            "predicate": {
                "nbt": "{SelectedItem:{tag:{Custom:towershield}}}"
            }
        },
        {
            "condition": "entity_properties",
            "entity": "this",
            "predicate": {
                "nbt": "{Inventory:[{Slot:-106b,tag:{Custom:towershield}}]}"
            }
        },
        {
            "condition": "entity_properties",
            "entity": "this",
            "predicate": {
                "nbt": "{SelectedItem:{tag:{Custom:longsword}}}"
            }
        },
        {
            "condition": "entity_properties",
            "entity": "this",
            "predicate": {
                "nbt": "{Inventory:[{Slot:-106b,tag:{Custom:longsword}}]}"
            }
        }
    ]
}