{
    "id": 1006,
    "title": "Diamond platemail",
    "level": 5,
    "type": "",
    "profession": "armorer",
    "task": [
        "submit",
        "minecraft:diamond",
        20,
        "submit",
		"minecraft:lava_bucket",
		2,
		"submit",
		"create:experience_nugget",
		4
		
    ],
    "description": "I'm really not sure how useful a brittle rock is going to be in making armour, but I have a couple of ideas on how to make it stronger",
    "experience": 5,
    "reward": [
        "A special diamond chestplate and helmet",
		"command=/give @s diamond_helmet{display:{Name:'{"text":"Diamond Helmet","italic":false}',Lore:['{"text":"Unique Item","color":"green","italic":false}']},Enchantments:[{id:"minecraft:protection",lvl:1s},{id:"minecraft:unbreaking",lvl:1s}],AttributeModifiers:[{AttributeName:"generic.armor",Name:"generic.armor",Amount:1,Operation:0,UUID:[I;447786335,1613252827,-1182830198,1733101672],Slot:"head"}]} 1",
		"command=/give @s diamond_chestplate{display:{Name:'{"text":"Diamond Chestplate","italic":false}',Lore:['{"text":"Unique Item","color":"green","italic":false}']},Enchantments:[{id:"minecraft:protection",lvl:2s},{id:"minecraft:unbreaking",lvl:1s}],AttributeModifiers:[{AttributeName:"generic.max_health",Name:"generic.max_health",Amount:2,Operation:0,UUID:[I;705593962,1563443911,-1707191259,406592360],Slot:"chest"},{AttributeName:"generic.knockback_resistance",Name:"generic.knockback_resistance",Amount:0.1,Operation:1,UUID:[I;266887615,1647067634,-2106316900,-219043765],Slot:"chest"},{AttributeName:"generic.armor",Name:"generic.armor",Amount:2,Operation:0,UUID:[I;137713693,-1096659071,-1654450797,-1416678219],Slot:"chest"}]} 1"
    ]
}