{
    "id": 1003,
    "title": "Steel platemail",
    "level": 3,
    "type": "",
    "profession": "armorer",
    "task": [
        "submit",
        "minecraft:raw_iron",
        40,
        "submit",
		"minecraft:coal",
		20,
		"submit",
		"create:limestone",
		4
		
    ],
    "description": "Alloying is a pretty important aspect of metallurgy, if you give me the resources, I'll forge you something nice",
    "experience": 5,
    "reward": [
        "A steel chestplate and helmet",
		"command=/give @s immersive_armors:heavy_chestplate{display:{Name:'{"text":"Steel Chestplate","italic":false}',Lore:['{"text":"Unique Item","color":"green","italic":false}']},Enchantments:[{id:"minecraft:protection",lvl:1s},{id:"minecraft:unbreaking",lvl:1s}],AttributeModifiers:[{AttributeName:"generic.movement_speed",Name:"generic.movement_speed",Amount:0.05,Operation:1,UUID:[I;1186794111,868041878,-1582087083,-452948945],Slot:"chest"}]} 1",
		"command=/give @s iron_helmet{display:{Name:'{"text":"Steel Helmet","italic":false}',Lore:['{"text":"Unique Item","color":"green","italic":false}']},Enchantments:[{id:"minecraft:protection",lvl:1s},{id:"minecraft:unbreaking",lvl:1s}],AttributeModifiers:[{AttributeName:"generic.armor",Name:"generic.armor",Amount:2,Operation:0,UUID:[I;1339604482,964184856,-1607000800,987195003],Slot:"head"}]} 1"
    ]
}