{
    "id": 139,
    "title": "The End is near",
    "level": 5,
    "type": "",
    "profession": "armorer",
    "refresh": 1500,
    "task": [
        "submit",
        "minecraft:netherite_chestplate",
        3,
        "submit",
        "minecraft:netherite_leggings",
        3
    ],
    "description": "I've heard that you'll head to the end dimension soon. I bid you safe travels but could you please fulfill this task, for old time's sake?",
    "experience": 100,
    "reward": [
        "numismatic-overhaul:gold_coin",
        20,
        "numismatic-overhaul:silver_coin",
        20
    ]
}