{
    "id": 134,
    "title": "Infiltration",
    "level": 4,
    "type": "fight",
    "profession": "armorer",
    "refresh": 2200,
    "task": [
        "kill",
        "minecraft:pillager",
        10,
        "kill",
        "minecraft:evoker",
        2,
        "kill",
        "minecraft:vindicator",
        5,
        "kill",
        "minecraft:ravager",
        2
    ],
    "description": "We have enough resources to defend, it's time we take the fight to them!",
    "experience": 75,
    "reward": [
        "numismatic-overhaul:gold_coin",
        6,
		"numismatic-overhaul:silver_coin",
        20
    ]
}