{
    "id": 138,
    "title": "Nether projects",
    "level": 5,
    "type": "",
    "profession": "armorer",
    "refresh": 950,
    "task": [
        "submit",
        "minecraft:netherite_helmet",
        1,
        "submit",
        "minecraft:netherite_boots",
        1
    ],
    "description": "Hey there, friend! The villagers have stuck gold! They found netherite but we need better tools to harvest it.",
    "experience": 95,
    "reward": [
        "numismatic-overhaul:gold_coin",
        10,
        "numismatic-overhaul:silver_coin",
        11
    ]
}