{
    "id": 126,
    "title": "Iron efficiency",
    "level": 2,
    "type": "",
    "profession": "armorer",
    "refresh": 900,
    "task": [
        "submit",
        "minecraft:iron_helmet",
        2,
        "submit",
        "minecraft:iron_chestplate",
        2,
        "submit",
		"minecraft:iron_leggings",
        2,
        "submit",
        "minecraft:iron_boots",
        2
    ],
    "description": "The village's armour stock is empty and I need your help. There'll be coin in it for you, as per usual.",
    "reward": [
        "numismatic-overhaul:gold_coin",
        1,
		"numismatic-overhaul:silver_coin",
        10,
        "minecraft:iron_sword",
        1
    ]
}