{
    "id": 133,
    "title": "Armed for battle",
    "level": 4,
    "type": "",
    "profession": "armorer",
    "refresh": 1200,
    "task": [
        "submit",
        "minecraft:diamond_helmet",
        3,
        "submit",
        "minecraft:diamond_boots",
        3,
		"submit",
        "minecraft:shield",
        3
    ],
    "description": "We feel that the pillagers would attack soon, we need more gear for the villagers to prepare.",
    "experience": 60,
    "reward": [
        "numismatic-overhaul:gold_coin",
        8,
		"numismatic-overhaul:silver_coin",
        10
    ]
}