{
    "id": 136,
    "title": "Hellish materials",
    "level": 5,
    "type": "",
    "profession": "armorer",
    "refresh": 600,
    "task": [
        "submit",
        "minecraft:netherrack",
        128,
        "submit",
        "minecraft:quartz",
        32
    ],
    "description": "Thanks to the newly cleared territory, we've been able to procure some new resources. Can you fetch me some extras?",
    "experience": 20,
    "reward": [
        "numismatic-overhaul:silver_coin",
        40
    ]
}