{
    "id": 127,
    "title": "Farming technology",
    "level": 2,
    "type": "",
    "profession": "armorer",
    "refresh": 900,
    "timer": 1000,
    "task": [
        "submit",
        "minecraft:iron_chestplate",
        5
    ],
    "description": "The guards are on a working strike due to lack of replacement armour. Please craft more while I calm them down.",
    "experience": 18,
    "reward": [
        "numismatic-overhaul:silver_coin",
        30,
		"numismatic-overhaul:bronze_coin",
        12
    ]
}