{
    "id": 121,
    "title": "Better tool supplies",
    "level": 1,
    "type": "",
    "profession": "armorer",
    "task": [
        "submit",
        "immersive_armors:warrior_helmet",
        1,
        "submit",
        "immersive_armors:warrior_chestplate",
        1,
		"submit",
        "immersive_armors:warrior_leggings",
        1,
        "submit",
        "immersive_armors:warrior_boots",
        1
    ],
    "description": "Hey there wanderer. I need some more armour, can you help me?",
    "reward": [
        "numismatic-overhaul:silver_coin",
        78
    ]
}