{
    "id": 123,
    "title": "Fight for us",
    "level": 1,
    "type": "fight",
    "profession": "armorer",
    "timer": 700,
    "task": [
        "kill",
        "minecraft:zombie",
        25,
        "kill",
        "minecraft:creeper",
        10
    ],
    "description": "I'm glad that you came. Monsters are impeding my workflow, please teach them a lesson!",
    "experience": 10,
    "reward": [
        "numismatic-overhaul:silver_coin",
        40,
        "minecraft:stone_sword",
        1
    ]
}