{
    "id": 129,
    "title": "Miner's Protection",
    "level": 3,
    "type": "",
    "profession": "armorer",
    "refresh": 950,
    "task": [
        "submit",
        "minecraft:golden_boots",
        2,
        "submit",
        "minecraft:iron_chestplate",
        2,
        "submit",
        "minecraft:iron_boots",
        2
    ],
    "description": "Hello there! The village's Miners wanted new protective equipment so they can venture out deeper into the mines. Can you help me?",
    "reward": [
        "numismatic-overhaul:silver_coin",
        50,
		"numismatic-overhaul:bronze_coin",
        30
    ]
}