{
    "id": 125,
    "title": "Rare commodity",
    "level": 2,
    "type": "",
    "profession": "armorer",
    "refresh": 900,
    "task": [
        "submit",
        "minecraft:chainmail_chestplate",
        1,
        "submit",
        "minecraft:chainmail_leggings",
        1
    ],
    "description": "Hey Wanderer, I am interested in chainmail but my research isn't advanced enough and monsters are tough. Please gather some for me.",
    "experience": 15,
    "reward": [
        "numismatic-overhaul:silver_coin",
        30
    ]
}