[
  {
    "function": "minecraft:copy_nbt",
    "source": {
      "type": "minecraft:storage",
      "source": "modifiers_reforged:item_storage"
    },
    "ops": [
      {
        "source": "AttackDamageFinal",
        "target": "ModifiersReforged.AttackDamageFinal",
        "op": "replace"
      }
    ]
  },
  {
    "function": "minecraft:copy_nbt",
    "source": {
      "type": "minecraft:storage",
      "source": "modifiers_reforged:item_storage"
    },
    "ops": [
      {
        "source": "AttackSpeedFinal",
        "target": "ModifiersReforged.AttackSpeedFinal",
        "op": "replace"
      }
    ]
  }
]
