{
    "pools": [
        {
          "rolls": 1,
          "bonus_rolls": {
            "min": -1,
            "max": 2
          },
          "entries": [
            {
              "type": "minecraft:loot_table",
              "name": "essences:item/common/generichostile",
              "conditions": [
                {
                  "condition": "minecraft:random_chance",
                  "chance": 1.0
                }
              ]
            },
            {
              "type": "minecraft:loot_table",
              "name": "essences:item/common/genericfarm",
              "conditions": [
                {
                  "condition": "minecraft:random_chance",
                  "chance": 1.0
                }
              ]
            }
          ]
        }
    ]
}