[
  {
    "function": "minecraft:copy_nbt",
    "source": "this",
    "ops": [
      {
        "source": "Inventory[{Slot:102b}].tag.ModifiersReforgedDisplay.LoreOriginal",
        "target": "display.Lore",
        "op": "replace"
      }
    ]
  },
  {
    "function": "minecraft:set_lore",
    "entity": "this",
    "lore": [
      {
        "text": "",
        "italic": false
      }
    ],
    "replace": false
  },
  {
    "function": "minecraft:set_lore",
    "entity": "this",
    "lore": [
      {
        "text": "Modifier: ",
        "color": "gray",
        "italic": false,
        "extra": [
          {
            "nbt": "Inventory[{Slot:102b}].tag.ModifiersReforged.Modifier",
            "entity": "@s",
            "color": "#ff967f",
            "bold": true,
            "italic": false
          }
        ]
      }
    ],
    "replace": false,
    "conditions": [
      {
        "condition": "minecraft:entity_properties",
        "entity": "this",
        "predicate": {
          "equipment": {
            "chest": {
              "nbt": "{ModifiersReforged:{ModifierValue:1b}}"
            }
          }
        }
      }
    ]
  },
  {
    "function": "minecraft:set_lore",
    "entity": "this",
    "lore": [
      {
        "text": "Modifier: ",
        "color": "gray",
        "italic": false,
        "extra": [
          {
            "nbt": "Inventory[{Slot:102b}].tag.ModifiersReforged.Modifier",
            "entity": "@s",
            "color": "#ff8ef0",
            "bold": true,
            "italic": false
          }
        ]
      }
    ],
    "replace": false,
    "conditions": [
      {
        "condition": "minecraft:entity_properties",
        "entity": "this",
        "predicate": {
          "equipment": {
            "chest": {
              "nbt": "{ModifiersReforged:{ModifierValue:2b}}"
            }
          }
        }
      }
    ]
  },
  {
    "function": "minecraft:set_lore",
    "entity": "this",
    "lore": [
      {
        "text": "Modifier: ",
        "color": "gray",
        "italic": false,
        "extra": [
          {
            "nbt": "Inventory[{Slot:102b}].tag.ModifiersReforged.Modifier",
            "entity": "@s",
            "color": "#b289ff",
            "bold": true,
            "italic": false
          }
        ]
      }
    ],
    "replace": false,
    "conditions": [
      {
        "condition": "minecraft:entity_properties",
        "entity": "this",
        "predicate": {
          "equipment": {
            "chest": {
              "nbt": "{ModifiersReforged:{ModifierValue:3b}}"
            }
          }
        }
      }
    ]
  },
  {
    "function": "minecraft:set_lore",
    "entity": "this",
    "lore": [
      {
        "text": "Modifier: ",
        "color": "gray",
        "italic": false,
        "extra": [
          {
            "nbt": "Inventory[{Slot:102b}].tag.ModifiersReforged.Modifier",
            "entity": "@s",
            "color": "gray",
            "bold": true,
            "italic": false
          }
        ]
      }
    ],
    "replace": false,
    "conditions": [
      {
        "condition": "minecraft:entity_properties",
        "entity": "this",
        "predicate": {
          "equipment": {
            "chest": {
              "nbt": "{ModifiersReforged:{ModifierValue:4b}}"
            }
          }
        }
      }
    ]
  },
  {
    "function": "minecraft:set_lore",
    "entity": "this",
    "lore": [
      {
        "text": "Modifier: ",
        "color": "gray",
        "italic": false,
        "extra": [
          {
            "nbt": "Inventory[{Slot:102b}].tag.ModifiersReforged.Modifier",
            "entity": "@s",
            "color": "#669eff",
            "bold": true,
            "italic": false
          }
        ]
      }
    ],
    "replace": false,
    "conditions": [
      {
        "condition": "minecraft:entity_properties",
        "entity": "this",
        "predicate": {
          "equipment": {
            "chest": {
              "nbt": "{ModifiersReforged:{ModifierValue:5b}}"
            }
          }
        }
      }
    ]
  },
  {
    "function": "minecraft:set_lore",
    "entity": "this",
    "lore": [
      {
        "text": "Modifier: ",
        "color": "gray",
        "italic": false,
        "extra": [
          {
            "nbt": "Inventory[{Slot:102b}].tag.ModifiersReforged.Modifier",
            "entity": "@s",
            "color": "#54ff70",
            "bold": true,
            "italic": false
          }
        ]
      }
    ],
    "replace": false,
    "conditions": [
      {
        "condition": "minecraft:entity_properties",
        "entity": "this",
        "predicate": {
          "equipment": {
            "chest": {
              "nbt": "{ModifiersReforged:{ModifierValue:6b}}"
            }
          }
        }
      }
    ]
  },
  {
    "function": "minecraft:set_lore",
    "entity": "this",
    "lore": [
      {
        "text": "Modifier: ",
        "color": "gray",
        "italic": false,
        "extra": [
          {
            "nbt": "Inventory[{Slot:102b}].tag.ModifiersReforged.Modifier",
            "entity": "@s",
            "color": "#ffe36b",
            "bold": true,
            "italic": false
          }
        ]
      }
    ],
    "replace": false,
    "conditions": [
      {
        "condition": "minecraft:entity_properties",
        "entity": "this",
        "predicate": {
          "equipment": {
            "chest": {
              "nbt": "{ModifiersReforged:{ModifierValue:7b}}"
            }
          }
        }
      }
    ]
  },
  {
    "function": "minecraft:set_lore",
    "entity": "this",
    "lore": [
      {
        "text": " ",
        "color": "red",
        "italic": false,
        "extra": [
          {
            "nbt": "Inventory[{Slot:102b}].tag.ModifiersReforged.AttackDamageBonus",
            "entity": "@s",
            "extra": [
              {
                "text": " Attack Damage"
              }
            ]
          }
        ]
      }
    ],
    "replace": false,
    "conditions": [
      {
        "condition": "minecraft:value_check",
        "value": {
          "type": "minecraft:score",
          "target": "this",
          "score": "modifiers_reforged.AttackDamageBonus",
          "scale": 1
        },
        "range": {
          "min": -2147483647,
          "max": -1
        }
      }
    ]
  },
  {
    "function": "minecraft:set_lore",
    "entity": "this",
    "lore": [
      {
        "text": " +",
        "color": "blue",
        "italic": false,
        "extra": [
          {
            "nbt": "Inventory[{Slot:102b}].tag.ModifiersReforged.AttackDamageBonus",
            "entity": "@s",
            "extra": [
              {
                "text": " Attack Damage"
              }
            ]
          }
        ]
      }
    ],
    "replace": false,
    "conditions": [
      {
        "condition": "minecraft:value_check",
        "value": {
          "type": "minecraft:score",
          "target": "this",
          "score": "modifiers_reforged.AttackDamageBonus",
          "scale": 1
        },
        "range": {
          "min": 1,
          "max": 2147483647
        }
      }
    ]
  },
  {
    "function": "minecraft:set_lore",
    "entity": "this",
    "lore": [
      {
        "text": " ",
        "color": "red",
        "italic": false,
        "extra": [
          {
            "nbt": "Inventory[{Slot:102b}].tag.ModifiersReforged.AttackSpeedBonus",
            "entity": "@s",
            "extra": [
              {
                "text": " Attack Speed"
              }
            ]
          }
        ]
      }
    ],
    "replace": false,
    "conditions": [
      {
        "condition": "minecraft:value_check",
        "value": {
          "type": "minecraft:score",
          "target": "this",
          "score": "modifiers_reforged.AttackSpeedBonus",
          "scale": 1
        },
        "range": {
          "min": -2147483647,
          "max": -1
        }
      }
    ]
  },
  {
    "function": "minecraft:set_lore",
    "entity": "this",
    "lore": [
      {
        "text": " +",
        "color": "blue",
        "italic": false,
        "extra": [
          {
            "nbt": "Inventory[{Slot:102b}].tag.ModifiersReforged.AttackSpeedBonus",
            "entity": "@s",
            "extra": [
              {
                "text": " Attack Speed"
              }
            ]
          }
        ]
      }
    ],
    "replace": false,
    "conditions": [
      {
        "condition": "minecraft:value_check",
        "value": {
          "type": "minecraft:score",
          "target": "this",
          "score": "modifiers_reforged.AttackSpeedBonus",
          "scale": 1
        },
        "range": {
          "min": 1,
          "max": 2147483647
        }
      }
    ]
  },
  {
    "function": "minecraft:set_lore",
    "entity": "this",
    "lore": [
      {
        "text": " ",
        "color": "red",
        "italic": false,
        "extra": [
          {
            "score": {
              "name": "@s",
              "objective": "modifiers_reforged.MovementSpeedBonus"
            },
            "extra": [
              {
                "text": "% Speed"
              }
            ]
          }
        ]
      }
    ],
    "replace": false,
    "conditions": [
      {
        "condition": "minecraft:value_check",
        "value": {
          "type": "minecraft:score",
          "target": "this",
          "score": "modifiers_reforged.MovementSpeedBonus",
          "scale": 1
        },
        "range": {
          "min": -2147483647,
          "max": -1
        }
      }
    ]
  },
  {
    "function": "minecraft:set_lore",
    "entity": "this",
    "lore": [
      {
        "text": " +",
        "color": "blue",
        "italic": false,
        "extra": [
          {
            "score": {
              "name": "@s",
              "objective": "modifiers_reforged.MovementSpeedBonus"
            },
            "extra": [
              {
                "text": "% Speed"
              }
            ]
          }
        ]
      }
    ],
    "replace": false,
    "conditions": [
      {
        "condition": "minecraft:value_check",
        "value": {
          "type": "minecraft:score",
          "target": "this",
          "score": "modifiers_reforged.MovementSpeedBonus",
          "scale": 1
        },
        "range": {
          "min": 1,
          "max": 2147483647
        }
      }
    ]
  },
  {
    "function": "minecraft:set_lore",
    "entity": "this",
    "lore": [
      {
        "text": " ",
        "color": "red",
        "italic": false,
        "extra": [
          {
            "nbt": "Inventory[{Slot:102b}].tag.ModifiersReforged.ArmorBonus",
            "entity": "@s",
            "extra": [
              {
                "text": " Armor"
              }
            ]
          }
        ]
      }
    ],
    "replace": false,
    "conditions": [
      {
        "condition": "minecraft:value_check",
        "value": {
          "type": "minecraft:score",
          "target": "this",
          "score": "modifiers_reforged.ArmorBonus",
          "scale": 1
        },
        "range": {
          "min": -2147483647,
          "max": -1
        }
      }
    ]
  },
  {
    "function": "minecraft:set_lore",
    "entity": "this",
    "lore": [
      {
        "text": " +",
        "color": "blue",
        "italic": false,
        "extra": [
          {
            "nbt": "Inventory[{Slot:102b}].tag.ModifiersReforged.ArmorBonus",
            "entity": "@s",
            "extra": [
              {
                "text": " Armor"
              }
            ]
          }
        ]
      }
    ],
    "replace": false,
    "conditions": [
      {
        "condition": "minecraft:value_check",
        "value": {
          "type": "minecraft:score",
          "target": "this",
          "score": "modifiers_reforged.ArmorBonus",
          "scale": 1
        },
        "range": {
          "min": 1,
          "max": 2147483647
        }
      }
    ]
  },
  {
    "function": "minecraft:set_lore",
    "entity": "this",
    "lore": [
      {
        "text": " ",
        "color": "red",
        "italic": false,
        "extra": [
          {
            "nbt": "Inventory[{Slot:102b}].tag.ModifiersReforged.ArmorToughnessBonus",
            "entity": "@s",
            "extra": [
              {
                "text": " Armor Toughness"
              }
            ]
          }
        ]
      }
    ],
    "replace": false,
    "conditions": [
      {
        "condition": "minecraft:value_check",
        "value": {
          "type": "minecraft:score",
          "target": "this",
          "score": "modifiers_reforged.ArmorToughnessBonus",
          "scale": 1
        },
        "range": {
          "min": -2147483647,
          "max": -1
        }
      }
    ]
  },
  {
    "function": "minecraft:set_lore",
    "entity": "this",
    "lore": [
      {
        "text": " +",
        "color": "blue",
        "italic": false,
        "extra": [
          {
            "nbt": "Inventory[{Slot:102b}].tag.ModifiersReforged.ArmorToughnessBonus",
            "entity": "@s",
            "extra": [
              {
                "text": " Armor Toughness"
              }
            ]
          }
        ]
      }
    ],
    "replace": false,
    "conditions": [
      {
        "condition": "minecraft:value_check",
        "value": {
          "type": "minecraft:score",
          "target": "this",
          "score": "modifiers_reforged.ArmorToughnessBonus",
          "scale": 1
        },
        "range": {
          "min": 1,
          "max": 2147483647
        }
      }
    ]
  },
  {
    "function": "minecraft:set_lore",
    "entity": "this",
    "lore": [
      {
        "text": " ",
        "color": "red",
        "italic": false,
        "extra": [
          {
            "nbt": "Inventory[{Slot:102b}].tag.ModifiersReforged.LuckBonus",
            "entity": "@s",
            "extra": [
              {
                "text": " Luck"
              }
            ]
          }
        ]
      }
    ],
    "replace": false,
    "conditions": [
      {
        "condition": "minecraft:value_check",
        "value": {
          "type": "minecraft:score",
          "target": "this",
          "score": "modifiers_reforged.LuckBonus",
          "scale": 1
        },
        "range": {
          "min": -2147483647,
          "max": -1
        }
      }
    ]
  },
  {
    "function": "minecraft:set_lore",
    "entity": "this",
    "lore": [
      {
        "text": " +",
        "color": "blue",
        "italic": false,
        "extra": [
          {
            "nbt": "Inventory[{Slot:102b}].tag.ModifiersReforged.LuckBonus",
            "entity": "@s",
            "extra": [
              {
                "text": " Luck"
              }
            ]
          }
        ]
      }
    ],
    "replace": false,
    "conditions": [
      {
        "condition": "minecraft:value_check",
        "value": {
          "type": "minecraft:score",
          "target": "this",
          "score": "modifiers_reforged.LuckBonus",
          "scale": 1
        },
        "range": {
          "min": 1,
          "max": 2147483647
        }
      }
    ]
  }
]
