[
    {
        "function": "minecraft:set_attributes",
        "modifiers": [
            {
                "attribute": "minecraft:generic.attack_speed",
                "name": "-10%",
                "amount": -0.1,
                "operation": "multiply_total",
                "slot": [
                    "offhand"
                ]
            }
        ]
    },
    {
        "function": "minecraft:set_lore",
        "entity": "this",
        "lore": [
            {
                "color": "gray",
                "italic": true,
                "translate": "item_mod.essrpg.fight.fminghoe.1.lore.0"
            },
            {
                "color": "red",
                "italic": true,
                "translate": "item_mod.essrpg.fight.fminghoe.1.lore.1"
            },
            {
                "color": "red",
                "italic": true,
                "translate": "item_mod.essrpg.fight.fminghoe.1.lore.2"
            }
        ]
    }
]