[
    {
        "condition": "minecraft:entity_properties",
        "entity": "this",
        "predicate": {
            "nbt": "{VillagerData:{profession:\"minecraft:toolsmith\"}}"
        }
    },
    {
        "condition": "minecraft:alternative",
        "terms": [
            {
                "condition": "minecraft:entity_properties",
                "entity": "this",
                "predicate": {
                    "nbt": "{VillagerData:{level:3}}"
                }
            },
            {
                "condition": "minecraft:entity_properties",
                "entity": "this",
                "predicate": {
                    "nbt": "{VillagerData:{level:4}}"
                }
            },
            {
                "condition": "minecraft:entity_properties",
                "entity": "this",
                "predicate": {
                    "nbt": "{VillagerData:{level:5}}"
                }
            }
        ]
    }
]