{
    "display": {
        "title": {
            "text": "Call of Affliction",
            "color": "dark_red",
            "bold": true,
            "italic": true
        },
        "description": {
            "text": "Corrupt your Essence with a terrible power."
        },
        "icon": {
            "item": "minecraft:rotten_flesh"
        },
        "frame": "task",
        "show_toast": true,
        "announce_to_chat": false,
        "hidden": true
    },
    "criteria": {
        "affliction": {
            "trigger": "minecraft:impossible"
        }
    },
    "parent": "essences:root"
}