{
    "display": {
        "title": {
            "text": "Ill Fated",
            "color": "dark_purple",
            "bold": true,
            "italic": true
        },
        "description": {
            "text": "Defeat the Ascendant."
        },
        "icon": {
            "item": "minecraft:carrot_on_a_stick",
            "nbt": "{CustomModelData:410029}"
        },
        "frame": "challenge",
        "show_toast": true,
        "announce_to_chat": true,
        "hidden": true
    },
    "criteria": {
        "killboss1": {
            "trigger": "minecraft:impossible"
        }
    },
    "parent": "essences:es_find_unformed"
}