{
    "display": {
        "title": {
            "text": "Savior of the Coalescence",
            "color": "gold",
            "bold": true,
            "italic": true
        },
        "description": {
            "text": "The Ascendant's work is done."
        },
        "icon": {
            "item": "minecraft:carrot_on_a_stick",
            "nbt": "{CustomModelData:410040,Enchantments:[{}]}"
        },
        "frame": "challenge",
        "show_toast": true,
        "announce_to_chat": true,
        "hidden": true
    },
    "criteria": {
        "eskillboss2molten": {
            "trigger": "minecraft:impossible"
        }
    },
    "parent": "essences:es_kill_boss2"
}