{
    "display": {
        "title": {
            "text": "Violent Affliction",
            "color": "dark_red",
            "bold": true,
            "italic": true
        },
        "description": {
            "text": "Kill the Defiler.",
            "obfuscated": true
        },
        "icon": {
            "item": "minecraft:carrot_on_a_stick",
            "nbt": "{CustomModelData:410040}"
        },
        "frame": "challenge",
        "show_toast": true,
        "announce_to_chat": true,
        "hidden": true
    },
    "criteria": {
        "killboss2": {
            "trigger": "minecraft:impossible"
        }
    },
    "parent": "essences:es_affliction_get"
}