{
    "display": {
        "title": {
            "text": "Champion of Essence",
            "color": "gold",
            "bold": false,
            "italic": false,
            "obfuscated": false
        },
        "description": {
            "text": "Set rise to a new day.",
            "color": "green",
            "italic": false
        },
        "icon": {
            "item": "minecraft:structure_block",
            "nbt": "{CustomModelData:410001,Enchantments:[{}]}"
        },
        "frame": "task",
        "show_toast": false,
        "announce_to_chat": false,
        "hidden": false,
        "background": "minecraft:textures/block/gray_concrete.png"
    },
    "criteria": {
        "tick": {
            "trigger": "minecraft:tick"
        }
    }
}