{
    "criteria": {
      "requirement": {
        "trigger": "minecraft:inventory_changed",
        "conditions": {
          "player": [
            {
              "condition": "minecraft:entity_properties",
              "entity": "this",
              "predicate": {
                "equipment": {
                  "mainhand": {
                    "count": {
                      "min": 1
                    }
                  },
                  "offhand": {
                    "count": {
                      "min": 1
                    }
                  }
                }
              }
            }
          ]
        }
      }
    },
    "rewards": {
      "function": "essences:player/input/swapdetect"
    }
  }