[
    {
      "function": "minecraft:set_lore",
      "entity": "this",
      "lore": [
        {
          "translate": "item.essrpg.relic.newhof.uniqueslot1",
          "with": [
              {
                  "text": "\u2BEA",
                  "font": "erpg:gemslots",
                  "color": "white",
                  "bold": false
              }
          ],
          "color": "gold",
          "italic": false,
          "bold": true
        },
        {
          "translate": "item.essrpg.relic.newhof.uniqueslot1.0",
          "color": "gray",
          "italic": false,
          "bold": true
        },
        {
          "translate": "item.essrpg.relic.newhof.uniqueslot1.1",
          "color": "gray",
          "italic": false,
          "bold": false
        },
        {
          "translate": "item.essrpg.relic.newhof.uniqueslot1.2",
          "color": "gray",
          "italic": false,
          "bold": false
        }
      ],
      "replace": false
    }
  ]