{
	"processors": [
		{
			"processor_type": "minecraft:rule",
			"rules": [
				{
					"location_predicate": {
						"predicate_type": "minecraft:block_match",
						"block": "minecraft:bedrock"
					},
					"input_predicate": {
						"predicate_type": "minecraft:block_match",
						"block": "minecraft:air"
					},
					"output_state": {
						"Name": "minecraft:bedrock"
					}
				},
				{
					"location_predicate": {
						"predicate_type": "minecraft:always_true"
					},
					"input_predicate": {
						"predicate_type": "minecraft:random_block_match",
						"block": "minecraft:deepslate_bricks",
						"probability": 0.05
					},
					"output_state": {
						"Name": "minecraft:cracked_deepslate_bricks"
					}
				}
			]
		}
	]
}
