{
  "type": "survivalexpansion:the_dreadlands",
  "generator": {
    "type": "minecraft:noise",
    "settings": "minecraft:overworld",
    "biome_source": {
      "type": "minecraft:multi_noise",
      "biomes": [
        {
          "biome": "survivalexpansion:the_dreadlands",
          "parameters": {
            "temperature": 2,
            "humidity": 0.4,
            "continentalness": 0,
            "erosion": 0,
            "weirdness": 0,
            "depth": 0,
            "offset": 0
          }
        },
        {
          "biome": "survivalexpansion:withered_plains",
          "parameters": {
            "temperature": 2,
            "humidity": 0.5,
            "continentalness": 0,
            "erosion": 0,
            "weirdness": 0,
            "depth": 0,
            "offset": 0
          }
        },
        {
          "biome": "survivalexpansion:crimson_dreadlands",
          "parameters": {
            "temperature": 2,
            "humidity": 0.6,
            "continentalness": 0,
            "erosion": 0,
            "weirdness": 0,
            "depth": 0,
            "offset": 0
          }
        }
      ]
    }
  }
}
