{
  "temperature": 0.2,
  "downfall": 1,
  "precipitation": "snow",
  "temperature_modifier": "frozen",
  "creature_spawn_probability": 1,
  "effects": {
    "sky_color": 11134462,
    "fog_color": 6422527,
    "water_color": 8732633,
    "water_fog_color": 329011,
    "grass_color": 16777215,
    "foliage_color": 16777215,
    "grass_color_modifier": "none",
    "particle": {
      "options": {
        "type": "minecraft:snowflake"
      },
      "probability": 0.2
    }
  },
  "spawners": {
    "monster": [
      {
        "type": "minecraft:stray",
        "weight": 1,
        "minCount": 0,
        "maxCount": 100
      }
    ]
  },
  "spawn_costs": {},
  "carvers": {
    "air": [
      "minecraft:cave"
    ]
  },
  "features": [
    [
      "minecraft:patch_grass_forest",
      "minecraft:flower_forest_flowers",
      "minecraft:trees_plains",
      "minecraft:patch_dead_bush"
    ]
  ]
}
