{
  "temperature": 1,
  "downfall": 0.4,
  "precipitation": "none",
  "temperature_modifier": "none",
  "creature_spawn_probability": 1,
  "effects": {
    "sky_color": 4210752,
    "fog_color": 2171169,
    "water_color": 5046276,
    "water_fog_color": 3343621,
    "grass_color": 9043975,
    "foliage_color": 10169388,
    "grass_color_modifier": "none"
  },
  "spawners": {
    "monster": [
      {
        "type": "minecraft:husk",
        "weight": 1,
        "minCount": 0,
        "maxCount": 30
      }
    ]
  },
  "spawn_costs": {},
  "carvers": {
    "air": [
      "minecraft:cave"
    ]
  },
  "features": [
    [
      "minecraft:fossil_upper",
      "minecraft:trees_windswept_savanna",
      "minecraft:patch_grass_savanna"
    ]
  ]
}
