{
  "temperature": 0.4,
  "downfall": 0.7,
  "precipitation": "snow",
  "temperature_modifier": "frozen",
  "creature_spawn_probability": 1,
  "effects": {
    "sky_color": 2059775,
    "fog_color": 6422527,
    "water_color": 8732633,
    "water_fog_color": 329011,
    "grass_color": 65518,
    "foliage_color": 4390911,
    "grass_color_modifier": "none"
  },
  "spawners": {
    "monster": [
      {
        "type": "minecraft:stray",
        "weight": 1,
        "minCount": 0,
        "maxCount": 100
      }
    ]
  },
  "spawn_costs": {},
  "carvers": {
    "air": [
      "minecraft:cave"
    ]
  },
  "features": [
    [
      "minecraft:patch_grass_forest",
      "minecraft:flower_forest_flowers",
      "minecraft:trees_savanna"
    ]
  ]
}
