{
  "temperature": 1,
  "downfall": 0.4,
  "precipitation": "none",
  "temperature_modifier": "none",
  "creature_spawn_probability": 1,
  "effects": {
    "sky_color": 4210752,
    "fog_color": 2171169,
    "water_color": 5789817,
    "water_fog_color": 2299451,
    "grass_color": 12105912,
    "foliage_color": 12105912,
    "grass_color_modifier": "none",
    "particle": {
      "options": {
        "type": "minecraft:ash"
      },
      "probability": 0.5
    }
  },
  "spawners": {
    "monster": [
      {
        "type": "minecraft:skeleton",
        "weight": 1,
        "minCount": 0,
        "maxCount": 100
      }
    ]
  },
  "spawn_costs": {},
  "carvers": {
    "air": [
      "minecraft:cave"
    ]
  },
  "features": [
    [
      "minecraft:trees_windswept_savanna",
      "minecraft:patch_grass_savanna",
      "minecraft:patch_dead_bush"
    ]
  ]
}
