{
    "id": 177,
    "title": "Wrap your hands!",
    "level": 2,
    "type": "",
    "profession": "cleric",
    "refresh": 900,
    "task": [
        "submit",
        "extraalchemy:empty_vial",
        32
    ],
    "description": "According to the pillager's research, we can drastically reduce the potion drinking time if we sacrifice the bottle. Can you make the prototype flasks?",
    "experience": 10,
    "reward": [
        "numismatic-overhaul:silver_coin",
        3
    ]
}