{
    "id": 181,
    "title": "Proper brewery",
    "level": 4,
    "type": "",
    "profession": "cleric",
    "refresh": 900,
    "task": [
        "submit",
        "create:basin",
        4,
        "submit",
        "create:mechanical_mixer",
        4,
		"submit",
        "create:wrench",
        1,
		"submit",
        "create:spout",
        1
    ],
    "description": "I've been thinking of a way to make potionbrewing more efficient. I will need to make an automated industrial mixing setup to achieve this. Economies of scale!",
    "experience": 10,
    "reward": [
        "numismatic-overhaul:silver_coin",
        20
    ]
}