{
    "id": 183,
    "title": "Plagiarism",
    "level": 5,
    "type": "",
    "profession": "cleric",
    "refresh": 900,
    "task": [
        "submit",
        "minecraft:totem_of_undying",
        2,
        "submit"
    ],
    "description": "Once you bring back some totems of undying, we can unravel the pillager's secrets and beat them at their own game! Once we beat them to a pulp using immortal warriors. Please, provide us with these things, not only I, but the village will pay you handsomely.",
    "experience": 10,
    "reward": [
        "numismatic-overhaul:gold_coin",
        21,
		"numismatic-overhaul:gold_coin",
        60
    ]
}