{
    "id": 174,
    "title": "Potion brewing?",
    "level": 0,
    "type": "",
    "profession": "cleric",
    "refresh": 900,
    "task": [
        "submit",
        "minecraft:glass_bottle",
        32,
        "submit",
        "minecraft:glistering_melon_slice",
        8
    ],
    "description": "Hello! I'm a cleric around here. We're funded directly by the village and are the primary researchers for military and medical advancement. I'd like you to get me some extra bottles and glistering melon slices.",
    "experience": 10,
    "reward": [
        "numismatic-overhaul:silver_coin",
        15
    ]
}