{
    "id": 179,
    "title": "Runecraft",
    "level": 3,
    "type": "",
    "profession": "cleric",
    "refresh": 900,
    "task": [
        "submit",
        "simplyswords:runic_tablet",
        1
    ],
    "description": "You, yes, you. I need you to fetch me two runic tablets, I think I've found a method to decypher and recreate them! But I need two real ones to try it out, in case one breaks.",
    "experience": 10,
    "reward": [
        "numismatic-overhaul:gold_coin",
        1
    ]
}