{
    "id": 173,
    "title": "Materials and you",
    "level": 0,
    "type": "",
    "profession": "cleric",
    "refresh": 900,
    "task": [
        "submit",
        "minecraft:heart_of_the_sea",
        1
    ],
    "description": "If my colleague hasn't informed you yet, I'm part of the cleric guild. We're the leaders of mystical innovation for military and medical purposes. We're directly funded by the village, so we can pay handsomely when we need exotic goods, like the heart of the sea I need!",
    "experience": 10,
    "reward": [
        "numismatic-overhaul:gold_coin",
        1
    ]
}