{
    "id": 183,
    "title": "Holy talisman",
    "level": 5,
    "type": "",
    "profession": "cleric",
    "refresh": 900,
    "task": [
        "submit",
        "numismatic-overhaul:gold_coin",
        10
    ],
    "description": "Scouts have found this magical artifact from a dungeon. Unfortunately, it's too complex for me to ponder its intention. I'm willing to give it to you.. for a price",
    "experience": 100,
    "reward": [
        "endrem:evil_eye",
        1
    ]
}