{
    "id": 180,
    "title": "Nethering heights",
    "level": 3,
    "type": "",
    "profession": "cleric",
    "refresh": 900,
    "task": [
        "submit",
        "minecraft:glowstone",
        32,
        "submit",
        "minecraft:nether_wart",
        58
    ],
    "description": "We've noticed you opened a portal to the Nether recently, would you mind foraging some supplies for potion experimentation?",
    "experience": 10,
    "reward": [
        "numismatic-overhaul:silver_coin",
        20
    ]
}