{
    "id": 182,
    "title": "Getting the pipes fixed",
    "level": 4,
    "type": "",
    "profession": "cleric",
    "refresh": 900,
    "task": [
        "submit",
        "create:fluid_pipe",
        30,
        "submit",
        "create:mechanical_pump",
        4
    ],
    "description": "Some of the pipes sprung a leak which caused the pumps to run dry. All of them broke and will need to be replaced. Can you make some replacement units for me?",
    "experience": 10,
    "reward": [
        "numismatic-overhaul:silver_coin",
        20
    ]
}