{
    "id": 178,
    "title": "Heart attack",
    "level": 2,
    "type": "",
    "profession": "cleric",
    "refresh": 900,
    "task": [
        "submit",
        "victus:blank_heart_aspect",
        1
    ],
    "description": "I've found a book about harvesting hearts and using them to aid yourself in battle, but it's hard to read without having a spare heart to experiment on. Can you fetch me a blank heart aspect?",
    "experience": 10,
    "reward": [
        "numismatic-overhaul:gold_coin",
        3
    ]
}