{
    "id": 176,
    "title": "Mystical beginnings",
    "level": 1,
    "type": "",
    "profession": "cleric",
    "refresh": 900,
    "task": [
        "submit",
        "minecraft:amethyst_shard",
        8,
        "submit",
        "minecraft:lapis_lazuli",
        24
    ],
    "description": "We clerics are working on the next big thing: mysticism! To help us with this, we need you to get us some amethyst shards for their magical potency, and lapis lazuli for its innate mystical allure.",
    "experience": 10,
    "reward": [
        "numismatic-overhaul:silver_coin",
        30
    ]
}