{
    "id": 175,
    "title": "Research",
    "level": 1,
    "type": "",
    "profession": "cleric",
    "refresh": 900,
    "task": [
        "submit",
        "minecraft:ender_pearl",
        8,
		"submit",
        "minecraft:paper",
        32,
        "submit",
        "minecraft:slime_ball",
        8
    ],
    "description": "Welcome back! I'm in need of you once more; I need you to fetch me some ender pearls, slime balls and paper. I've ran out of research materials again!",
    "experience": 10,
    "reward": [
        "numismatic-overhaul:silver_coin",
        10
    ]
}