[
    {
      "function": "minecraft:set_lore",
      "entity": "this",
      "lore": [
        {
          "translate": "item.essrpg.relic.resplendent",
          "with": [
              {
                  "text": "\u2BEA",
                  "font": "erpg:gemslots",
                  "color": "white"
              },
              {
                  "text": "\u2BE9",
                  "font": "erpg:gemslots",
                  "color": "white"
              },
              {
                  "text": "\u2BE9",
                  "font": "erpg:gemslots",
                  "color": "white"
              },
              {
                  "text": "\u2BE9",
                  "font": "erpg:gemslots",
                  "color": "white"
              }
          ],
          "color": "gray",
          "italic": false
        }
      ],
      "replace": false
    }
  ]