[
    {
        "function": "minecraft:set_attributes",
        "modifiers": [
            {
                "attribute": "minecraft:generic.attack_speed",
                "name": "-2.85",
                "amount": -2.85,
                "operation": "addition",
                "slot": "mainhand"
            },
            {
                "attribute": "minecraft:generic.attack_damage",
                "name": "9",
                "amount": 8,
                "operation": "addition",
                "slot": "mainhand"
            }
        ]
    },
    {
        "function": "minecraft:set_lore",
        "entity": "this",
        "lore": [
            {
                "color": "gray",
                "italic": true,
                "translate": "item_mod.essrpg.fight.fmaxhunt.1.lore.0"
            },
            {
                "color": "red",
                "italic": true,
                "translate": "item_mod.essrpg.fight.fmaxhunt.1.lore.1"
            },
            {
                "color": "red",
                "italic": true,
                "translate": "item_mod.essrpg.fight.fmaxhunt.1.lore.2"
            },
            {
                "color": "red",
                "italic": true,
                "translate": "item_mod.essrpg.fight.fmaxhunt.1.lore.3"
            },
            {
                "color": "red",
                "italic": true,
                "translate": "item_mod.essrpg.fight.fmaxhunt.1.lore.4"
            },
            {
                "color": "red",
                "italic": true,
                "translate": "item_mod.essrpg.fight.fmaxhunt.1.lore.5"
            }
        ]
    }
]