{
	"feature": "ethrium:cave/enchanted_tendrils",
	"placement": [
		{
			"type": "minecraft:count",
			"count": 50
		},
		{
			"type": "minecraft:in_square"
		},
		{
			"type": "minecraft:height_range",
			"height": {
				"type": "minecraft:uniform",
				"min_inclusive": {
					"above_bottom": 0
				},
				"max_inclusive": {
					"absolute": 256
				}
			}
		},
		{
			"type": "minecraft:environment_scan",
			"direction_of_search": "up",
			"max_steps": 12,
			"target_condition": {
				"type": "minecraft:has_sturdy_face",
				"direction": "down"
			},
			"allowed_search_condition": {
				"type": "minecraft:matching_blocks",
				"blocks": [
					"minecraft:air"
				]
			}
		},
		{
			"type": "minecraft:random_offset",
			"xz_spread": 0,
			"y_spread": -1
		},
		{
			"type": "minecraft:biome"
		}
	]
}
