{
  "type": "minecraft:simple_random_selector",
  "config": {
    "features": [
      {
        "feature": {
          "type": "minecraft:simple_block",
          "config": {
            "to_place": {
              "type": "minecraft:weighted_state_provider",
              "entries": [
                {
                  "weight": 1,
                  "data": {
                    "Name": "minecraft:amethyst_cluster",
                    "Properties": {
                      "facing": "up",
                      "waterlogged": "true"
                    }
                  }
                },
                {
                  "weight": 2,
                  "data": {
                    "Name": "minecraft:medium_amethyst_bud",
                    "Properties": {
                      "facing": "up",
                      "waterlogged": "true"
                    }
                  }
                },
                {
                  "weight": 2,
                  "data": {
                    "Name": "minecraft:large_amethyst_bud",
                    "Properties": {
                      "facing": "up",
                      "waterlogged": "true"
                    }
                  }
                },
                {
                  "weight": 1,
                  "data": {
                    "Name": "minecraft:small_amethyst_bud",
                    "Properties": {
                      "facing": "up",
                      "waterlogged": "true"
                    }
                  }
                }
              ]
            }
          }
        },
        "placement": []
      }
    ]
  }
}
