{
  "type": "minecraft:huge_fungus",
  "config": {
    "hat_state": {
      "Name": "minecraft:shroomlight"
    },
    "decor_state": {
      "Name": "minecraft:shroomlight"
    },
    "stem_state": {
      "Name": "minecraft:mushroom_stem",
      "Properties": {
        "down": "false",
        "east": "true",
        "north": "true",
        "south": "true",
        "up": "false",
        "west": "true"
      }
    },
    "valid_base_block": {
      "Name": "minecraft:clay"
    },
    "planted": false
  }
}
