{
  "type": "minecraft:block_column",
  "config": {
    "direction": "up",
    "allowed_placement": {
      "type": "minecraft:matching_blocks",
      "blocks": "minecraft:air"
    },
    "prioritize_tip": true,
    "layers": [
      {
        "height": {
          "type": "minecraft:weighted_list",
          "distribution": [
            {
              "weight": 2,
              "data": {
                "type": "minecraft:uniform",
                "value": {
                  "min_inclusive": 1,
                  "max_inclusive": 3
                }
              }
            },
            {
              "weight": 3,
              "data": {
                "type": "minecraft:uniform",
                "value": {
                  "min_inclusive": 1,
                  "max_inclusive": 2
                }
              }
            }
          ]
        },
        "provider": {
          "type": "minecraft:simple_state_provider",
          "state": {
            "Name": "minecraft:birch_fence",
            "Properties": {
              "east": "false",
              "north": "false",
              "south": "false",
              "waterlogged": "false",
              "west": "false"
            }
          }
        }
      },
      {
        "height": 1,
        "provider": {
          "type": "minecraft:simple_state_provider",
          "state": {
            "Name": "minecraft:shroomlight"
          }
        }
      }
    ]
  }
}
