{
  "type": "minecraft:block_column",
  "config": {
    "direction": "down",
    "allowed_placement": {
      "type": "minecraft:matching_blocks",
      "blocks": "minecraft:air"
    },
    "prioritize_tip": true,
    "layers": [
      {
        "height": {
          "type": "minecraft:weighted_list",
          "distribution": [
            {
              "weight": 2,
              "data": {
                "type": "minecraft:uniform",
                "value": {
                  "min_inclusive": 0,
                  "max_inclusive": 19
                }
              }
            },
            {
              "weight": 3,
              "data": {
                "type": "minecraft:uniform",
                "value": {
                  "min_inclusive": 0,
                  "max_inclusive": 2
                }
              }
            },
            {
              "weight": 10,
              "data": {
                "type": "minecraft:uniform",
                "value": {
                  "min_inclusive": 0,
                  "max_inclusive": 6
                }
              }
            }
          ]
        },
        "provider": {
          "type": "minecraft:weighted_state_provider",
          "entries": [
            {
              "weight": 1,
              "data": {
                "Name": "minecraft:pearlescent_froglight",
                "Properties": {
                  "axis": "y"
                }
              }
            },
            {
              "weight": 1,
              "data": {
                "Name": "minecraft:ochre_froglight",
                "Properties": {
                  "axis": "y"
                }
              }
            },
            {
              "weight": 1,
              "data": {
                "Name": "minecraft:sea_lantern"
              }
            },
            {
              "weight": 1,
              "data": {
                "Name": "minecraft:verdant_froglight",
                "Properties": {
                  "axis": "y"
                }
              }
            }
          ]
        }
      },
      {
        "height": 1,
        "provider": {
          "type": "minecraft:simple_state_provider",
          "state": {
            "Name": "minecraft:ochre_froglight",
            "Properties": {
              "axis": "y"
            }
          }
        }
      }
    ]
  }
}
