{
  "type": "minecraft:random_selector",
  "config": {
    "features": [
      {
        "chance": 0.01,
        "feature": "minecraft:bamboo_light"
      },
      {
        "chance": 0.1,
        "feature": "minecraft:birch_checked"
      },
      {
        "chance": 0.1,
        "feature": "minecraft:dark_oak_checked"
      },
      {
        "chance": 0.1,
        "feature": "minecraft:acacia_checked"
      },
      {
        "chance": 0.1,
        "feature": "minecraft:rooted_azalea_tree"
      },
      {
        "chance": 0.1,
        "feature": "minecraft:mangrove_checked"
      },
      {
        "chance": 0.1,
        "feature": "minecraft:tall_mangrove_checked"
      },
      {
        "chance": 0.1,
        "feature": "minecraft:oak_checked"
      },
      {
        "chance": 0.1,
        "feature": "minecraft:fancy_oak_checked"
      },
      {
        "chance": 0.1,
        "feature": "minecraft:jungle_bush"
      },
      {
        "chance": 0.1,
        "feature": "minecraft:mega_jungle_tree_checked"
      }
    ],
    "default": "minecraft:jungle_tree"
  }
}
