{
	"type": "minecraft:block_column",
	"config": {
		"direction": "up",
		"allowed_placement": {
			"type": "minecraft:matching_blocks",
			"blocks": [
				"minecraft:air"
			]
		},
		"prioritize_tip": true,
		"layers": [
			{
				"height": {
					"type": "minecraft:weighted_list",
					"distribution": [
						{
							"weight": 8,
							"data": {
								"type": "minecraft:uniform",
								"value": {
									"min_inclusive": 0,
									"max_inclusive": 12
								}
							}
						},
						{
							"weight": 3,
							"data": {
								"type": "minecraft:uniform",
								"value": {
									"min_inclusive": 0,
									"max_inclusive": 2
								}
							}
						},
						{
							"weight": 10,
							"data": {
								"type": "minecraft:uniform",
								"value": {
									"min_inclusive": 0,
									"max_inclusive": 6
								}
							}
						}
					]
				},
				"provider": {
					"type": "minecraft:simple_state_provider",
					"state": {
						"Name": "minecraft:ice"
					}
				}
			}
		]
	}
}
