{
  "type": "minecraft:tree",
  "config": {
    "ignore_vines": true,
    "force_dirt": false,
    "minimum_size": {
      "type": "minecraft:three_layers_feature_size",
      "limit": 1,
      "upper_limit": 1,
      "lower_size": 1,
      "middle_size": 1,
      "upper_size": 2
    },
    "dirt_provider": {
      "type": "minecraft:simple_state_provider",
      "state": {
        "Name": "minecraft:air"
      }
    },
    "trunk_provider": {
      "type": "minecraft:simple_state_provider",
      "state": {
        "Name": "minecraft:stripped_acacia_log",
        "Properties": {
          "axis": "y"
        }
      }
    },
    "foliage_provider": {
      "type": "minecraft:simple_state_provider",
      "state": {
        "Name": "minecraft:mangrove_leaves",
        "Properties": {
          "distance": "7",
          "persistent": "true",
          "waterlogged": "false"
        }
      }
    },
    "root_placer": {
      "type": "minecraft:mangrove_root_placer",
      "root_provider": {
        "type": "minecraft:simple_state_provider",
        "state": {
          "Name": "minecraft:stripped_acacia_wood",
          "Properties": {
            "axis": "y"
          }
        }
      },
      "trunk_offset_y": {
        "type": "minecraft:uniform",
        "value": {
          "min_inclusive": 4,
          "max_inclusive": 8
        }
      },
      "mangrove_root_placement": {
        "max_root_width": 3,
        "max_root_length": 5,
        "random_skew_chance": 0.2,
        "can_grow_through": "#minecraft:mangrove_roots_can_grow_through",
        "muddy_roots_in": "minecraft:mud",
        "muddy_roots_provider": {
          "type": "minecraft:simple_state_provider",
          "state": {
            "Name": "minecraft:stripped_acacia_log",
            "Properties": {
              "axis": "y"
            }
          }
        }
      }
    },
    "trunk_placer": {
      "type": "minecraft:forking_trunk_placer",
      "base_height": 8,
      "height_rand_a": 7,
      "height_rand_b": 10
    },
    "foliage_placer": {
      "type": "minecraft:fancy_foliage_placer",
      "radius": {
        "type": "minecraft:uniform",
        "value": {
          "min_inclusive": 2,
          "max_inclusive": 4
        }
      },
      "offset": 0,
      "height": 2
    },
    "decorators": [
      {
        "type": "minecraft:leave_vine",
        "probability": 0.5
      },
      {
        "type": "minecraft:attached_to_leaves",
        "probability": 0.7,
        "exclusion_radius_xz": 0,
        "exclusion_radius_y": 0,
        "required_empty_blocks": 1,
        "block_provider": {
          "type": "minecraft:simple_state_provider",
          "state": {
            "Name": "minecraft:shroomlight"
          }
        },
        "directions": [
          "down"
        ]
      }
    ]
  }
}
