{
    "id": 68,
    "title": "Casin point",
    "level": 5,
    "type": "",
    "profession": "mason",
    "refresh": 900,
    "task": [
        "submit",
        "create:brass_casing",
        30,
        "submit",
        "create:railway_casing",
        30
    ],
    "description": "I've read books about sturdy materials being able to be reinforced with lava to make a type of playing. I would like to observe the structural rigidity of this playing and compare it with brass casings, please, assist me in gathering the required materials.",
    "experience": 55,
    "reward": [
        "numismatic-overhaul:gold_coin",
        2,
		"numismatic-overhaul:silver_coin",
        20
    ]
}