{
    "id": 63,
    "title": "Forgemastery",
    "level": 2,
    "type": "",
    "profession": "mason",
    "refresh": 900,
    "task": [
        "submit",
        "alloy_forgery:deepslate_bricks_forge_controller",
        1,
        "submit",
        "alloy_forgery:bricks_forge_controller",
        1
    ],
    "description": "I've been needing more forges to keep up with the demand, can you bring me some forge controllers?",
    "experience": 15,
    "reward": [
        "numismatic-overhaul:silver_coin",
        80
    ]
}