{
    "id": 66,
    "title": "Amethyst research",
    "level": 4,
    "type": "",
    "profession": "mason",
    "refresh": 900,
    "task": [
        "submit",
        "minecraft:amethyst_block",
        20,
        "submit",
        "minecraft:amethyst_shard",
        12
    ],
    "description": "Hello, I'd like to start investigating the usefulness of amethysts in construction. Could you fetch some for me?",
    "experience": 45,
    "reward": [
        "numismatic-overhaul:gold_coin",
        1,
        "numismatic-overhaul:silver_coin",
        90
    ]
}