{
    "id": 58,
    "title": "Sticks and Stones",
    "level": 0,
    "type": "",
    "profession": "mason",
    "refresh": 900,
    "task": [
        "submit",
        "minecraft:stick",
        32,
        "submit",
        "minecraft:stone",
        32
    ],
    "description": "Hello stranger, I need more stone and sticks for my next builds. Please bring me some.",
    "experience": 10,
    "reward": [
        "numismatic-overhaul:silver_coin",
        8,
        "numismatic-overhaul:bronze_coin",
        60
    ]
}