{
    "id": 62,
    "title": "Lapidary expansion",
    "level": 2,
    "type": "",
    "profession": "mason",
    "refresh": 900,
    "task": [
        "submit",
        "minecraft:granite",
        128,
		"submit",
        "minecraft:andesite",
        128,
        "submit",
        "minecraft:deepslate",
        64
    ],
    "description": "I've been in need for more types of rock again. Please fetch some for me.",
    "experience": 15,
    "reward": [
        "numismatic-overhaul:gold_coin",
        1,
        "numismatic-overhaul:silver_coin",
        30
    ]
}