{
    "id": 64,
    "title": "Rock collection I",
    "level": 3,
    "type": "",
    "profession": "mason",
    "refresh": 900,
    "task": [
        "submit",
        "create:asurine",
        128,
		"submit",
        "minecraft:tuff",
        128,
		"submit",
        "minecraft:deepslate",
        128,
        "submit",
        "minecraft:calcite",
        128
    ],
    "description": "",
    "experience": 25,
    "reward": [
        "numismatic-overhaul:gold_coin",
        2,
        "numismatic-overhaul:silver_coin",
        30
    ]
}