{
    "id": 59,
    "title": "Rocky roads",
    "level": 0,
    "type": "",
    "profession": "mason",
    "refresh": 900,
    "task": [
        "submit",
        "minecraft:cobblestone",
        32,
        "submit",
        "minecraft:stone",
        32
    ],
    "description": "Hello stranger, I need more stone for my next builds. Please bring me some.",
    "experience": 10,
    "reward": [
        "numismatic-overhaul:silver_coin",
        4,
        "numismatic-overhaul:bronze_coin",
        30
    ]
}