{
    "id": 67,
    "title": "Basalt questions",
    "level": 4,
    "type": "",
    "profession": "mason",
    "refresh": 900,
    "task": [
        "submit",
        "minecraft:basalt",
        40,
        "submit",
        "minecraft:polished_basalt",
        26,
		"minecraft:smooth_basalt",
        48
    ],
    "description": "Hello! Ever since the portal was opened, I'd been meaning to study the structural capabilities of basalt. Can you fetch some for me?",
    "experience": 45,
    "reward": [
        "numismatic-overhaul:gold_coin",
        1,
        "numismatic-overhaul:silver_coin",
        30
    ]
}