{
    "id": 65,
    "title": "Rock collection II",
    "level": 3,
    "type": "",
    "profession": "mason",
    "refresh": 900,
    "task": [
        "submit",
        "create:crimsite",
        128,
		"submit",
        "create:limestone",
        128,
		"submit",
        "create:scoria",
        28,
		"submit",
        "create:scorchia",
        128,
        "submit",
        "create:veridium",
        128
    ],
    "description": "",
    "experience": 25,
    "reward": [
        "numismatic-overhaul:gold_coin",
        2,
        "numismatic-overhaul:silver_coin",
        50
    ]
}