{
  "display": {
    "icon": {
      "item": "minecraft:popped_chorus_fruit",
      "nbt": "{CustomModelData:134}"
    },
    "title": "Amulet Admirer",
    "description": "Collect all Amulets",
    "frame": "goal",
    "show_toast": true,
    "announce_to_chat": true
  },
  "parent": "ethrium:ethrium",
  "criteria": {
    "ender_amulet": {
      "trigger": "minecraft:inventory_changed",
      "conditions": {
        "items": [
          {
            "items": [
              "minecraft:popped_chorus_fruit"
            ],
            "nbt": "{CustomModelData:131}"
          }
        ]
      }
    },
    "prismarine_amulet": {
      "trigger": "minecraft:inventory_changed",
      "conditions": {
        "items": [
          {
            "items": [
              "minecraft:popped_chorus_fruit"
            ],
            "nbt": "{CustomModelData:136}"
          }
        ]
      }
    },
    "ruby_amulet": {
      "trigger": "minecraft:inventory_changed",
      "conditions": {
        "items": [
          {
            "items": [
              "minecraft:popped_chorus_fruit"
            ],
            "nbt": "{CustomModelData:134}"
          }
        ]
      }
    },
    "heart_amulet": {
      "trigger": "minecraft:inventory_changed",
      "conditions": {
        "items": [
          {
            "items": [
              "minecraft:popped_chorus_fruit"
            ],
            "nbt": "{CustomModelData:132}"
          }
        ]
      }
    },
    "obsidian_amulet": {
      "trigger": "minecraft:inventory_changed",
      "conditions": {
        "items": [
          {
            "items": [
              "minecraft:popped_chorus_fruit"
            ],
            "nbt": "{CustomModelData:130}"
          }
        ]
      }
    }
  },
  "requirements": [
    [
      "obsidian_amulet"
    ],
    [
      "heart_amulet"
    ],
    [
      "prismarine_amulet"
    ],
    [
      "ruby_amulet"
    ],
    [
      "ender_amulet"
    ]
  ],
  "rewards": {
    "experience": 1000
  }
}
