{
  "display": {
    "icon": {
      "item": "minecraft:stone"
    },
    "title": {
      "text": "Down Under",
      "color": "gray",
      "bold": false
    },
    "description": {
      "text": "Enter the Cave Dimension",
      "color": "gray"
    },
    "frame": "task",
    "show_toast": true,
    "announce_to_chat": true,
    "hidden": false
  },
  "parent": "ethrium:livilium",
  "criteria": {
    "entered_nether": {
      "trigger": "minecraft:changed_dimension",
      "conditions": {
        "to": "ethrium:cave"
      }
    }
  }
}