{
	"display": {
		"icon": {
			"item": "minecraft:copper_ingot",
			"nbt": "{CustomModelData:1}"
		},
		"title": "Shiny",
		"description": "Obtain an Enchanted Ingot",
		"frame": "goal",
		"show_toast": true,
		"announce_to_chat": true,
		"hidden": true
	},
	"parent": "ethrium:forgery",
	"criteria": {
		"requirement": {
			"trigger": "minecraft:inventory_changed",
			"conditions": {
				"items": [
					{
						"items": [
							"minecraft:copper_ingot"
						],
						"nbt": "{CustomModelData:1}"
					}
				]
			}
		}
	}
}
