{
  "display": {
    "icon": {
      "item": "minecraft:stone_bricks"
    },
    "title": {
      "text": "Dungeons From the Past"
    },
    "description": {
      "text": "Enter a Stone Dungeon"
    },
    "show_toast": true,
    "announce_to_chat": true,
    "hidden": false
  },
  "parent": "ethrium:root",
  "criteria": {
    "bastion": {
      "trigger": "minecraft:location",
      "conditions": {
        "player": [
          {
            "condition": "minecraft:entity_properties",
            "entity": "this",
            "predicate": {
              "location": {
                "structure": "ethrium:stone_dungeon"
              }
            }
          }
        ]
      }
    }
  },
  "requirements": [
    [
      "bastion"
    ]
  ]
}
