{
  "display": {
    "icon": {
      "item": "minecraft:amethyst_block"
    },
    "title": {
      "text": "Echoes From the Past"
    },
    "description": {
      "text": "Locate a Magical Pyramid"
    },
    "frame": "challenge",
    "show_toast": true,
    "announce_to_chat": true,
    "hidden": true
  },
  "parent": "ethrium:ethrium",
  "criteria": {
    "bastion": {
      "trigger": "minecraft:location",
      "conditions": {
        "player": [
          {
            "condition": "minecraft:entity_properties",
            "entity": "this",
            "predicate": {
              "location": {
                "structure": "ethrium:magical_pyramid"
              }
            }
          }
        ]
      }
    }
  },
  "requirements": [
    [
      "bastion"
    ]
  ]
}
