{
	"display": {
		"icon": {
			"item": "minecraft:item_frame",
			"nbt": "{display:{Name:'{\"text\":\"Magical Forge\",\"italic\":false}'},CustomModelData:8001,EntityTag:{Silent:1b,Tags:[\"jewelry_forge\"],Item:{id:\"minecraft:item_frame\",Count:1b,tag:{CustomModelData:8001}},Invulnerable:1b,Invisible:1b,Fixed:1b}}"
		},
		"title": "Forged in Magic",
		"description": "Craft a Magical Forge",
		"show_toast": true,
		"announce_to_chat": true,
		"hidden": false
	},
	"parent": "ethrium:root",
	"criteria": {
		"requirement": {
			"trigger": "minecraft:inventory_changed",
			"conditions": {
				"items": [
					{
						"items": [
							"minecraft:item_frame"
						],
						"nbt": "{display:{Name:'{\"text\":\"Magical Forge\",\"italic\":false}'},CustomModelData:8001,EntityTag:{Silent:1b,Tags:[\"jewelry_forge\"],Item:{id:\"minecraft:item_frame\",Count:1b,tag:{CustomModelData:8001}},Invulnerable:1b,Invisible:1b,Fixed:1b}}"
					}
				]
			}
		}
	}
}
