{
  "criteria": {
    "requirement": {
      "trigger": "minecraft:player_hurt_entity",
      "conditions": {
        "player": {
          "equipment": {
            "mainhand": {
              "items": [
                "bow"
              ],
              "nbt": "{Guardian:1b}"
            }
          }
        },
        "damage": {
          "type": {
            "is_projectile": true
          }
        }
      }
    }
  },
  "rewards": {
    "function": "ethrium:items/guardian_bow"
  }
}
