{
  "display": {
    "icon": {
      "item": "minecraft:knowledge_book",
      "nbt": "{CustomModelData:1}"
    },
    "title": {
      "text": "Heartly Enough",
      "color": "red"
    },
    "description": "Gain a Heart Bonus",
    "frame": "task",
    "show_toast": true,
    "announce_to_chat": true,
    "hidden": true
  },
  "parent": "ethrium:enchanted_ingot",
  "criteria": {
    "requirement": {
      "trigger": "minecraft:inventory_changed",
      "conditions": {
        "items": [
          {
            "items": [
              "minecraft:knowledge_book"
            ],
            "nbt": "{Recipes:[\"ethrium:heart_bonus\"],CustomModelData:1,display:{Name:'[{\"text\":\"Heart Bonus\",\"italic\":false,\"color\":\"red\"}]',Lore:['[{\"text\":\"Use to gain an additional heart\",\"italic\":false,\"color\":\"gray\"}]']}}"
          }
        ]
      }
    }
  },
  "rewards": {}
}
