{
  "display": {
    "icon": {
      "item": "minecraft:oak_leaves"
    },
    "title": {
      "text": "Up in the big blue sky",
      "color": "dark_aqua",
      "bold": false
    },
    "description": {
      "text": "Fly to Livilium",
      "color": "dark_aqua"
    },
    "frame": "task",
    "show_toast": true,
    "announce_to_chat": true,
    "hidden": true
  },
  "parent": "ethrium:root",
  "criteria": {
    "entered_nether": {
      "trigger": "minecraft:changed_dimension",
      "conditions": {
        "to": "ethrium:livilium"
      }
    }
  }
}