{
  "display": {
    "icon": {
      "item": "minecraft:popped_chorus_fruit",
      "nbt": "{CustomModelData:123}"
    },
    "title": {
      "text": "Ethrium",
      "color": "aqua"
    },
    "description": "Thanks for Downloading!",
    "background": "minecraft:textures/block/blue_glazed_terracotta.png",
    "frame": "task",
    "show_toast": true,
    "announce_to_chat": true,
    "hidden": false
  },
  "criteria": {
    "root": {
      "trigger": "minecraft:tick"
    }
  },
  "rewards": {
    "function": "ethrium:ethrium_guidebook"
  }
}
