[
  {
    "function": "minecraft:set_nbt",
    "tag": "{ModifiersReforged:{GotModifier:1b}}"
  },
  {
    "function": "minecraft:set_nbt",
    "tag": "{HasModifier:-1}",
    "conditions": [
      {
        "condition": "minecraft:entity_properties",
        "entity": "this",
        "predicate": {
          "equipment": {
            "chest": {
              "nbt": "{HasModifier:0}"
            }
          }
        }
      }
    ]
  },
  {
    "function": "minecraft:set_attributes",
    "modifiers": [
      {
        "attribute": "minecraft:generic.luck",
        "name": "modifiers_reforged.chest.luck_bonus",
        "amount": {
          "type": "minecraft:score",
          "target": "this",
          "score": "modifiers_reforged.LuckBonus",
          "scale": 0.01
        },
        "operation": "addition",
        "id": "90c5bdc1-c431-4910-b9dc-861e6d65d02a",
        "slot": "chest"
      }
    ],
    "conditions": [
      { 
        "condition": "minecraft:entity_properties",
        "entity": "this",
        "predicate": {
          "equipment": {
            "chest": {
              "tag": "modifiers_reforged:categories/armor"
            }
          }
        }
      },
      {
        "condition": "minecraft:inverted",
        "term": {
          "condition": "minecraft:entity_properties",
          "entity": "this",
          "predicate": {
            "equipment": {
              "chest": {
                "nbt": "{ModifiersReforged:{LuckBonus:0.0f}}"
              }
            }
          }
        }
      }
    ]
  },
  {
    "function": "minecraft:set_attributes",
    "modifiers": [
      {
        "attribute": "minecraft:generic.movement_speed",
        "name": "modifiers_reforged.chest.movement_speed_bonus",
        "amount": {
          "type": "minecraft:score",
          "target": "this",
          "score": "modifiers_reforged.MovementSpeedBonus",
          "scale": 0.01
        },
        "operation": "multiply_total",
        "id": "90c5bdc1-c431-4910-b9dc-861e6d65d02a",
        "slot": "chest"
      }
    ],
    "conditions": [
      { 
        "condition": "minecraft:entity_properties",
        "entity": "this",
        "predicate": {
          "equipment": {
            "chest": {
              "tag": "modifiers_reforged:categories/armor"
            }
          }
        }
      },
      {
        "condition": "minecraft:inverted",
        "term": {
          "condition": "minecraft:entity_properties",
          "entity": "this",
          "predicate": {
            "equipment": {
              "chest": {
                "nbt": "{ModifiersReforged:{MovementSpeedBonus:0.0f}}"
              }
            }
          }
        }
      }
    ]
  },
  {
    "function": "minecraft:set_attributes",
    "modifiers": [
      {
        "attribute": "minecraft:generic.armor_toughness",
        "name": "modifiers_reforged.chest.armor_toughness_bonus",
        "amount": {
          "type": "minecraft:score",
          "target": "this",
          "score": "modifiers_reforged.ArmorToughnessBonus",
          "scale": 0.01
        },
        "operation": "addition",
        "id": "90c5bdc1-c431-4910-b9dc-861e6d65d02a",
        "slot": "chest"
      }
    ],
    "conditions": [
      { 
        "condition": "minecraft:entity_properties",
        "entity": "this",
        "predicate": {
          "equipment": {
            "chest": {
              "tag": "modifiers_reforged:categories/armor"
            }
          }
        }
      },
      {
        "condition": "minecraft:inverted",
        "term": {
          "condition": "minecraft:entity_properties",
          "entity": "this",
          "predicate": {
            "equipment": {
              "chest": {
                "nbt": "{ModifiersReforged:{ArmorToughnessBonus:0.0f}}"
              }
            }
          }
        }
      }
    ]
  },
  {
    "function": "minecraft:set_attributes",
    "modifiers": [
      {
        "attribute": "minecraft:generic.armor",
        "name": "modifiers_reforged.chest.armor_bonus",
        "amount": {
          "type": "minecraft:score",
          "target": "this",
          "score": "modifiers_reforged.ArmorBonus",
          "scale": 0.01
        },
        "operation": "addition",
        "id": "90c5bdc1-c431-4910-b9dc-861e6d65d02a",
        "slot": "chest"
      }
    ],
    "conditions": [
      { 
        "condition": "minecraft:entity_properties",
        "entity": "this",
        "predicate": {
          "equipment": {
            "chest": {
              "tag": "modifiers_reforged:categories/armor"
            }
          }
        }
      },
      {
        "condition": "minecraft:inverted",
        "term": {
          "condition": "minecraft:entity_properties",
          "entity": "this",
          "predicate": {
            "equipment": {
              "chest": {
                "nbt": "{ModifiersReforged:{ArmorBonus:0.0f}}"
              }
            }
          }
        }
      }
    ]
  },
  {
    "function": "minecraft:set_attributes",
    "modifiers": [
      {
        "attribute": "minecraft:generic.attack_speed",
        "name": "modifiers_reforged.chest.attack_speed_bonus",
        "amount": {
          "type": "minecraft:score",
          "target": "this",
          "score": "modifiers_reforged.AttackSpeedStart",
          "scale": 0.01
        },
        "operation": "addition",
        "id": "90c5bdc1-c431-4910-b9dc-861e6d65d02a",
        "slot": "chest"
      }
    ],
    "conditions": [
      { 
        "condition": "minecraft:entity_properties",
        "entity": "this",
        "predicate": {
          "equipment": {
            "chest": {
              "tag": "modifiers_reforged:categories/armor"
            }
          }
        }
      },
      {
        "condition": "minecraft:inverted",
        "term": {
          "condition": "minecraft:entity_properties",
          "entity": "this",
          "predicate": {
            "equipment": {
              "chest": {
                "nbt": "{ModifiersReforged:{AttackSpeedBonus:0.0f}}"
              }
            }
          }
        }
      }
    ]
  },
  {
    "function": "minecraft:set_attributes",
    "modifiers": [
      {
        "attribute": "minecraft:generic.attack_damage",
        "name": "modifiers_reforged.chest.attack_damage_bonus",
        "amount": {
          "type": "minecraft:score",
          "target": "this",
          "score": "modifiers_reforged.AttackDamageStart",
          "scale": 0.01
        },
        "operation": "addition",
        "id": "90c5bdc1-c431-4910-b9dc-861e6d65d02a",
        "slot": "chest"
      }
    ],
    "conditions": [
      { 
        "condition": "minecraft:entity_properties",
        "entity": "this",
        "predicate": {
          "equipment": {
            "chest": {
              "tag": "modifiers_reforged:categories/armor"
            }
          }
        }
      },
      {
        "condition": "minecraft:inverted",
        "term": {
          "condition": "minecraft:entity_properties",
          "entity": "this",
          "predicate": {
            "equipment": {
              "chest": {
                "nbt": "{ModifiersReforged:{AttackDamageBonus:0.0f}}"
              }
            }
          }
        }
      }
    ]
  }
]
