[
  {
    "function": "minecraft:set_nbt",
    "tag": "{ModifiersReforged:{GotModifier:1b}}"
  },
  {
    "function": "minecraft:set_nbt",
    "tag": "{HasModifier:-1}",
    "conditions": [
      {
        "condition": "minecraft:entity_properties",
        "entity": "this",
        "predicate": {
          "equipment": {
            "mainhand": {
              "nbt": "{HasModifier:0}"
            }
          }
        }
      }
    ]
  },
  {
    "function": "minecraft:set_attributes",
    "modifiers": [
      {
        "attribute": "minecraft:generic.luck",
        "name": "modifiers_reforged.chest.luck_bonus",
        "amount": {
          "type": "minecraft:score",
          "target": "this",
          "score": "modifiers_reforged.LuckBonus",
          "scale": 0.01
        },
        "operation": "addition",
        "id": "90c5bdc1-c431-4910-b9dc-861e6d65d02a",
        "slot": "chest"
      }
    ],
    "conditions": [
      { 
        "condition": "minecraft:entity_properties",
        "entity": "this",
        "predicate": {
          "equipment": {
            "mainhand": {
              "tag": "modifiers_reforged:categories/armor"
            }
          }
        }
      },
      {
        "condition": "minecraft:inverted",
        "term": {
          "condition": "minecraft:entity_properties",
          "entity": "this",
          "predicate": {
            "equipment": {
              "mainhand": {
                "nbt": "{ModifiersReforged:{LuckBonus:0.0f}}"
              }
            }
          }
        }
      }
    ]
  },
  {
    "function": "minecraft:set_attributes",
    "modifiers": [
      {
        "attribute": "minecraft:generic.movement_speed",
        "name": "modifiers_reforged.chest.movement_speed_bonus",
        "amount": {
          "type": "minecraft:score",
          "target": "this",
          "score": "modifiers_reforged.MovementSpeedBonus",
          "scale": 0.01
        },
        "operation": "multiply_total",
        "id": "90c5bdc1-c431-4910-b9dc-861e6d65d02a",
        "slot": "chest"
      }
    ],
    "conditions": [
      { 
        "condition": "minecraft:entity_properties",
        "entity": "this",
        "predicate": {
          "equipment": {
            "mainhand": {
              "tag": "modifiers_reforged:categories/armor"
            }
          }
        }
      },
      {
        "condition": "minecraft:inverted",
        "term": {
          "condition": "minecraft:entity_properties",
          "entity": "this",
          "predicate": {
            "equipment": {
              "mainhand": {
                "nbt": "{ModifiersReforged:{MovementSpeedBonus:0.0f}}"
              }
            }
          }
        }
      }
    ]
  },
  {
    "function": "minecraft:set_attributes",
    "modifiers": [
      {
        "attribute": "minecraft:generic.armor_toughness",
        "name": "modifiers_reforged.chest.armor_toughness_bonus",
        "amount": {
          "type": "minecraft:score",
          "target": "this",
          "score": "modifiers_reforged.ArmorToughnessBonus",
          "scale": 0.01
        },
        "operation": "addition",
        "id": "90c5bdc1-c431-4910-b9dc-861e6d65d02a",
        "slot": "chest"
      }
    ],
    "conditions": [
      { 
        "condition": "minecraft:entity_properties",
        "entity": "this",
        "predicate": {
          "equipment": {
            "mainhand": {
              "tag": "modifiers_reforged:categories/armor"
            }
          }
        }
      },
      {
        "condition": "minecraft:inverted",
        "term": {
          "condition": "minecraft:entity_properties",
          "entity": "this",
          "predicate": {
            "equipment": {
              "mainhand": {
                "nbt": "{ModifiersReforged:{ArmorToughnessBonus:0.0f}}"
              }
            }
          }
        }
      }
    ]
  },
  {
    "function": "minecraft:set_attributes",
    "modifiers": [
      {
        "attribute": "minecraft:generic.armor",
        "name": "modifiers_reforged.chest.armor_bonus",
        "amount": {
          "type": "minecraft:score",
          "target": "this",
          "score": "modifiers_reforged.ArmorBonus",
          "scale": 0.01
        },
        "operation": "addition",
        "id": "90c5bdc1-c431-4910-b9dc-861e6d65d02a",
        "slot": "chest"
      }
    ],
    "conditions": [
      { 
        "condition": "minecraft:entity_properties",
        "entity": "this",
        "predicate": {
          "equipment": {
            "mainhand": {
              "tag": "modifiers_reforged:categories/armor"
            }
          }
        }
      },
      {
        "condition": "minecraft:inverted",
        "term": {
          "condition": "minecraft:entity_properties",
          "entity": "this",
          "predicate": {
            "equipment": {
              "mainhand": {
                "nbt": "{ModifiersReforged:{ArmorBonus:0.0f}}"
              }
            }
          }
        }
      }
    ]
  },
  {
    "function": "minecraft:set_attributes",
    "modifiers": [
      {
        "attribute": "minecraft:generic.attack_speed",
        "name": "modifiers_reforged.chest.attack_speed_bonus",
        "amount": {
          "type": "minecraft:score",
          "target": "this",
          "score": "modifiers_reforged.AttackSpeedStart",
          "scale": 0.01
        },
        "operation": "addition",
        "id": "90c5bdc1-c431-4910-b9dc-861e6d65d02a",
        "slot": "chest"
      }
    ],
    "conditions": [
      { 
        "condition": "minecraft:entity_properties",
        "entity": "this",
        "predicate": {
          "equipment": {
            "mainhand": {
              "tag": "modifiers_reforged:categories/armor"
            }
          }
        }
      },
      {
        "condition": "minecraft:inverted",
        "term": {
          "condition": "minecraft:entity_properties",
          "entity": "this",
          "predicate": {
            "equipment": {
              "mainhand": {
                "nbt": "{ModifiersReforged:{AttackSpeedBonus:0.0f}}"
              }
            }
          }
        }
      }
    ]
  },
  {
    "function": "minecraft:set_attributes",
    "modifiers": [
      {
        "attribute": "minecraft:generic.attack_damage",
        "name": "modifiers_reforged.chest.attack_damage_bonus",
        "amount": {
          "type": "minecraft:score",
          "target": "this",
          "score": "modifiers_reforged.AttackDamageStart",
          "scale": 0.01
        },
        "operation": "addition",
        "id": "90c5bdc1-c431-4910-b9dc-861e6d65d02a",
        "slot": "chest"
      }
    ],
    "conditions": [
      { 
        "condition": "minecraft:entity_properties",
        "entity": "this",
        "predicate": {
          "equipment": {
            "mainhand": {
              "tag": "modifiers_reforged:categories/armor"
            }
          }
        }
      },
      {
        "condition": "minecraft:inverted",
        "term": {
          "condition": "minecraft:entity_properties",
          "entity": "this",
          "predicate": {
            "equipment": {
              "mainhand": {
                "nbt": "{ModifiersReforged:{AttackDamageBonus:0.0f}}"
              }
            }
          }
        }
      }
    ]
  },
  {
    "function": "minecraft:set_attributes",
    "modifiers": [
      {
        "attribute": "minecraft:generic.luck",
        "name": "modifiers_reforged.mainhand.melee.luck_bonus",
        "amount": {
          "type": "minecraft:score",
          "target": "this",
          "score": "modifiers_reforged.LuckBonus",
          "scale": 0.01
        },
        "operation": "addition",
        "id": "b1274b02-4232-48fa-baeb-04369f9b8121",
        "slot": "mainhand"
      }
    ],
    "conditions": [
      { 
        "condition": "minecraft:entity_properties",
        "entity": "this",
        "predicate": {
          "equipment": {
            "mainhand": {
              "tag": "modifiers_reforged:categories/melee"
            }
          }
        }
      },
      {
        "condition": "minecraft:inverted",
        "term": {
          "condition": "minecraft:entity_properties",
          "entity": "this",
          "predicate": {
            "equipment": {
              "mainhand": {
                "nbt": "{ModifiersReforged:{LuckBonus:0.0f}}"
              }
            }
          }
        }
      }
    ]
  },
  {
    "function": "minecraft:set_attributes",
    "modifiers": [
      {
        "attribute": "minecraft:generic.movement_speed",
        "name": "modifiers_reforged.mainhand.melee.movement_speed_bonus",
        "amount": {
          "type": "minecraft:score",
          "target": "this",
          "score": "modifiers_reforged.MovementSpeedBonus",
          "scale": 0.01
        },
        "operation": "multiply_total",
        "id": "b1274b02-4232-48fa-baeb-04369f9b8121",
        "slot": "mainhand"
      }
    ],
    "conditions": [
      { 
        "condition": "minecraft:entity_properties",
        "entity": "this",
        "predicate": {
          "equipment": {
            "mainhand": {
              "tag": "modifiers_reforged:categories/melee"
            }
          }
        }
      },
      {
        "condition": "minecraft:inverted",
        "term": {
          "condition": "minecraft:entity_properties",
          "entity": "this",
          "predicate": {
            "equipment": {
              "mainhand": {
                "nbt": "{ModifiersReforged:{MovementSpeedBonus:0.0f}}"
              }
            }
          }
        }
      }
    ]
  },
  {
    "function": "minecraft:set_attributes",
    "modifiers": [
      {
        "attribute": "minecraft:generic.armor_toughness",
        "name": "modifiers_reforged.mainhand.melee.armor_toughness_bonus",
        "amount": {
          "type": "minecraft:score",
          "target": "this",
          "score": "modifiers_reforged.ArmorToughnessBonus",
          "scale": 0.01
        },
        "operation": "addition",
        "id": "b1274b02-4232-48fa-baeb-04369f9b8121",
        "slot": "mainhand"
      }
    ],
    "conditions": [
      { 
        "condition": "minecraft:entity_properties",
        "entity": "this",
        "predicate": {
          "equipment": {
            "mainhand": {
              "tag": "modifiers_reforged:categories/melee"
            }
          }
        }
      },
      {
        "condition": "minecraft:inverted",
        "term": {
          "condition": "minecraft:entity_properties",
          "entity": "this",
          "predicate": {
            "equipment": {
              "mainhand": {
                "nbt": "{ModifiersReforged:{ArmorToughnessBonus:0.0f}}"
              }
            }
          }
        }
      }
    ]
  },
  {
    "function": "minecraft:set_attributes",
    "modifiers": [
      {
        "attribute": "minecraft:generic.armor",
        "name": "modifiers_reforged.mainhand.melee.armor_bonus",
        "amount": {
          "type": "minecraft:score",
          "target": "this",
          "score": "modifiers_reforged.ArmorBonus",
          "scale": 0.01
        },
        "operation": "addition",
        "id": "b1274b02-4232-48fa-baeb-04369f9b8121",
        "slot": "mainhand"
      }
    ],
    "conditions": [
      { 
        "condition": "minecraft:entity_properties",
        "entity": "this",
        "predicate": {
          "equipment": {
            "mainhand": {
              "tag": "modifiers_reforged:categories/melee"
            }
          }
        }
      },
      {
        "condition": "minecraft:inverted",
        "term": {
          "condition": "minecraft:entity_properties",
          "entity": "this",
          "predicate": {
            "equipment": {
              "mainhand": {
                "nbt": "{ModifiersReforged:{ArmorBonus:0.0f}}"
              }
            }
          }
        }
      }
    ]
  },
  {
    "function": "minecraft:set_attributes",
    "modifiers": [
      {
        "attribute": "minecraft:generic.attack_speed",
        "name": "modifiers_reforged.mainhand.melee.attack_speed_bonus",
        "amount": {
          "type": "minecraft:score",
          "target": "this",
          "score": "modifiers_reforged.AttackSpeedStart",
          "scale": 0.01
        },
        "operation": "addition",
        "id": "b1274b02-4232-48fa-baeb-04369f9b8121",
        "slot": "mainhand"
      }
    ],
    "conditions": [
      { 
        "condition": "minecraft:entity_properties",
        "entity": "this",
        "predicate": {
          "equipment": {
            "mainhand": {
              "tag": "modifiers_reforged:categories/melee"
            }
          }
        }
      }
    ]
  },
  {
    "function": "minecraft:set_attributes",
    "modifiers": [
      {
        "attribute": "minecraft:generic.attack_damage",
        "name": "modifiers_reforged.mainhand.melee.attack_damage_bonus",
        "amount": {
          "type": "minecraft:score",
          "target": "this",
          "score": "modifiers_reforged.AttackDamageStart",
          "scale": 0.01
        },
        "operation": "addition",
        "id": "b1274b02-4232-48fa-baeb-04369f9b8121",
        "slot": "mainhand"
      }
    ],
    "conditions": [
      { 
        "condition": "minecraft:entity_properties",
        "entity": "this",
        "predicate": {
          "equipment": {
            "mainhand": {
              "tag": "modifiers_reforged:categories/melee"
            }
          }
        }
      }
    ]
  },
  {
    "function": "minecraft:set_attributes",
    "modifiers": [
      {
        "attribute": "minecraft:generic.luck",
        "name": "modifiers_reforged.mainhand.armor.luck_bonus",
        "amount": {
          "type": "minecraft:score",
          "target": "this",
          "score": "modifiers_reforged.LuckBonus",
          "scale": 0.01
        },
        "operation": "addition",
        "id": "1e7b35bf-e608-4dd5-b553-56ce51a4dbc4",
        "slot": "mainhand"
      }
    ],
    "conditions": [
      {
        "condition": "minecraft:entity_properties",
        "entity": "this",
        "predicate": {
          "equipment": {
            "mainhand": {
              "tag": "modifiers_reforged:categories/offhand_armor"
            }
          }
        }
      },
      {
        "condition": "minecraft:inverted",
        "term": {
          "condition": "minecraft:entity_properties",
          "entity": "this",
          "predicate": {
            "equipment": {
              "mainhand": {
                "nbt": "{ModifiersReforged:{LuckBonus:0.0f}}"
              }
            }
          }
        }
      }
    ]
  },
  {
    "function": "minecraft:set_attributes",
    "modifiers": [
      {
        "attribute": "minecraft:generic.movement_speed",
        "name": "modifiers_reforged.mainhand.armor.movement_speed_bonus",
        "amount": {
          "type": "minecraft:score",
          "target": "this",
          "score": "modifiers_reforged.MovementSpeedBonus",
          "scale": 0.01
        },
        "operation": "multiply_total",
        "id": "1e7b35bf-e608-4dd5-b553-56ce51a4dbc4",
        "slot": "mainhand"
      }
    ],
    "conditions": [
      {
        "condition": "minecraft:entity_properties",
        "entity": "this",
        "predicate": {
          "equipment": {
            "mainhand": {
              "tag": "modifiers_reforged:categories/offhand_armor"
            }
          }
        }
      },
      {
        "condition": "minecraft:inverted",
        "term": {
          "condition": "minecraft:entity_properties",
          "entity": "this",
          "predicate": {
            "equipment": {
              "mainhand": {
                "nbt": "{ModifiersReforged:{MovementSpeedBonus:0.0f}}"
              }
            }
          }
        }
      }
    ]
  },
  {
    "function": "minecraft:set_attributes",
    "modifiers": [
      {
        "attribute": "minecraft:generic.armor_toughness",
        "name": "modifiers_reforged.mainhand.armor.armor_toughness_bonus",
        "amount": {
          "type": "minecraft:score",
          "target": "this",
          "score": "modifiers_reforged.ArmorToughnessBonus",
          "scale": 0.01
        },
        "operation": "addition",
        "id": "1e7b35bf-e608-4dd5-b553-56ce51a4dbc4",
        "slot": "mainhand"
      }
    ],
    "conditions": [
      {
        "condition": "minecraft:entity_properties",
        "entity": "this",
        "predicate": {
          "equipment": {
            "mainhand": {
              "tag": "modifiers_reforged:categories/offhand_armor"
            }
          }
        }
      },
      {
        "condition": "minecraft:inverted",
        "term": {
          "condition": "minecraft:entity_properties",
          "entity": "this",
          "predicate": {
            "equipment": {
              "mainhand": {
                "nbt": "{ModifiersReforged:{ArmorToughnessBonus:0.0f}}"
              }
            }
          }
        }
      }
    ]
  },
  {
    "function": "minecraft:set_attributes",
    "modifiers": [
      {
        "attribute": "minecraft:generic.armor",
        "name": "modifiers_reforged.mainhand.armor.armor_bonus",
        "amount": {
          "type": "minecraft:score",
          "target": "this",
          "score": "modifiers_reforged.ArmorBonus",
          "scale": 0.01
        },
        "operation": "addition",
        "id": "1e7b35bf-e608-4dd5-b553-56ce51a4dbc4",
        "slot": "mainhand"
      }
    ],
    "conditions": [
      {
        "condition": "minecraft:entity_properties",
        "entity": "this",
        "predicate": {
          "equipment": {
            "mainhand": {
              "tag": "modifiers_reforged:categories/offhand_armor"
            }
          }
        }
      },
      {
        "condition": "minecraft:inverted",
        "term": {
          "condition": "minecraft:entity_properties",
          "entity": "this",
          "predicate": {
            "equipment": {
              "mainhand": {
                "nbt": "{ModifiersReforged:{ArmorBonus:0.0f}}"
              }
            }
          }
        }
      }
    ]
  },
  {
    "function": "minecraft:set_attributes",
    "modifiers": [
      {
        "attribute": "minecraft:generic.attack_speed",
        "name": "modifiers_reforged.mainhand.armor.attack_speed_bonus",
        "amount": {
          "type": "minecraft:score",
          "target": "this",
          "score": "modifiers_reforged.AttackSpeedStart",
          "scale": 0.01
        },
        "operation": "addition",
        "id": "1e7b35bf-e608-4dd5-b553-56ce51a4dbc4",
        "slot": "mainhand"
      }
    ],
    "conditions": [
      {
        "condition": "minecraft:entity_properties",
        "entity": "this",
        "predicate": {
          "equipment": {
            "mainhand": {
              "tag": "modifiers_reforged:categories/offhand_armor"
            }
          }
        }
      },
      {
        "condition": "minecraft:inverted",
        "term": {
          "condition": "minecraft:entity_properties",
          "entity": "this",
          "predicate": {
            "equipment": {
              "mainhand": {
                "nbt": "{ModifiersReforged:{AttackSpeedBonus:0.0f}}"
              }
            }
          }
        }
      }
    ]
  },
  {
    "function": "minecraft:set_attributes",
    "modifiers": [
      {
        "attribute": "minecraft:generic.attack_damage",
        "name": "modifiers_reforged.mainhand.armor.attack_damage_bonus",
        "amount": {
          "type": "minecraft:score",
          "target": "this",
          "score": "modifiers_reforged.AttackDamageStart",
          "scale": 0.01
        },
        "operation": "addition",
        "id": "1e7b35bf-e608-4dd5-b553-56ce51a4dbc4",
        "slot": "mainhand"
      }
    ],
    "conditions": [
      {
        "condition": "minecraft:entity_properties",
        "entity": "this",
        "predicate": {
          "equipment": {
            "mainhand": {
              "tag": "modifiers_reforged:categories/offhand_armor"
            }
          }
        }
      },
      {
        "condition": "minecraft:inverted",
        "term": {
          "condition": "minecraft:entity_properties",
          "entity": "this",
          "predicate": {
            "equipment": {
              "mainhand": {
                "nbt": "{ModifiersReforged:{AttackDamageBonus:0.0f}}"
              }
            }
          }
        }
      }
    ]
  },
  {
    "function": "minecraft:set_attributes",
    "modifiers": [
      {
        "attribute": "minecraft:generic.luck",
        "name": "modifiers_reforged.offhand.armor.luck_bonus",
        "amount": {
          "type": "minecraft:score",
          "target": "this",
          "score": "modifiers_reforged.LuckBonus",
          "scale": 0.01
        },
        "operation": "addition",
        "id": "798baae0-a995-4cd3-9896-ea4c1c1c1c56",
        "slot": "offhand"
      }
    ],
    "conditions": [
      {
        "condition": "minecraft:entity_properties",
        "entity": "this",
        "predicate": {
          "equipment": {
            "mainhand": {
              "tag": "modifiers_reforged:categories/offhand_armor"
            }
          }
        }
      },
      {
        "condition": "minecraft:inverted",
        "term": {
          "condition": "minecraft:entity_properties",
          "entity": "this",
          "predicate": {
            "equipment": {
              "mainhand": {
                "nbt": "{ModifiersReforged:{LuckBonus:0.0f}}"
              }
            }
          }
        }
      }
    ]
  },
  {
    "function": "minecraft:set_attributes",
    "modifiers": [
      {
        "attribute": "minecraft:generic.movement_speed",
        "name": "modifiers_reforged.offhand.armor.movement_speed_bonus",
        "amount": {
          "type": "minecraft:score",
          "target": "this",
          "score": "modifiers_reforged.MovementSpeedBonus",
          "scale": 0.01
        },
        "operation": "multiply_total",
        "id": "798baae0-a995-4cd3-9896-ea4c1c1c1c56",
        "slot": "offhand"
      }
    ],
    "conditions": [
      {
        "condition": "minecraft:entity_properties",
        "entity": "this",
        "predicate": {
          "equipment": {
            "mainhand": {
              "tag": "modifiers_reforged:categories/offhand_armor"
            }
          }
        }
      },
      {
        "condition": "minecraft:inverted",
        "term": {
          "condition": "minecraft:entity_properties",
          "entity": "this",
          "predicate": {
            "equipment": {
              "mainhand": {
                "nbt": "{ModifiersReforged:{MovementSpeedBonus:0.0f}}"
              }
            }
          }
        }
      }
    ]
  },
  {
    "function": "minecraft:set_attributes",
    "modifiers": [
      {
        "attribute": "minecraft:generic.armor_toughness",
        "name": "modifiers_reforged.offhand.armor.armor_toughness_bonus",
        "amount": {
          "type": "minecraft:score",
          "target": "this",
          "score": "modifiers_reforged.ArmorToughnessBonus",
          "scale": 0.01
        },
        "operation": "addition",
        "id": "798baae0-a995-4cd3-9896-ea4c1c1c1c56",
        "slot": "offhand"
      }
    ],
    "conditions": [
      {
        "condition": "minecraft:entity_properties",
        "entity": "this",
        "predicate": {
          "equipment": {
            "mainhand": {
              "tag": "modifiers_reforged:categories/offhand_armor"
            }
          }
        }
      },
      {
        "condition": "minecraft:inverted",
        "term": {
          "condition": "minecraft:entity_properties",
          "entity": "this",
          "predicate": {
            "equipment": {
              "mainhand": {
                "nbt": "{ModifiersReforged:{ArmorToughnessBonus:0.0f}}"
              }
            }
          }
        }
      }
    ]
  },
  {
    "function": "minecraft:set_attributes",
    "modifiers": [
      {
        "attribute": "minecraft:generic.armor",
        "name": "modifiers_reforged.offhand.armor.armor_bonus",
        "amount": {
          "type": "minecraft:score",
          "target": "this",
          "score": "modifiers_reforged.ArmorBonus",
          "scale": 0.01
        },
        "operation": "addition",
        "id": "798baae0-a995-4cd3-9896-ea4c1c1c1c56",
        "slot": "offhand"
      }
    ],
    "conditions": [
      {
        "condition": "minecraft:entity_properties",
        "entity": "this",
        "predicate": {
          "equipment": {
            "mainhand": {
              "tag": "modifiers_reforged:categories/offhand_armor"
            }
          }
        }
      },
      {
        "condition": "minecraft:inverted",
        "term": {
          "condition": "minecraft:entity_properties",
          "entity": "this",
          "predicate": {
            "equipment": {
              "mainhand": {
                "nbt": "{ModifiersReforged:{ArmorBonus:0.0f}}"
              }
            }
          }
        }
      }
    ]
  },
  {
    "function": "minecraft:set_attributes",
    "modifiers": [
      {
        "attribute": "minecraft:generic.attack_speed",
        "name": "modifiers_reforged.offhand.armor.attack_speed_bonus",
        "amount": {
          "type": "minecraft:score",
          "target": "this",
          "score": "modifiers_reforged.AttackSpeedStart",
          "scale": 0.01
        },
        "operation": "addition",
        "id": "798baae0-a995-4cd3-9896-ea4c1c1c1c56",
        "slot": "offhand"
      }
    ],
    "conditions": [
      {
        "condition": "minecraft:entity_properties",
        "entity": "this",
        "predicate": {
          "equipment": {
            "mainhand": {
              "tag": "modifiers_reforged:categories/offhand_armor"
            }
          }
        }
      },
      {
        "condition": "minecraft:inverted",
        "term": {
          "condition": "minecraft:entity_properties",
          "entity": "this",
          "predicate": {
            "equipment": {
              "mainhand": {
                "nbt": "{ModifiersReforged:{AttackSpeedBonus:0.0f}}"
              }
            }
          }
        }
      }
    ]
  },
  {
    "function": "minecraft:set_attributes",
    "modifiers": [
      {
        "attribute": "minecraft:generic.attack_damage",
        "name": "modifiers_reforged.offhand.armor.attack_damage_bonus",
        "amount": {
          "type": "minecraft:score",
          "target": "this",
          "score": "modifiers_reforged.AttackDamageStart",
          "scale": 0.01
        },
        "operation": "addition",
        "id": "798baae0-a995-4cd3-9896-ea4c1c1c1c56",
        "slot": "offhand"
      }
    ],
    "conditions": [
      {
        "condition": "minecraft:entity_properties",
        "entity": "this",
        "predicate": {
          "equipment": {
            "mainhand": {
              "tag": "modifiers_reforged:categories/offhand_armor"
            }
          }
        }
      },
      {
        "condition": "minecraft:inverted",
        "term": {
          "condition": "minecraft:entity_properties",
          "entity": "this",
          "predicate": {
            "equipment": {
              "mainhand": {
                "nbt": "{ModifiersReforged:{AttackDamageBonus:0.0f}}"
              }
            }
          }
        }
      }
    ]
  },
  {
    "function": "minecraft:set_attributes",
    "modifiers": [
      {
        "attribute": "minecraft:generic.luck",
        "name": "modifiers_reforged.mainhand.ranged.luck_bonus",
        "amount": {
          "type": "minecraft:score",
          "target": "this",
          "score": "modifiers_reforged.LuckBonus",
          "scale": 0.01
        },
        "operation": "addition",
        "id": "165fc0e9-6d22-4920-be80-39487bf04d57",
        "slot": "mainhand"
      }
    ],
    "conditions": [
      {
        "condition": "minecraft:entity_properties",
        "entity": "this",
        "predicate": {
          "equipment": {
            "mainhand": {
              "tag": "modifiers_reforged:categories/ranged"
            }
          }
        }
      },
      {
        "condition": "minecraft:inverted",
        "term": {
          "condition": "minecraft:entity_properties",
          "entity": "this",
          "predicate": {
            "equipment": {
              "mainhand": {
                "nbt": "{ModifiersReforged:{LuckBonus:0.0f}}"
              }
            }
          }
        }
      }
    ]
  },
  {
    "function": "minecraft:set_attributes",
    "modifiers": [
      {
        "attribute": "minecraft:generic.movement_speed",
        "name": "modifiers_reforged.mainhand.ranged.movement_speed_bonus",
        "amount": {
          "type": "minecraft:score",
          "target": "this",
          "score": "modifiers_reforged.MovementSpeedBonus",
          "scale": 0.01
        },
        "operation": "multiply_total",
        "id": "165fc0e9-6d22-4920-be80-39487bf04d57",
        "slot": "mainhand"
      }
    ],
    "conditions": [
      {
        "condition": "minecraft:entity_properties",
        "entity": "this",
        "predicate": {
          "equipment": {
            "mainhand": {
              "tag": "modifiers_reforged:categories/ranged"
            }
          }
        }
      },
      {
        "condition": "minecraft:inverted",
        "term": {
          "condition": "minecraft:entity_properties",
          "entity": "this",
          "predicate": {
            "equipment": {
              "mainhand": {
                "nbt": "{ModifiersReforged:{MovementSpeedBonus:0.0f}}"
              }
            }
          }
        }
      }
    ]
  },
  {
    "function": "minecraft:set_attributes",
    "modifiers": [
      {
        "attribute": "minecraft:generic.armor_toughness",
        "name": "modifiers_reforged.mainhand.ranged.armor_toughness_bonus",
        "amount": {
          "type": "minecraft:score",
          "target": "this",
          "score": "modifiers_reforged.ArmorToughnessBonus",
          "scale": 0.01
        },
        "operation": "addition",
        "id": "165fc0e9-6d22-4920-be80-39487bf04d57",
        "slot": "mainhand"
      }
    ],
    "conditions": [
      {
        "condition": "minecraft:entity_properties",
        "entity": "this",
        "predicate": {
          "equipment": {
            "mainhand": {
              "tag": "modifiers_reforged:categories/ranged"
            }
          }
        }
      },
      {
        "condition": "minecraft:inverted",
        "term": {
          "condition": "minecraft:entity_properties",
          "entity": "this",
          "predicate": {
            "equipment": {
              "mainhand": {
                "nbt": "{ModifiersReforged:{ArmorToughnessBonus:0.0f}}"
              }
            }
          }
        }
      }
    ]
  },
  {
    "function": "minecraft:set_attributes",
    "modifiers": [
      {
        "attribute": "minecraft:generic.armor",
        "name": "modifiers_reforged.mainhand.ranged.armor_bonus",
        "amount": {
          "type": "minecraft:score",
          "target": "this",
          "score": "modifiers_reforged.ArmorBonus",
          "scale": 0.01
        },
        "operation": "addition",
        "id": "165fc0e9-6d22-4920-be80-39487bf04d57",
        "slot": "mainhand"
      }
    ],
    "conditions": [
      {
        "condition": "minecraft:entity_properties",
        "entity": "this",
        "predicate": {
          "equipment": {
            "mainhand": {
              "tag": "modifiers_reforged:categories/ranged"
            }
          }
        }
      },
      {
        "condition": "minecraft:inverted",
        "term": {
          "condition": "minecraft:entity_properties",
          "entity": "this",
          "predicate": {
            "equipment": {
              "mainhand": {
                "nbt": "{ModifiersReforged:{ArmorBonus:0.0f}}"
              }
            }
          }
        }
      }
    ]
  },
  {
    "function": "minecraft:set_attributes",
    "modifiers": [
      {
        "attribute": "minecraft:generic.attack_speed",
        "name": "modifiers_reforged.mainhand.ranged.attack_speed_bonus",
        "amount": {
          "type": "minecraft:score",
          "target": "this",
          "score": "modifiers_reforged.AttackSpeedStart",
          "scale": 0.01
        },
        "operation": "addition",
        "id": "165fc0e9-6d22-4920-be80-39487bf04d57",
        "slot": "mainhand"
      }
    ],
    "conditions": [
      {
        "condition": "minecraft:entity_properties",
        "entity": "this",
        "predicate": {
          "equipment": {
            "mainhand": {
              "tag": "modifiers_reforged:categories/ranged"
            }
          }
        }
      },
      {
        "condition": "minecraft:inverted",
        "term": {
          "condition": "minecraft:entity_properties",
          "entity": "this",
          "predicate": {
            "equipment": {
              "mainhand": {
                "nbt": "{ModifiersReforged:{AttackSpeedBonus:0.0f}}"
              }
            }
          }
        }
      }
    ]
  },
  {
    "function": "minecraft:set_attributes",
    "modifiers": [
      {
        "attribute": "minecraft:generic.attack_damage",
        "name": "modifiers_reforged.mainhand.ranged.attack_damage_bonus",
        "amount": {
          "type": "minecraft:score",
          "target": "this",
          "score": "modifiers_reforged.AttackDamageStart",
          "scale": 0.01
        },
        "operation": "addition",
        "id": "165fc0e9-6d22-4920-be80-39487bf04d57",
        "slot": "mainhand"
      }
    ],
    "conditions": [
      {
        "condition": "minecraft:entity_properties",
        "entity": "this",
        "predicate": {
          "equipment": {
            "mainhand": {
              "tag": "modifiers_reforged:categories/ranged"
            }
          }
        }
      },
      {
        "condition": "minecraft:inverted",
        "term": {
          "condition": "minecraft:entity_properties",
          "entity": "this",
          "predicate": {
            "equipment": {
              "mainhand": {
                "nbt": "{ModifiersReforged:{AttackDamageBonus:0.0f}}"
              }
            }
          }
        }
      }
    ]
  },
  {
    "function": "minecraft:set_attributes",
    "modifiers": [
      {
        "attribute": "minecraft:generic.luck",
        "name": "modifiers_reforged.offhand.ranged.luck_bonus",
        "amount": {
          "type": "minecraft:score",
          "target": "this",
          "score": "modifiers_reforged.LuckBonus",
          "scale": 0.01
        },
        "operation": "addition",
        "id": "165fc0e9-6d22-4920-be80-39487bf04d57",
        "slot": "offhand"
      }
    ],
    "conditions": [
      {
        "condition": "minecraft:entity_properties",
        "entity": "this",
        "predicate": {
          "equipment": {
            "mainhand": {
              "tag": "modifiers_reforged:categories/ranged"
            }
          }
        }
      },
      {
        "condition": "minecraft:inverted",
        "term": {
          "condition": "minecraft:entity_properties",
          "entity": "this",
          "predicate": {
            "equipment": {
              "mainhand": {
                "nbt": "{ModifiersReforged:{LuckBonus:0.0f}}"
              }
            }
          }
        }
      }
    ]
  },
  {
    "function": "minecraft:set_attributes",
    "modifiers": [
      {
        "attribute": "minecraft:generic.movement_speed",
        "name": "modifiers_reforged.offhand.ranged.movement_speed_bonus",
        "amount": {
          "type": "minecraft:score",
          "target": "this",
          "score": "modifiers_reforged.MovementSpeedBonus",
          "scale": 0.01
        },
        "operation": "multiply_total",
        "id": "165fc0e9-6d22-4920-be80-39487bf04d57",
        "slot": "offhand"
      }
    ],
    "conditions": [
      {
        "condition": "minecraft:entity_properties",
        "entity": "this",
        "predicate": {
          "equipment": {
            "mainhand": {
              "tag": "modifiers_reforged:categories/ranged"
            }
          }
        }
      },
      {
        "condition": "minecraft:inverted",
        "term": {
          "condition": "minecraft:entity_properties",
          "entity": "this",
          "predicate": {
            "equipment": {
              "mainhand": {
                "nbt": "{ModifiersReforged:{MovementSpeedBonus:0.0f}}"
              }
            }
          }
        }
      }
    ]
  },
  {
    "function": "minecraft:set_attributes",
    "modifiers": [
      {
        "attribute": "minecraft:generic.armor_toughness",
        "name": "modifiers_reforged.offhand.ranged.armor_toughness_bonus",
        "amount": {
          "type": "minecraft:score",
          "target": "this",
          "score": "modifiers_reforged.ArmorToughnessBonus",
          "scale": 0.01
        },
        "operation": "addition",
        "id": "165fc0e9-6d22-4920-be80-39487bf04d57",
        "slot": "offhand"
      }
    ],
    "conditions": [
      {
        "condition": "minecraft:entity_properties",
        "entity": "this",
        "predicate": {
          "equipment": {
            "mainhand": {
              "tag": "modifiers_reforged:categories/ranged"
            }
          }
        }
      },
      {
        "condition": "minecraft:inverted",
        "term": {
          "condition": "minecraft:entity_properties",
          "entity": "this",
          "predicate": {
            "equipment": {
              "mainhand": {
                "nbt": "{ModifiersReforged:{ArmorToughnessBonus:0.0f}}"
              }
            }
          }
        }
      }
    ]
  },
  {
    "function": "minecraft:set_attributes",
    "modifiers": [
      {
        "attribute": "minecraft:generic.armor",
        "name": "modifiers_reforged.offhand.ranged.armor_bonus",
        "amount": {
          "type": "minecraft:score",
          "target": "this",
          "score": "modifiers_reforged.ArmorBonus",
          "scale": 0.01
        },
        "operation": "addition",
        "id": "165fc0e9-6d22-4920-be80-39487bf04d57",
        "slot": "offhand"
      }
    ],
    "conditions": [
      {
        "condition": "minecraft:entity_properties",
        "entity": "this",
        "predicate": {
          "equipment": {
            "mainhand": {
              "tag": "modifiers_reforged:categories/ranged"
            }
          }
        }
      },
      {
        "condition": "minecraft:inverted",
        "term": {
          "condition": "minecraft:entity_properties",
          "entity": "this",
          "predicate": {
            "equipment": {
              "mainhand": {
                "nbt": "{ModifiersReforged:{ArmorBonus:0.0f}}"
              }
            }
          }
        }
      }
    ]
  },
  {
    "function": "minecraft:set_attributes",
    "modifiers": [
      {
        "attribute": "minecraft:generic.attack_speed",
        "name": "modifiers_reforged.offhand.ranged.attack_speed_bonus",
        "amount": {
          "type": "minecraft:score",
          "target": "this",
          "score": "modifiers_reforged.AttackSpeedStart",
          "scale": 0.01
        },
        "operation": "addition",
        "id": "165fc0e9-6d22-4920-be80-39487bf04d57",
        "slot": "offhand"
      }
    ],
    "conditions": [
      {
        "condition": "minecraft:entity_properties",
        "entity": "this",
        "predicate": {
          "equipment": {
            "mainhand": {
              "tag": "modifiers_reforged:categories/ranged"
            }
          }
        }
      },
      {
        "condition": "minecraft:inverted",
        "term": {
          "condition": "minecraft:entity_properties",
          "entity": "this",
          "predicate": {
            "equipment": {
              "mainhand": {
                "nbt": "{ModifiersReforged:{AttackSpeedBonus:0.0f}}"
              }
            }
          }
        }
      }
    ]
  },
  {
    "function": "minecraft:set_attributes",
    "modifiers": [
      {
        "attribute": "minecraft:generic.attack_damage",
        "name": "modifiers_reforged.offhand.ranged.attack_damage_bonus",
        "amount": {
          "type": "minecraft:score",
          "target": "this",
          "score": "modifiers_reforged.AttackDamageStart",
          "scale": 0.01
        },
        "operation": "addition",
        "id": "165fc0e9-6d22-4920-be80-39487bf04d57",
        "slot": "offhand"
      }
    ],
    "conditions": [
      {
        "condition": "minecraft:entity_properties",
        "entity": "this",
        "predicate": {
          "equipment": {
            "mainhand": {
              "tag": "modifiers_reforged:categories/ranged"
            }
          }
        }
      },
      {
        "condition": "minecraft:inverted",
        "term": {
          "condition": "minecraft:entity_properties",
          "entity": "this",
          "predicate": {
            "equipment": {
              "mainhand": {
                "nbt": "{ModifiersReforged:{AttackDamageBonus:0.0f}}"
              }
            }
          }
        }
      }
    ]
  }
]
