{
    "id": 51,
    "title": "Fresh Fertilizer",
    "level": 5,
    "type": "",
    "profession": "farmer",
    "refresh": 15000,
    "task": [
        "submit",
        "minecraft:bone_meal",
        64
    ],
    "description": "Hey there my friend! Listen, I hope you could understand but the farms haven't been producing as much produce as of late. Would you mind giving me some bone meal? The crops would appreciate it!",
    "experience": 120,
    "reward": [
		"numismatic-overhaul:silver_coin",
        10
    ]
}