{
    "id": 56,
    "title": "Event Quest",
    "level": 0,
    "type": "fight",
    "profession": "farmer",
    "refresh": 1,
    "task": [
        "kill",
        "soulsweapons:returning_knight",
        1
    ],
    "description": "Word's been going around that a creature of steel has been going around destroying other villages, please stop it before it gets to us!",
    "experience": 10,
    "reward": [
        "numismatic-overhaul:gold_coin",
        10,
		"numismatic-overhaul:silver_coin",
        45
    ]
}