{
    "id": 55,
    "title": "Until we till again",
    "level": 5,
    "type": "farm",
    "profession": "farmer",
    "refresh": 60000,
    "task": [
        "submit",
        "minecraft:wheat",
        384,
        "submit",
        "minecraft:potato",
        320,
        "submit",
        "minecraft:beetroot",
        320,
        "sumbit",
        "minecraft:carrot",
        320,
        "submit",
        "minecraft:brown_mushroom",
        32,
        "submit",
        "farmersdelight:cabbage",
        192,
		"submit",
        "farmersdelight:rice",
        128,
		"submit",
        "farmersdelight:rice",
        128,
		"submit",
        "farmersdelight:tomato",
        48
    ],
    "description": "Today, we celebrate the birthday of our ancestors. As a tribute, we shall harvest all that we can to be cooked and eaten and offered to them.",
    "experience": 500,
    "reward": [
        "numismatic-overhaul:gold_coin",
        20,
		"numismatic-overhaul:silver_coin",
        40
    ]
}