{
  "name": "ethrium:church",
  "fallback": "minecraft:empty",
  "elements": [
    {
      "weight": 2,
      "element": {
        "element_type": "minecraft:single_pool_element",
        "projection": "rigid",
        "location": "ethrium:livilium_ruins/ruin_1",
        "processors": "ethrium:livilium_ruins"
      }
    },
    {
      "weight": 2,
      "element": {
        "element_type": "minecraft:single_pool_element",
        "projection": "rigid",
        "location": "ethrium:livilium_ruins/ruin_2",
        "processors": "ethrium:livilium_ruins"
      }
    },
    {
      "weight": 2,
      "element": {
        "element_type": "minecraft:single_pool_element",
        "projection": "rigid",
        "location": "ethrium:livilium_ruins/ruin_3",
        "processors": "ethrium:livilium_ruins"
      }
    },
    {
      "weight": 1,
      "element": {
        "element_type": "minecraft:single_pool_element",
        "projection": "rigid",
        "location": "ethrium:livilium_ruins/ruin_4",
        "processors": "ethrium:livilium_ruins"
      }
    }
  ]
}
