[
    {
        "function": "minecraft:set_attributes",
        "modifiers": [
            {
                "attribute": "minecraft:generic.knockback_resistance",
                "name": "minecraft:generic.attack_damage",
                "amount": 0.3,
                "operation": "addition",
                "slot": "mainhand"
            },
            {
                "attribute": "minecraft:generic.knockback_resistance",
                "name": "minecraft:generic.attack_damage",
                "amount": 0.3,
                "operation": "addition",
                "slot": "offhand"
            }
        ]
    },
    {
        "function": "minecraft:set_lore",
        "entity": "this",
        "lore": [
            {
                "color": "gray",
                "italic": true,
                "translate": "item_mod.essrpg.fight.fmaxwltool.1.lore.0"
            },
            {
                "color": "red",
                "italic": true,
                "translate": "item_mod.essrpg.fight.fmaxwltool.1.lore.1"
            },
            {
                "color": "red",
                "italic": true,
                "translate": "item_mod.essrpg.fight.fmaxwltool.1.lore.2"
            },
            {
                "color": "red",
                "italic": true,
                "translate": "item_mod.essrpg.fight.fmaxwltool.1.lore.3"
            }
        ]
    }
]