{
  "name": "ethrium:ruined_tower/stairs",
  "fallback": "minecraft:empty",
  "elements": [
    {
      "weight": 6,
      "element": {
        "element_type": "minecraft:single_pool_element",
        "projection": "rigid",
        "location": "ethrium:ruined_tower/rooms/room_1",
        "processors": "ethrium:ruined"
      }
    },
    {
      "weight": 2,
      "element": {
        "element_type": "minecraft:single_pool_element",
        "projection": "rigid",
        "location": "ethrium:ruined_tower/rooms/room_2",
        "processors": "ethrium:ruined"
      }
    },
    {
      "weight": 2,
      "element": {
        "element_type": "minecraft:single_pool_element",
        "projection": "rigid",
        "location": "ethrium:ruined_tower/rooms/room_3",
        "processors": "ethrium:ruined"
      }
    },
    {
      "weight": 2,
      "element": {
        "element_type": "minecraft:single_pool_element",
        "projection": "rigid",
        "location": "ethrium:ruined_tower/rooms/room_4",
        "processors": "ethrium:ruined_extra"
      }
    },
    {
      "weight": 2,
      "element": {
        "element_type": "minecraft:single_pool_element",
        "projection": "rigid",
        "location": "ethrium:ruined_tower/rooms/chest_room",
        "processors": "ethrium:ruined_extra"
      }
    },
    {
      "weight": 1,
      "element": {
        "element_type": "minecraft:single_pool_element",
        "projection": "rigid",
        "location": "ethrium:ruined_tower/rooms/room_5",
        "processors": "ethrium:ruined"
      }
    },
    {
      "weight": 2,
      "element": {
        "element_type": "minecraft:single_pool_element",
        "projection": "rigid",
        "location": "ethrium:ruined_tower/rooms/room_6",
        "processors": "ethrium:ruined"
      }
    }
  ]
}