{
  "name": "ethrium:ruined_tower/stairs",
  "fallback": "ethrium:ruined_tower/tops",
  "elements": [
    {
      "weight": 1,
      "element": {
        "element_type": "minecraft:single_pool_element",
        "projection": "rigid",
        "location": "ethrium:ruined_tower/tops/top_1",
        "processors": "ethrium:ruined"
      }
    },
    {
      "weight": 1,
      "element": {
        "element_type": "minecraft:single_pool_element",
        "projection": "rigid",
        "location": "ethrium:ruined_tower/tops/top_2",
        "processors": "ethrium:ruined"
      }
    },
    {
      "weight": 3,
      "element": {
        "element_type": "minecraft:single_pool_element",
        "projection": "rigid",
        "location": "ethrium:ruined_tower/stairs/stairs_3",
        "processors": "ethrium:ruined"
      }
    },
    {
      "weight": 5,
      "element": {
        "element_type": "minecraft:single_pool_element",
        "projection": "rigid",
        "location": "ethrium:ruined_tower/stairs/stairs_2",
        "processors": "ethrium:ruined"
      }
    },
    {
      "weight": 3,
      "element": {
        "element_type": "minecraft:single_pool_element",
        "projection": "rigid",
        "location": "ethrium:ruined_tower/stairs/stairs_1",
        "processors": "ethrium:ruined"
      }
    }
  ]
}