{
  "type": "minecraft:jigsaw",
  "biomes": [
    "ethrium:livilium/livilium_plains",
    "ethrium:livilium/livilium_forest",
    "ethrium:livilium/livilium_delta",
    "ethrium:livilium/overgrown_islands",
    "ethrium:livilium/cheery_tree_forest"
  ],
  "step": "surface_structures",
  "spawn_overrides": {},
  "terrain_adaptation": "beard_thin",
  "start_pool": "ethrium:livilium_ruins",
  "size": 3,
  "start_height": {
    "type": "minecraft:uniform",
    "min_inclusive": {
      "absolute": 100
    },
    "max_inclusive": {
      "absolute": 200
    }
  },
  "max_distance_from_center": 100,
  "use_expansion_hack": false
}
