{
  "type": "minecraft:jigsaw",
  "biomes": [
    "ethrium:livilium/livilium_plains",
    "ethrium:livilium/livilium_forest",
    "ethrium:livilium/livilium_delta",
    "ethrium:livilium/overgrown_islands",
    "ethrium:livilium/cheery_tree_forest"
  ],
  "step": "surface_structures",
  "spawn_overrides": {},
  "terrain_adaptation": "beard_thin",
  "start_pool": "ethrium:livilium_tower",
  "size": 7,
  "start_height": {
    "type": "minecraft:uniform",
    "min_inclusive": {
      "absolute": 130
    },
    "max_inclusive": {
      "absolute": 180
    }
  },
  "project_start_to_heightmap": "WORLD_SURFACE_WG",
  "max_distance_from_center": 60,
  "use_expansion_hack": false
}
