{
  "type": "minecraft:jigsaw",
  "biomes": [
    "minecraft:flower_forest",
    "minecraft:forest",
    "minecraft:dark_forest",
    "minecraft:old_growth_pine_taiga",
    "minecraft:old_growth_spruce_taiga",
    "minecraft:taiga",
    "minecraft:snowy_taiga"
  ],
  "step": "surface_structures",
  "spawn_overrides": {},
  "terrain_adaptation": "beard_thin",
  "start_pool": "ethrium:rustic_church",
  "size": 3,
  "start_height": {
    "absolute": 0
  },
  "project_start_to_heightmap": "WORLD_SURFACE_WG",
  "max_distance_from_center": 100,
  "use_expansion_hack": false
}
