{
    "id": 81,
    "title": "Advanced bow",
    "level": 0,
    "type": "",
    "profession": "fletcher",
    "refresh": 900,
    "task": [
        "submit",
        "minecraft:crossbow",
        4
    ],
    "description": "Hello, can you bring me a few crossbows? We've been meaning to teach our guards how to use them against the pillagers.",
    "experience": 10,
    "reward": [
        "numismatic-overhaul:silver_coin",
        30,
        "numismatic-overhaul:bronze_coin",
        70
    ]
}