{
    "id": 86,
    "title": "Retooling",
    "level": 0,
    "type": "",
    "profession": "fletcher",
    "refresh": 900,
    "task": [
        "submit",
        "minecraft:bow",
        18,
        "submit",
        "minecraft:crossbow",
        12
    ],
    "description": "Hi there, I've been tasked with re-equipping the guards with bows and crossbows, but I ran out of them! Please bring me some.",
    "experience": 10,
    "reward": [
        "numismatic-overhaul:gold_coin",
        3
    ]
}