{
    "id": 80,
    "title": "Bowmaking",
    "level": 0,
    "type": "",
    "profession": "fletcher",
    "refresh": 900,
    "task": [
        "submit",
        "minecraft:stick",
        20,
        "submit",
        "minecraft:string",
        32
    ],
    "description": "Hey there! Are you a new recruit? Well I've got a task for you, collect some materials so I can make a few bows for you and your new colleagues.",
    "experience": 10,
    "reward": [
        "numismatic-overhaul:silver_coin",
        10,
        "numismatic-overhaul:bronze_coin",
        80
    ]
}