{
    "id": 998,
    "title": "The final frontier",
    "level": 5,
    "type": "",
    "profession": "fisherman",
    "task": [
        "submit",
        "gofish:dragonfish",
        1
    ],
    "description": "Space.. Or the end, as you call it. I'm sure it has fish of some kind and I'm sure you're fit to catch it! Bring it to me as your final task, and you shall be promoted to Master of fishing.",
    "experience": 1000,
    "reward": [
        "numismatic-overhaul:gold_coin",
        5,
		"Master fishing rank"
    ]
}