{
    "id": 95,
    "title": "Plain beginnings",
    "level": 2,
    "type": "",
    "profession": "fisherman",
    "task": [
        "submit",
        "gofish:oakfish",
        8,
        "submit",
        "gofish:carrot_carp",
        8
    ],
    "description": "Alright, let's see how you use that rod! To start out your fishing quest, catch me some Carrot Carp and Oak Fish! You can find these in plains and forest waters.",
    "experience": 10,
    "reward": [
        "numismatic-overhaul:silver_coin",
        40,
		"gofish:wooden_crate",
        1,
		"Beginner fishing rank"
    ]
}