{
    "id": 100,
    "title": "From cold to hot",
    "level": 4,
    "type": "",
    "profession": "fisherman",
    "task": [
        "submit",
        "gofish:soul_salmon",
        8,
		"submit",
        "gofish:obsidian_halibut",
        8,
		"submit",
        "gofish:basalt_bass",
        6,
        "submit",
        "gofish:blackstone_trout",
        4
    ],
    "description": "My informats tell me that someone has opened a portal to the nether. I'm sure there's fish there too and I want them. Bring me some!",
    "experience": 70,
    "reward": [
        "numismatic-overhaul:silver_coin",
        90,
		"gofish:golden_crate",
		1,
		"Expert fishing rank"
    ]
}