{
    "id": 99,
    "title": "Icefishing",
    "level": 4,
    "type": "",
    "profession": "fisherman",
    "task": [
        "submit",
        "gofish:icicle_fish",
        2,
		"submit",
        "gofish:snowball_fish",
        4
    ],
    "description": "There's bound to be special kinds of fish in cold biomes. Pack some warm clothes and catch me some of these fish!",
    "experience": 70,
    "reward": [
        "numismatic-overhaul:silver_coin",
        80,
		"gofish:frosted_crate",
        1,
		"Expert fishing rank"
    ]
}