{
    "id": 93,
    "title": "Material gathering",
    "level": 1,
    "type": "",
    "profession": "fisherman",
    "task": [
        "submit",
        "minecraft:stick",
        6,
		"submit",
        "minecraft:string",
        4,
        "submit",
        "numismatic-overhaul:silver_coin",
        2
    ],
    "description": "Hey there, bud, would you like to become a fisherman? Well first things first, you should get a rod! I'll make you one if you bring me the materials, and some coin.",
    "experience": 10,
    "reward": [
		"command=/give @s fishing_rod{display:{Name:'{"text":"Fishing pole","color":"white","italic":false}',Lore:['{"text":"You feel as if it\'ll be better at catching fish than if you made it yourself","italic":false}']},HideFlags:3,Enchantments:[{id:"minecraft:unbreaking",lvl:1s},{id:"minecraft:lure",lvl:1s}],AttributeModifiers:[{AttributeName:"generic.knockback_resistance",Name:"generic.knockback_resistance",Amount:1,Operation:0,UUID:[I;-1356215834,1103578457,-1745168753,1658128224]}]} 1",
        "Improved fishing pole"
    ]
}