{
    "id": 96,
    "title": "Fish for a rainy day",
    "level": 2,
    "type": "",
    "profession": "fisherman",
    "task": [
        "submit",
        "gofish:rainy_bass",
        4,
		"submit",
        "gofish:thundering_bass",
        4
    ],
    "description": "Supposedly, the weather plays a part in what fish show up. Catch me some Rainy Bass and Thundering bass!",
    "experience": 10,
    "reward": [
        "numismatic-overhaul:silver_coin",
        90,
		"gofish:supply_crate",
        1,
		"Beginner fishing rank"
    ]
}