{
    "id": 98,
    "title": "Head in the clouds",
    "level": 3,
    "type": "",
    "profession": "fisherman",
    "task": [
        "submit",
        "gofish:cloudy_crab",
        1
    ],
    "description": "This one's going to be hard. Rumor has it that there was a king that lived in a castle in the sky and bred a special race of crabs. Find a skycastle and bring me one of those crabs.",
    "experience": 50,
    "reward": [
        "numismatic-overhaul:silver_coin",
        80,
		"gofish:iron_crate",
        2,
		"Advanced fishing rank"
    ]
}