{
    "id": 97,
    "title": "Fool Moon fishing",
    "level": 3,
    "type": "",
    "profession": "fisherman",
    "task": [
        "submit",
        "gofish:lunarfish",
        4,
		"submit",
        "gofish:nebula_swordfish",
        4,
        "submit",
        "gofish:galaxy_starfish",
        4
    ],
    "description": "During a full moon, a bunch of rare fish show up. Catch me some!",
    "experience": 50,
    "reward": [
        "numismatic-overhaul:silver_coin",
        80,
		"Advanced fishing rank"
    ]
}