[
  {
    "function": "minecraft:set_nbt",
    "tag": "{ModifiersReforged:{Modifier:-1}}",
    "conditions": [
      {
        "condition": "minecraft:entity_properties",
        "entity": "this",
        "predicate": {
          "equipment": {
            "chest": {
              "tag": "modifiers_reforged:modifiable"
            }
          }
        }
      },
      {
        "condition": "minecraft:inverted",
        "term": {
          "condition": "minecraft:entity_properties",
          "entity": "this",
          "predicate": {
            "equipment": {
              "chest": {
                "nbt": "{RandomModifier:0}"
              }
            }
          }
        }
      }
    ]
  },
  {
    "function": "minecraft:set_nbt",
    "tag": "{HideFlags:2}",
    "conditions": [
      {
        "condition": "minecraft:entity_properties",
        "entity": "this",
        "predicate": {
          "equipment": {
            "chest": {
              "tag": "modifiers_reforged:modifiable_chest"
            }
          }
        }
      }
    ]
  },
  {
    "function": "minecraft:set_nbt",
    "tag": "{ModifiersReforged:{Category:\"Armor\"}}",
    "conditions": [
      {
        "condition": "minecraft:alternative",
        "terms": [
          {
            "condition": "minecraft:entity_properties",
            "entity": "this",
            "predicate": {
              "equipment": {
                "chest": {
                  "tag": "modifiers_reforged:categories/armor"
                }
              }
            }
          }
        ]
      }
    ]
  },
  {
    "function": "minecraft:set_nbt",
    "tag": "{ModifiersReforged:{MaterialValue:1b}}",
    "conditions": [
      {
        "condition": "minecraft:entity_properties",
        "entity": "this",
        "predicate": {
          "equipment": {
            "chest": {
              "tag": "modifiers_reforged:material_tiers/tier_1"
            }
          }
        }
      }
    ]
  },
  {
    "function": "minecraft:set_nbt",
    "tag": "{ModifiersReforged:{MaterialValue:2b}}",
    "conditions": [
      {
        "condition": "minecraft:entity_properties",
        "entity": "this",
        "predicate": {
          "equipment": {
            "chest": {
              "tag": "modifiers_reforged:material_tiers/tier_2"
            }
          }
        }
      }
    ]
  },
  {
    "function": "minecraft:set_nbt",
    "tag": "{ModifiersReforged:{MaterialValue:3b}}",
    "conditions": [
      {
        "condition": "minecraft:entity_properties",
        "entity": "this",
        "predicate": {
          "equipment": {
            "chest": {
              "tag": "modifiers_reforged:material_tiers/tier_3"
            }
          }
        }
      }
    ]
  },
  {
    "function": "minecraft:set_nbt",
    "tag": "{ModifiersReforged:{MaterialValue:4b}}",
    "conditions": [
      {
        "condition": "minecraft:entity_properties",
        "entity": "this",
        "predicate": {
          "equipment": {
            "chest": {
              "tag": "modifiers_reforged:material_tiers/tier_4"
            }
          }
        }
      }
    ]
  },
  {
    "function": "minecraft:set_nbt",
    "tag": "{ModifiersReforged:{MaterialValue:5b}}",
    "conditions": [
      {
        "condition": "minecraft:entity_properties",
        "entity": "this",
        "predicate": {
          "equipment": {
            "chest": {
              "tag": "modifiers_reforged:material_tiers/tier_5"
            }
          }
        }
      }
    ]
  },
  {
    "function": "minecraft:set_nbt",
    "tag": "{ModifiersReforged:{MaterialValue:6b}}",
    "conditions": [
      {
        "condition": "minecraft:entity_properties",
        "entity": "this",
        "predicate": {
          "equipment": {
            "chest": {
              "tag": "modifiers_reforged:material_tiers/tier_6"
            }
          }
        }
      }
    ]
  },
  {
    "function": "minecraft:set_nbt",
    "tag": "{ModifiersReforged:{MaterialValue:7b}}",
    "conditions": [
      {
        "condition": "minecraft:entity_properties",
        "entity": "this",
        "predicate": {
          "equipment": {
            "chest": {
              "tag": "modifiers_reforged:material_tiers/tier_7"
            }
          }
        }
      }
    ]
  },
  {
    "function": "minecraft:set_nbt",
    "tag": "{ModifiersReforged:{AttackDamage:1.0f}}",
    "conditions": [
      {
        "condition": "minecraft:inverted",
        "term": {
          "condition": "minecraft:entity_properties",
          "entity": "this",
          "predicate": {
            "equipment": {
              "chest": {
                "tag": "modifiers_reforged:categories/melee"
              }
            }
          }
        }
      }
    ]
  },
  {
    "function": "minecraft:set_nbt",
    "tag": "{ModifiersReforged:{AttackSpeed:4.0f}}",
    "conditions": [
      {
        "condition": "minecraft:inverted",
        "term": {
          "condition": "minecraft:entity_properties",
          "entity": "this",
          "predicate": {
            "equipment": {
              "chest": {
                "tag": "modifiers_reforged:categories/melee"
              }
            }
          }
        }
      }
    ]
  }
]