[
  {
    "function": "minecraft:set_nbt",
    "tag": "{ModifiersReforged:{Modifier:-1}}",
    "conditions": [
      {
        "condition": "minecraft:entity_properties",
        "entity": "this",
        "predicate": {
          "equipment": {
            "mainhand": {
              "tag": "modifiers_reforged:modifiable"
            }
          }
        }
      },
      {
        "condition": "minecraft:inverted",
        "term": {
          "condition": "minecraft:entity_properties",
          "entity": "this",
          "predicate": {
            "equipment": {
              "mainhand": {
                "nbt": "{RandomModifier:0}"
              }
            }
          }
        }
      }
    ]
  },
  {
    "function": "minecraft:set_nbt",
    "tag": "{HideFlags:2}",
    "conditions": [
      {
        "condition": "minecraft:entity_properties",
        "entity": "this",
        "predicate": {
          "equipment": {
            "mainhand": {
              "tag": "modifiers_reforged:modifiable"
            }
          }
        }
      }
    ]
  },
  {
    "function": "minecraft:set_nbt",
    "tag": "{ModifiersReforged:{Category:\"Melee\"}}",
    "conditions": [
      {
        "condition": "minecraft:entity_properties",
        "entity": "this",
        "predicate": {
          "equipment": {
            "mainhand": {
              "tag": "modifiers_reforged:categories/melee"
            }
          }
        }
      }
    ]
  },
  {
    "function": "minecraft:set_nbt",
    "tag": "{ModifiersReforged:{Category:\"Ranged\"}}",
    "conditions": [
      {
        "condition": "minecraft:entity_properties",
        "entity": "this",
        "predicate": {
          "equipment": {
            "mainhand": {
              "tag": "modifiers_reforged:categories/ranged"
            }
          }
        }
      }
    ]
  },
  {
    "function": "minecraft:set_nbt",
    "tag": "{ModifiersReforged:{Category:\"Armor\"}}",
    "conditions": [
      {
        "condition": "minecraft:alternative",
        "terms": [
          {
            "condition": "minecraft:entity_properties",
            "entity": "this",
            "predicate": {
              "equipment": {
                "mainhand": {
                  "tag": "modifiers_reforged:categories/armor"
                }
              }
            }
          },
          {
            "condition": "minecraft:entity_properties",
            "entity": "this",
            "predicate": {
              "equipment": {
                "mainhand": {
                  "tag": "modifiers_reforged:categories/offhand_armor"
                }
              }
            }
          }
        ]
      }
    ]
  },
  {
    "function": "minecraft:set_nbt",
    "tag": "{ModifiersReforged:{MaterialValue:1b}}",
    "conditions": [
      {
        "condition": "minecraft:entity_properties",
        "entity": "this",
        "predicate": {
          "equipment": {
            "mainhand": {
              "tag": "modifiers_reforged:material_tiers/tier_1"
            }
          }
        }
      }
    ]
  },
  {
    "function": "minecraft:set_nbt",
    "tag": "{ModifiersReforged:{MaterialValue:2b}}",
    "conditions": [
      {
        "condition": "minecraft:entity_properties",
        "entity": "this",
        "predicate": {
          "equipment": {
            "mainhand": {
              "tag": "modifiers_reforged:material_tiers/tier_2"
            }
          }
        }
      }
    ]
  },
  {
    "function": "minecraft:set_nbt",
    "tag": "{ModifiersReforged:{MaterialValue:3b}}",
    "conditions": [
      {
        "condition": "minecraft:entity_properties",
        "entity": "this",
        "predicate": {
          "equipment": {
            "mainhand": {
              "tag": "modifiers_reforged:material_tiers/tier_3"
            }
          }
        }
      }
    ]
  },
  {
    "function": "minecraft:set_nbt",
    "tag": "{ModifiersReforged:{MaterialValue:4b}}",
    "conditions": [
      {
        "condition": "minecraft:entity_properties",
        "entity": "this",
        "predicate": {
          "equipment": {
            "mainhand": {
              "tag": "modifiers_reforged:material_tiers/tier_4"
            }
          }
        }
      }
    ]
  },
  {
    "function": "minecraft:set_nbt",
    "tag": "{ModifiersReforged:{MaterialValue:5b}}",
    "conditions": [
      {
        "condition": "minecraft:entity_properties",
        "entity": "this",
        "predicate": {
          "equipment": {
            "mainhand": {
              "tag": "modifiers_reforged:material_tiers/tier_5"
            }
          }
        }
      }
    ]
  },
  {
    "function": "minecraft:set_nbt",
    "tag": "{ModifiersReforged:{MaterialValue:6b}}",
    "conditions": [
      {
        "condition": "minecraft:entity_properties",
        "entity": "this",
        "predicate": {
          "equipment": {
            "mainhand": {
              "tag": "modifiers_reforged:material_tiers/tier_6"
            }
          }
        }
      }
    ]
  },
  {
    "function": "minecraft:set_nbt",
    "tag": "{ModifiersReforged:{MaterialValue:7b}}",
    "conditions": [
      {
        "condition": "minecraft:entity_properties",
        "entity": "this",
        "predicate": {
          "equipment": {
            "mainhand": {
              "tag": "modifiers_reforged:material_tiers/tier_7"
            }
          }
        }
      }
    ]
  },
  {
    "function": "minecraft:set_nbt",
    "tag": "{ModifiersReforged:{AttackDamage:1.0f}}",
    "conditions": [
      {
        "condition": "minecraft:entity_properties",
        "entity": "this",
        "predicate": {
          "equipment": {
            "mainhand": {
              "items": [
                "minecraft:wooden_hoe",
                "minecraft:stone_hoe",
                "minecraft:iron_hoe",
                "minecraft:golden_hoe",
                "minecraft:diamond_hoe",
                "minecraft:netherite_hoe"
              ]
            }
          }
        }
      }
    ]
  },
  {
    "function": "minecraft:set_nbt",
    "tag": "{ModifiersReforged:{AttackDamage:2.0f}}",
    "conditions": [
      {
        "condition": "minecraft:entity_properties",
        "entity": "this",
        "predicate": {
          "equipment": {
            "mainhand": {
              "items": [
                "minecraft:wooden_pickaxe",
                "minecraft:golden_pickaxe"
              ]
            }
          }
        }
      }
    ]
  },
  {
    "function": "minecraft:set_nbt",
    "tag": "{ModifiersReforged:{AttackDamage:2.5f}}",
    "conditions": [
      {
        "condition": "minecraft:entity_properties",
        "entity": "this",
        "predicate": {
          "equipment": {
            "mainhand": {
              "items": [
                "minecraft:wooden_shovel",
                "minecraft:golden_shovel"
              ]
            }
          }
        }
      }
    ]
  },
  {
    "function": "minecraft:set_nbt",
    "tag": "{ModifiersReforged:{AttackDamage:3.0f}}",
    "conditions": [
      {
        "condition": "minecraft:entity_properties",
        "entity": "this",
        "predicate": {
          "equipment": {
            "mainhand": {
              "items": [
                "minecraft:stone_pickaxe"
              ]
            }
          }
        }
      }
    ]
  },
  {
    "function": "minecraft:set_nbt",
    "tag": "{ModifiersReforged:{AttackDamage:3.5f}}",
    "conditions": [
      {
        "condition": "minecraft:entity_properties",
        "entity": "this",
        "predicate": {
          "equipment": {
            "mainhand": {
              "items": [
                "minecraft:stone_shovel"
              ]
            }
          }
        }
      }
    ]
  },
  {
    "function": "minecraft:set_nbt",
    "tag": "{ModifiersReforged:{AttackDamage:4.0f}}",
    "conditions": [
      {
        "condition": "minecraft:entity_properties",
        "entity": "this",
        "predicate": {
          "equipment": {
            "mainhand": {
              "items": [
                "minecraft:wooden_sword",
                "minecraft:golden_sword",
                "minecraft:iron_pickaxe"
              ]
            }
          }
        }
      }
    ]
  },
  {
    "function": "minecraft:set_nbt",
    "tag": "{ModifiersReforged:{AttackDamage:4.5f}}",
    "conditions": [
      {
        "condition": "minecraft:entity_properties",
        "entity": "this",
        "predicate": {
          "equipment": {
            "mainhand": {
              "items": [
                "minecraft:iron_shovel"
              ]
            }
          }
        }
      }
    ]
  },
  {
    "function": "minecraft:set_nbt",
    "tag": "{ModifiersReforged:{AttackDamage:5.0f}}",
    "conditions": [
      {
        "condition": "minecraft:entity_properties",
        "entity": "this",
        "predicate": {
          "equipment": {
            "mainhand": {
              "items": [
                "minecraft:stone_sword",
                "minecraft:diamond_pickaxe"
              ]
            }
          }
        }
      }
    ]
  },
  {
    "function": "minecraft:set_nbt",
    "tag": "{ModifiersReforged:{AttackDamage:5.5f}}",
    "conditions": [
      {
        "condition": "minecraft:entity_properties",
        "entity": "this",
        "predicate": {
          "equipment": {
            "mainhand": {
              "items": [
                "minecraft:diamond_shovel"
              ]
            }
          }
        }
      }
    ]
  },
  {
    "function": "minecraft:set_nbt",
    "tag": "{ModifiersReforged:{AttackDamage:6.0f}}",
    "conditions": [
      {
        "condition": "minecraft:entity_properties",
        "entity": "this",
        "predicate": {
          "equipment": {
            "mainhand": {
              "items": [
                "minecraft:iron_sword",
                "minecraft:netherite_pickaxe"
              ]
            }
          }
        }
      }
    ]
  },
  {
    "function": "minecraft:set_nbt",
    "tag": "{ModifiersReforged:{AttackDamage:6.5f}}",
    "conditions": [
      {
        "condition": "minecraft:entity_properties",
        "entity": "this",
        "predicate": {
          "equipment": {
            "mainhand": {
              "items": [
                "minecraft:netherite_shovel"
              ]
            }
          }
        }
      }
    ]
  },
  {
    "function": "minecraft:set_nbt",
    "tag": "{ModifiersReforged:{AttackDamage:7.0f}}",
    "conditions": [
      {
        "condition": "minecraft:entity_properties",
        "entity": "this",
        "predicate": {
          "equipment": {
            "mainhand": {
              "items": [
                "minecraft:diamond_sword",
                "minecraft:wooden_axe",
                "minecraft:golden_axe"
              ]
            }
          }
        }
      }
    ]
  },
  {
    "function": "minecraft:set_nbt",
    "tag": "{ModifiersReforged:{AttackDamage:8.0f}}",
    "conditions": [
      {
        "condition": "minecraft:entity_properties",
        "entity": "this",
        "predicate": {
          "equipment": {
            "mainhand": {
              "items": [
                "minecraft:netherite_sword"
              ]
            }
          }
        }
      }
    ]
  },
  {
    "function": "minecraft:set_nbt",
    "tag": "{ModifiersReforged:{AttackDamage:9.0f}}",
    "conditions": [
      {
        "condition": "minecraft:entity_properties",
        "entity": "this",
        "predicate": {
          "equipment": {
            "mainhand": {
              "items": [
                "minecraft:stone_axe",
                "minecraft:iron_axe",
                "minecraft:diamond_axe",
                "minecraft:trident"
              ]
            }
          }
        }
      }
    ]
  },
  {
    "function": "minecraft:set_nbt",
    "tag": "{ModifiersReforged:{AttackDamage:10.0f}}",
    "conditions": [
      {
        "condition": "minecraft:entity_properties",
        "entity": "this",
        "predicate": {
          "equipment": {
            "mainhand": {
              "items": [
                "minecraft:netherite_axe"
              ]
            }
          }
        }
      }
    ]
  },
  {
    "function": "minecraft:set_nbt",
    "tag": "{ModifiersReforged:{AttackSpeed:0.8f}}",
    "conditions": [
      {
        "condition": "minecraft:entity_properties",
        "entity": "this",
        "predicate": {
          "equipment": {
            "mainhand": {
              "items": [
                "minecraft:wooden_axe",
                "minecraft:stone_axe"
              ]
            }
          }
        }
      }
    ]
  },
  {
    "function": "minecraft:set_nbt",
    "tag": "{ModifiersReforged:{AttackSpeed:0.9f}}",
    "conditions": [
      {
        "condition": "minecraft:entity_properties",
        "entity": "this",
        "predicate": {
          "equipment": {
            "mainhand": {
              "items": [
                "minecraft:iron_axe"
              ]
            }
          }
        }
      }
    ]
  },
  {
    "function": "minecraft:set_nbt",
    "tag": "{ModifiersReforged:{AttackSpeed:1.0f}}",
    "conditions": [
      {
        "condition": "minecraft:entity_properties",
        "entity": "this",
        "predicate": {
          "equipment": {
            "mainhand": {
              "items": [
                "minecraft:wooden_shovel",
                "minecraft:stone_shovel",
                "minecraft:iron_shovel",
                "minecraft:golden_shovel",
                "minecraft:diamond_shovel",
                "minecraft:netherite_shovel",
                "minecraft:wooden_hoe",
                "minecraft:golden_axe",
                "minecraft:diamond_axe",
                "minecraft:netherite_axe"
              ]
            }
          }
        }
      }
    ]
  },
  {
    "function": "minecraft:set_nbt",
    "tag": "{ModifiersReforged:{AttackSpeed:1.1f}}",
    "conditions": [
      {
        "condition": "minecraft:entity_properties",
        "entity": "this",
        "predicate": {
          "equipment": {
            "mainhand": {
              "items": [
                "minecraft:trident"
              ]
            }
          }
        }
      }
    ]
  },
  {
    "function": "minecraft:set_nbt",
    "tag": "{ModifiersReforged:{AttackSpeed:1.2f}}",
    "conditions": [
      {
        "condition": "minecraft:entity_properties",
        "entity": "this",
        "predicate": {
          "equipment": {
            "mainhand": {
              "items": [
                "minecraft:wooden_pickaxe",
                "minecraft:stone_pickaxe",
                "minecraft:iron_pickaxe",
                "minecraft:golden_pickaxe",
                "minecraft:diamond_pickaxe",
                "minecraft:netherite_pickaxe"
              ]
            }
          }
        }
      }
    ]
  },
  {
    "function": "minecraft:set_nbt",
    "tag": "{ModifiersReforged:{AttackSpeed:1.6f}}",
    "conditions": [
      {
        "condition": "minecraft:entity_properties",
        "entity": "this",
        "predicate": {
          "equipment": {
            "mainhand": {
              "items": [
                "minecraft:wooden_sword",
                "minecraft:stone_sword",
                "minecraft:iron_sword",
                "minecraft:golden_sword",
                "minecraft:diamond_sword",
                "minecraft:netherite_sword"
              ]
            }
          }
        }
      }
    ]
  },
  {
    "function": "minecraft:set_nbt",
    "tag": "{ModifiersReforged:{AttackSpeed:2.0f}}",
    "conditions": [
      {
        "condition": "minecraft:entity_properties",
        "entity": "this",
        "predicate": {
          "equipment": {
            "mainhand": {
              "items": [
                "minecraft:stone_hoe"
              ]
            }
          }
        }
      }
    ]
  },
  {
    "function": "minecraft:set_nbt",
    "tag": "{ModifiersReforged:{AttackSpeed:3.0f}}",
    "conditions": [
      {
        "condition": "minecraft:entity_properties",
        "entity": "this",
        "predicate": {
          "equipment": {
            "mainhand": {
              "items": [
                "minecraft:iron_hoe"
              ]
            }
          }
        }
      }
    ]
  },
  {
    "function": "minecraft:set_nbt",
    "tag": "{ModifiersReforged:{AttackSpeed:4.0f}}",
    "conditions": [
      {
        "condition": "minecraft:entity_properties",
        "entity": "this",
        "predicate": {
          "equipment": {
            "mainhand": {
              "items": [
                "minecraft:diamond_hoe",
                "minecraft:netherite_hoe"
              ]
            }
          }
        }
      }
    ]
  },
  {
    "function": "minecraft:set_nbt",
    "tag": "{ModifiersReforged:{AttackDamage:1.0f}}",
    "conditions": [
      {
        "condition": "minecraft:inverted",
        "term": {
          "condition": "minecraft:entity_properties",
          "entity": "this",
          "predicate": {
            "equipment": {
              "mainhand": {
                "tag": "modifiers_reforged:categories/melee"
              }
            }
          }
        }
      }
    ]
  },
  {
    "function": "minecraft:set_nbt",
    "tag": "{ModifiersReforged:{AttackSpeed:4.0f}}",
    "conditions": [
      {
        "condition": "minecraft:inverted",
        "term": {
          "condition": "minecraft:entity_properties",
          "entity": "this",
          "predicate": {
            "equipment": {
              "mainhand": {
                "tag": "modifiers_reforged:categories/melee"
              }
            }
          }
        }
      }
    ]
  },
  {
    "function": "minecraft:set_nbt",
    "tag": "{ModifiersReforged:{AttackDamage:6.5f}}",
    "conditions": [
      {
        "condition": "minecraft:entity_properties",
        "entity": "this",
        "predicate": {
          "equipment": {
            "mainhand": {
              "items": [
                "minecraft:netherite_shovel"
              ]
            }
          }
        }
      }
    ]
  }
]
