{
    "id": 168,
    "title": "Wonderful stew",
    "level": 3,
    "type": "fight",
    "profession": "butcher",
    "refresh": 900,
    "task": [
        "submit",
        "minecraft:rabbit",
        32,
        "submit",
        "farmersdelight:chicken_cuts",
        32
    ],
    "description": "Welcome back! I need you to go get me some rabbits and chicken cuts, I'm cooking up something special this time!",
    "experience": 10,
    "reward": [
        "numismatic-overhaul:silver_coin",
        80,
		"minecraft:rabbit_stew",
		1
    ]
}