{
    "id": 163,
    "title": "Cows and sheep",
    "level": 0,
    "type": "fight",
    "profession": "butcher",
    "refresh": 900,
    "task": [
        "submit",
        "minecraft:beef",
        32,
        "submit",
        "minecraft:mutton",
        32
    ],
    "description": "Hello! For your first task as my assistant, I'd like you to gather up some beef and mutton for me.",
    "experience": 10,
    "reward": [
        "numismatic-overhaul:silver_coin",
        80
    ]
}