{
    "id": 162,
    "title": "Replacement tools",
    "level": 0,
    "type": "fight",
    "profession": "butcher",
    "refresh": 900,
    "task": [
        "submit",
        "farmersdelight:iron_knife",
        2,
        "submit",
        "farmersdelight:cutting_board",
        3
    ],
    "description": "Hey there, I noticed you were talking with some of the other villagers and I've been wondering if you were able to make me some new knives and cutting boards. You'll be paid handsomely, of course.",
    "experience": 10,
    "reward": [
        "numismatic-overhaul:silver_coin",
        45
    ]
}