{
    "id": 169,
    "title": "Forest hunt",
    "level": 3,
    "type": "fight",
    "profession": "butcher",
    "refresh": 900,
    "task": [
        "submit",
        "naturalist:venison",
        32,
		"submit",
		"naturalist:bear_fur",
		4
    ],
    "description": "Hey there, I want you to go out into the wood and hunt some deer and bears for me.",
    "experience": 10,
    "reward": [
        "numismatic-overhaul:gold_coin",
        1,
		"numismatic-overhaul:silver_coin",
		40
    ]
}