{
    "id": 166,
    "title": "Varied diet",
    "level": 2,
    "type": "fight",
    "profession": "butcher",
    "refresh": 900,
    "task": [
        "submit",
        "farmersdelight:salmon_slice",
        32,
        "submit",
        "farmersdelight:mutton_chops",
        32
    ],
    "description": "Well met, friend! Say, can you gather some salmon slices and mutton chops for me?",
    "experience": 10,
    "reward": [
        "numismatic-overhaul:silver_coin",
        50
    ]
}