{
  "type": "minecraft:block",
  "pools": [
    {
      "rolls": 1,
      "bonus_rolls": 0,
      "entries": [
        {
          "type": "minecraft:alternatives",
          "children": [
            {
              "type": "minecraft:item",
              "name": "minecraft:gravel",
              "conditions": [
                {
                  "condition": "minecraft:match_tool",
                  "predicate": {
                    "items": [
                      "minecraft:iron_pickaxe"
                    ],
                    "nbt": "{Gravel:1b}"
                  }
                }
              ]
            },
            {
              "type": "minecraft:item",
              "name": "minecraft:stone",
              "conditions": [
                {
                  "condition": "minecraft:match_tool",
                  "predicate": {
                    "nbt": "{CustomModelData:1}"
                  }
                }
              ]
            },
            {
              "type": "minecraft:item",
              "name": "minecraft:cobblestone",
              "conditions": [
                {
                  "condition": "minecraft:survives_explosion"
                }
              ]
            }
          ]
        }
      ]
    }
  ]
}
