{
	"type": "minecraft:block",
	"pools": [
		{
			"rolls": 1,
			"entries": [
				{
					"type": "minecraft:item",
					"name": "minecraft:popped_chorus_fruit",
					"functions": [
						{
							"function": "minecraft:set_nbt",
							"tag": "{CustomModelData:130,display:{Name:'[{\"text\":\"Obsidian Amulet\",\"italic\":false,\"color\":\"yellow\"}]',Lore:['[{\"text\":\"Grants the powers of obsidian.\",\"italic\":false}]']}}"
						}
					],
					"conditions": [
						{
							"condition": "minecraft:random_chance",
							"chance": 0.01
						}
					]
				}
			]
		},
		{
			"rolls": 1,
			"bonus_rolls": 0,
			"entries": [
				{
					"type": "minecraft:item",
					"name": "minecraft:obsidian"
				}
			],
			"conditions": [
				{
					"condition": "minecraft:survives_explosion"
				}
			]
		}
	]
}
