{
    "comment": "dropped by zpiglins",
    "pools": [
        {
            "rolls": 0,
            "bonus_rolls": 1,
            "entries": [
                {
                    "type": "minecraft:loot_table",
                    "name": "essences:item/relic/transmutation_fluid/perfect"
                }
            ]
        },
        {
            "rolls": 1,
            "bonus_rolls": 0,
            "entries": [
                {
                    "type": "minecraft:loot_table",
                    "name": "essences:item/relic/transmutation_fluid/vile"
                }
            ]
        }
    ]
}