{
    "display": {
        "icon": {
            "item": "minecraft:netherite_sword",
            "nbt": "{Enchantments:[{}]}"
        },
        "title": "Masterwork",
        "description": "Apply every possible maximum enchantment to a new type of netherite weapon",
        "frame": "goal",
        "show_toast": true,
        "announce_to_chat": true,
        "hidden": false
    },
    "parent": "swordsandstrongholds:find_sword",
    "criteria": {
        "1": {
            "trigger": "minecraft:location",
            "conditions": {
                "player": [
                    {
                        "condition": "minecraft:entity_properties",
                        "entity": "this",
                        "predicate": {
                            "nbt": "{Inventory:[{id:\"minecraft:netherite_sword\",Count:1b,tag:{Custom:rapier,Enchantments:[{id:\"minecraft:sharpness\",lvl:5s},{id:\"minecraft:knockback\",lvl:2s},{id:\"minecraft:fire_aspect\",lvl:2s},{id:\"minecraft:looting\",lvl:3s},{id:\"minecraft:sweeping\",lvl:3s},{id:\"minecraft:unbreaking\",lvl:3s},{id:\"minecraft:mending\",lvl:1s}]}}]}"
                        }
                    }
                ]
            }
        },
        "2": {
            "trigger": "minecraft:location",
            "conditions": {
                "player": [
                    {
                        "condition": "minecraft:entity_properties",
                        "entity": "this",
                        "predicate": {
                            "nbt": "{Inventory:[{id:\"minecraft:netherite_sword\",Count:1b,tag:{Custom:greatsword,Enchantments:[{id:\"minecraft:sharpness\",lvl:5s},{id:\"minecraft:knockback\",lvl:2s},{id:\"minecraft:fire_aspect\",lvl:2s},{id:\"minecraft:looting\",lvl:3s},{id:\"sweeping\",lvl:10},{id:\"minecraft:unbreaking\",lvl:3s},{id:\"minecraft:mending\",lvl:1s}]}}]}"
                        }
                    }
                ]
            }
        },
        "3": {
            "trigger": "minecraft:location",
            "conditions": {
                "player": [
                    {
                        "condition": "minecraft:entity_properties",
                        "entity": "this",
                        "predicate": {
                            "nbt": "{Inventory:[{id:\"minecraft:netherite_sword\",Count:1b,tag:{Custom:saber,Enchantments:[{id:\"minecraft:sharpness\",lvl:5s},{id:\"minecraft:knockback\",lvl:2s},{id:\"minecraft:fire_aspect\",lvl:2s},{id:\"looting\",lvl:10},{id:\"minecraft:sweeping\",lvl:3s},{id:\"minecraft:unbreaking\",lvl:3s},{id:\"minecraft:mending\",lvl:1s}]}}]}"
                        }
                    }
                ]
            }
        },
        "4": {
            "trigger": "minecraft:location",
            "conditions": {
                "player": [
                    {
                        "condition": "minecraft:entity_properties",
                        "entity": "this",
                        "predicate": {
                            "nbt": "{Inventory:[{id:\"minecraft:netherite_sword\",Count:1b,tag:{Custom:katana,Enchantments:[{id:\"minecraft:sharpness\",lvl:5s},{id:\"minecraft:knockback\",lvl:2s},{id:\"minecraft:fire_aspect\",lvl:2s},{id:\"minecraft:looting\",lvl:3},{id:\"minecraft:sweeping\",lvl:3s},{id:\"minecraft:unbreaking\",lvl:3s},{id:\"minecraft:mending\",lvl:1s}]}}]}"
                        }
                    }
                ]
            }
        },
        "5": {
            "trigger": "minecraft:location",
            "conditions": {
                "player": [
                    {
                        "condition": "minecraft:entity_properties",
                        "entity": "this",
                        "predicate": {
                            "nbt": "{Inventory:[{id:\"minecraft:netherite_sword\",Count:1b,tag:{Custom:longsword,Enchantments:[{id:\"minecraft:sharpness\",lvl:5s},{id:\"minecraft:knockback\",lvl:2s},{id:\"minecraft:fire_aspect\",lvl:2s},{id:\"minecraft:looting\",lvl:3},{id:\"minecraft:sweeping\",lvl:3s},{id:\"minecraft:unbreaking\",lvl:3s},{id:\"minecraft:mending\",lvl:1s}]}}]}"
                        }
                    }
                ]
            }
        },
        "6": {
            "trigger": "minecraft:location",
            "conditions": {
                "player": [
                    {
                        "condition": "minecraft:entity_properties",
                        "entity": "this",
                        "predicate": {
                            "nbt": "{Inventory:[{id:\"minecraft:netherite_sword\",Count:1b,tag:{Custom:dagger,Enchantments:[{id:\"minecraft:sharpness\",lvl:5s},{id:\"minecraft:knockback\",lvl:2s},{id:\"minecraft:fire_aspect\",lvl:2s},{id:\"minecraft:looting\",lvl:3},{id:\"minecraft:sweeping\",lvl:3s},{id:\"minecraft:unbreaking\",lvl:3s},{id:\"minecraft:mending\",lvl:1s}]}}]}"
                        }
                    }
                ]
            }
        },
        "7": {
            "trigger": "minecraft:location",
            "conditions": {
                "player": [
                    {
                        "condition": "minecraft:entity_properties",
                        "entity": "this",
                        "predicate": {
                            "nbt": "{Inventory:[{id:\"minecraft:netherite_sword\",Count:1b,tag:{Custom:greataxe,Enchantments:[{id:\"minecraft:sharpness\",lvl:5s},{id:\"minecraft:knockback\",lvl:2s},{id:\"minecraft:fire_aspect\",lvl:2s},{id:\"minecraft:looting\",lvl:3s},{id:\"sweeping\",lvl:10},{id:\"minecraft:unbreaking\",lvl:3s},{id:\"minecraft:mending\",lvl:1s}]}}]}"
                        }
                    }
                ]
            }
        },
        "8": {
            "trigger": "minecraft:location",
            "conditions": {
                "player": [
                    {
                        "condition": "minecraft:entity_properties",
                        "entity": "this",
                        "predicate": {
                            "nbt": "{Inventory:[{id:\"minecraft:netherite_sword\",Count:1b,tag:{Custom:spear,Enchantments:[{id:\"minecraft:sharpness\",lvl:5s},{id:\"minecraft:knockback\",lvl:2s},{id:\"minecraft:fire_aspect\",lvl:2s},{id:\"minecraft:looting\",lvl:3s},{id:\"minecraft:sweeping\",lvl:3s},{id:\"minecraft:unbreaking\",lvl:3s},{id:\"minecraft:mending\",lvl:1s}]}}]}"
                        }
                    }
                ]
            }
        },
        "9": {
            "trigger": "minecraft:location",
            "conditions": {
                "player": [
                    {
                        "condition": "minecraft:entity_properties",
                        "entity": "this",
                        "predicate": {
                            "nbt": "{Inventory:[{id:\"minecraft:shield\",Count:1b,tag:{Custom:buckler,CustomModelData:10000,Enchantments:[{id:\"unbreaking\",lvl:10},{id:\"minecraft:mending\",lvl:1s}]}}]}"
                        }
                    }
                ]
            }
        },
        "10": {
            "trigger": "minecraft:location",
            "conditions": {
                "player": [
                    {
                        "condition": "minecraft:entity_properties",
                        "entity": "this",
                        "predicate": {
                            "nbt": "{Inventory:[{id:\"minecraft:shield\",Count:1b,tag:{Custom:parrying_dagger,CustomModelData:10005,Enchantments:[{id:\"unbreaking\",lvl:10},{id:\"minecraft:mending\",lvl:1s}]}}]}"
                        }
                    }
                ]
            }
        }
    },
    "requirements": [
        [
            "1",
            "2",
            "3",
            "4",
            "5",
            "6",
            "7",
            "8",
            "9",
            "10"
        ]
    ],
    "rewards": {
        "experience": 100
    }
}