{
    "display": {
        "icon": {
            "item": "minecraft:compass"
        },
        "title": "Worth the Price",
        "description": "Craft a sword stronghold compass",
        "frame": "task",
        "show_toast": true,
		"announce_to_chat": true,
		"hidden": false
    },
    "parent": "swordsandstrongholds:root",
    "criteria": {
        "1": {
            "trigger": "minecraft:location",
            "conditions": {
                "player": [
                    {
                        "condition": "minecraft:entity_properties",
                        "entity": "this",
                        "predicate": {
                            "nbt": "{Inventory:[{tag:{Custom:sword_stronghold_compass}}]}"
                        }
                    }
                ]
            }
        }
    },
    "rewards": {
        "experience": 25
    }
}