{
    "display": {
        "icon": {
            "item": "minecraft:stone_bricks"
        },
        "title": "So it Begins",
        "description": "Find a sword stronghold",
        "frame": "task",
        "show_toast": true,
		"announce_to_chat": true,
		"hidden": false
    },
    "parent": "swordsandstrongholds:craft_compass",
    "criteria": {
        "requirement": {
            "trigger": "minecraft:location",
            "conditions": {
                "player": [
                    {
                        "condition": "minecraft:entity_properties",
                        "entity": "this",
                        "predicate": {
                            "location": {
                                "structure": "swordsandstrongholds:sword_stronghold"
                            }
                        }
                    }
                ]
            }
        }
    },
    "rewards": {
        "experience": 50
    }
}