{
    "criteria": {
        "requirement": {
            "trigger": "minecraft:using_item",
            "conditions": {
                "player": [
                    {
                        "condition": "minecraft:alternative",
                        "terms": [
                            {
                                "condition": "minecraft:entity_properties",
                                "entity": "this",
                                "predicate": {
                                    "nbt": "{SelectedItem:{tag:{Custom:buckler}}}"
                                }
                            },
                            {
                                "condition": "minecraft:entity_properties",
                                "entity": "this",
                                "predicate": {
                                    "nbt": "{Inventory:[{Slot:-106b,tag:{Custom:buckler}}]}"
                                }
                            },
                            {
                                "condition": "minecraft:entity_properties",
                                "entity": "this",
                                "predicate": {
                                    "nbt": "{SelectedItem:{tag:{Custom:parrying_dagger}}}"
                                }
                            },
                            {
                                "condition": "minecraft:entity_properties",
                                "entity": "this",
                                "predicate": {
                                    "nbt": "{Inventory:[{Slot:-106b,tag:{Custom:parrying_dagger}}]}"
                                }
                            }
                        ]
                    }
                ]
            }
        }
    }
}