{
  "temperature": 0.8,
  "downfall": 0.4,
  "has_precipitation": false,
  "effects": {
    "sky_color": 12783079,
    "fog_color": 9381777,
    "water_color": 4166884,
    "water_fog_color": 332595,
    "music": {
      "sound": "minecraft:music.overworld.jungle_and_forest",
      "min_delay": 12000,
      "max_delay": 24000,
      "replace_current_music": false
    },
    "particle": {
      "options": {
        "type": "minecraft:end_rod"
      },
      "probability": 0.01
    }
  },
  "spawners": {
    "ambient": [
      {
        "type": "minecraft:bat",
        "weight": 10,
        "minCount": 8,
        "maxCount": 8
      }
    ],
    "axolotls": [],
    "creature": [
      {
        "type": "minecraft:allay",
        "weight": 5,
        "minCount": 1,
        "maxCount": 2
      }
    ],
    "misc": [],
    "monster": [],
    "underground_water_creature": [
      {
        "type": "minecraft:glow_squid",
        "weight": 10,
        "minCount": 4,
        "maxCount": 6
      }
    ],
    "water_ambient": [],
    "water_creature": []
  },
  "spawn_costs": {
    "minecraft:allay": {
      "energy_budget": 0.12,
      "charge": 0.3
    }
  },
  "carvers": {
    "air": [
      "minecraft:cave",
      "minecraft:cave_extra_underground",
      "minecraft:canyon"
    ]
  },
  "features": [
    [],
    [
      "minecraft:lake_lava_underground",
      "minecraft:lake_lava_surface"
    ],
    [
      "minecraft:amethyst_geode"
    ],
    [
      "minecraft:monster_room",
      "minecraft:monster_room_deep"
    ],
    [],
    [],
    [
      "minecraft:ore_gravel",
      "minecraft:ore_andesite_upper",
      "minecraft:ore_andesite_lower",
      "minecraft:ore_tuff",
      "minecraft:ore_coal_upper",
      "minecraft:ore_coal_lower",
      "minecraft:ore_iron_upper",
      "minecraft:ore_iron_middle",
      "minecraft:ore_iron_small",
      "minecraft:ore_gold",
      "minecraft:ore_gold_lower",
      "minecraft:ore_redstone",
      "minecraft:ore_redstone_lower",
      "minecraft:ore_diamond",
      "minecraft:ore_diamond_large",
      "minecraft:ore_diamond_buried",
      "minecraft:ore_lapis",
      "minecraft:ore_lapis_buried",
      "minecraft:ore_copper",
      "minecraft:underwater_magma",
      "minecraft:disk_sand",
      "minecraft:disk_clay",
      "minecraft:disk_gravel"
    ],
    [],
    [
      "minecraft:spring_water"
    ],
    [
      "minecraft:glow_lichen",
      "minecraft:brown_mushroom_normal",
      "minecraft:red_mushroom_normal",
	  "ethrium:cave/enchanted_pool",
      "ethrium:cave/enchanted_ceiling"
    ],
    [
      "minecraft:freeze_top_layer"
    ]
  ]
}
