{
  "name": "ethrium:dungeon/stone_dungeon/starts/starts",
  "fallback": "ethrium:catacombs/terminators",
  "elements": [
    {
      "weight": 1,
      "element": {
        "element_type": "minecraft:single_pool_element",
        "projection": "rigid",
        "location": "ethrium:catacombs/halls/intersection",
        "processors": "ethrium:catacombs"
      }
    },
    {
      "weight": 1,
      "element": {
        "element_type": "minecraft:single_pool_element",
        "projection": "rigid",
        "location": "ethrium:catacombs/halls/hall_curve_t",
        "processors": "ethrium:catacombs"
      }
    },
    {
      "weight": 2,
      "element": {
        "element_type": "minecraft:single_pool_element",
        "projection": "rigid",
        "location": "ethrium:catacombs/halls/hall_curve_right",
        "processors": "ethrium:catacombs"
      }
    },
    {
      "weight": 2,
      "element": {
        "element_type": "minecraft:single_pool_element",
        "projection": "rigid",
        "location": "ethrium:catacombs/halls/hall_curve_left",
        "processors": "ethrium:catacombs"
      }
    },
    {
      "weight": 5,
      "element": {
        "element_type": "minecraft:single_pool_element",
        "projection": "rigid",
        "location": "ethrium:catacombs/halls/hall_long",
        "processors": "ethrium:catacombs"
      }
    },
    {
      "weight": 5,
      "element": {
        "element_type": "minecraft:single_pool_element",
        "projection": "rigid",
        "location": "ethrium:catacombs/halls/hall_long_down",
        "processors": "ethrium:catacombs"
      }
    },
    {
      "weight": 4,
      "element": {
        "element_type": "minecraft:single_pool_element",
        "projection": "rigid",
        "location": "ethrium:catacombs/halls/hall_medium",
        "processors": "ethrium:catacombs"
      }
    },
    {
      "weight": 4,
      "element": {
        "element_type": "minecraft:single_pool_element",
        "projection": "rigid",
        "location": "ethrium:catacombs/halls/hall_medium_down",
        "processors": "ethrium:catacombs"
      }
    },
    {
      "weight": 2,
      "element": {
        "element_type": "minecraft:single_pool_element",
        "projection": "rigid",
        "location": "ethrium:catacombs/halls/hall_short",
        "processors": "ethrium:catacombs"
      }
    },
    {
      "weight": 2,
      "element": {
        "element_type": "minecraft:single_pool_element",
        "projection": "rigid",
        "location": "ethrium:catacombs/halls/hall_short_down",
        "processors": "ethrium:catacombs"
      }
    },
    {
      "weight": 2,
      "element": {
        "element_type": "minecraft:single_pool_element",
        "projection": "rigid",
        "location": "ethrium:catacombs/rooms/room_01",
        "processors": "ethrium:catacombs"
      }
    }
  ]
}
