[
    {
        "function": "minecraft:set_damage",
        "damage": {
            "min": 0.125,
            "max": 0.5
        },
        "add": false
    },
    {
        "function": "minecraft:set_nbt",
        "tag": "{Custom:rapier,CustomModelData:10000,display:{Name:'{\"text\": \"Diamond Rapier\", \"color\": \"white\", \"bold\": false, \"italic\": false}'},Enchantments:[]}",
        "conditions": [
            {
                "condition": "minecraft:random_chance",
                "chance": 0.25
            }
        ]
    },
    {
        "function": "minecraft:set_nbt",
        "tag": "{Custom:greatsword,CustomModelData:10001,display:{Name:'{\"text\": \"Diamond Greatsword\", \"color\": \"aqua\", \"bold\": false, \"italic\": false}'},Enchantments:[{id:\"minecraft:sweeping\",lvl:10}]}",
        "conditions": [
            {
                "condition": "minecraft:random_chance",
                "chance": 0.25
            }
        ]
    },
    {
        "function": "minecraft:set_nbt",
        "tag": "{Custom:saber,CustomModelData:10002,display:{Name:'{\"text\": \"Diamond Saber\", \"color\": \"aqua\", \"bold\": false, \"italic\": false}'},Enchantments:[{id:\"minecraft:looting\",lvl:10}]}",
        "conditions": [
            {
                "condition": "minecraft:random_chance",
                "chance": 0.25
            }
        ]
    },
    {
        "function": "minecraft:set_nbt",
        "tag": "{Custom:katana,CustomModelData:10003,display:{Name:'{\"text\": \"Diamond Katana\", \"color\": \"white\", \"bold\": false, \"italic\": false}'},Enchantments:[]}",
        "conditions": [
            {
                "condition": "minecraft:random_chance",
                "chance": 0.25
            }
        ]
    },
    {
        "function": "minecraft:set_nbt",
        "tag": "{Custom:longsword,CustomModelData:10004,display:{Name:'{\"text\": \"Diamond Longsword\", \"color\": \"white\", \"bold\": false, \"italic\": false}'},Enchantments:[]}",
        "conditions": [
            {
                "condition": "minecraft:random_chance",
                "chance": 0.25
            }
        ]
    },
    {
        "function": "minecraft:set_nbt",
        "tag": "{Custom:dagger,CustomModelData:10005,display:{Name:'{\"text\": \"Diamond Dagger\", \"color\": \"white\", \"bold\": false, \"italic\": false}'},Enchantments:[]}",
        "conditions": [
            {
                "condition": "minecraft:random_chance",
                "chance": 0.25
            }
        ]
    },
    {
        "function": "minecraft:set_nbt",
        "tag": "{Custom:greataxe,CustomModelData:10006,display:{Name:'{\"text\": \"Diamond Greataxe\", \"color\": \"aqua\", \"bold\": false, \"italic\": false}'},Enchantments:[{id:\"minecraft:sweeping\",lvl:10}]}",
        "conditions": [
            {
                "condition": "minecraft:random_chance",
                "chance": 0.25
            }
        ]
    },
    {
        "function": "minecraft:set_nbt",
        "tag": "{Custom:spear,CustomModelData:10007,display:{Name:'{\"text\": \"Diamond Spear\", \"color\": \"white\", \"bold\": false, \"italic\": false}'},Enchantments:[{id:\"minecraft:knockback\",lvl:3}]}",
        "conditions": [
            {
                "condition": "minecraft:random_chance",
                "chance": 0.25
            }
        ]
    },
    {
        "function": "minecraft:enchant_with_levels",
        "levels": {
            "min": 10,
            "max": 20
        },
        "treasure": false,
        "conditions": [
            {
                "condition": "minecraft:random_chance",
                "chance": 0.5
            }
        ]
    }
    
]