[
    {
        "function": "minecraft:set_nbt",
        "tag": "{Custom:buckler,CustomModelData:10000,display:{Name:'{\"text\": \"Buckler\", \"color\": \"white\", \"bold\": false, \"italic\": false}'}}",
        "conditions": [
            {
                "condition": "minecraft:random_chance",
                "chance": 0.25
            }
        ]
    },
    {
        "function": "minecraft:set_nbt",
        "tag": "{Custom:smallshield,CustomModelData:10001,display:{Name:'{\"text\": \"Small Shield\", \"color\": \"white\", \"bold\": false, \"italic\": false}'}}",
        "conditions": [
            {
                "condition": "minecraft:random_chance",
                "chance": 0.25
            }
        ]
    },
    {
        "function": "minecraft:set_nbt",
        "tag": "{Custom:towershield,CustomModelData:10002,display:{Name:'{\"text\": \"Tower Shield\", \"color\": \"white\", \"bold\": false, \"italic\": false}'}}",
        "conditions": [
            {
                "condition": "minecraft:random_chance",
                "chance": 0.25
            }
        ]
    }
]