{
  "feature": "ethrium:ethrium/oasis_trees",
  "placement": [
    {
      "type": "minecraft:count_on_every_layer",
      "count": 15
    },
    {
      "type": "minecraft:biome"
    },
    {
      "type": "minecraft:block_predicate_filter",
      "predicate": {
        "type": "minecraft:would_survive",
        "state": {
          "Name": "minecraft:mangrove_propagule",
          "Properties": {
            "stage": "1",
            "age": "0",
            "hanging": "false",
            "waterlogged": "false"
          }
        }
      }
    }
  ]
}
