{
    "comment": "dropped by Illus",
    "pools": [
        {
            "rolls": 1,
            "entries": [
                {
                    "type": "minecraft:item",
                    "name": "minecraft:carrot_on_a_stick",
                    "functions": [
                        {
                            "function": "minecraft:set_name",
                            "entity": "this",
                            "name": {
                                "translate": "item.essrpg.relic.ascendance"
                            }
                        },
                        {
                            "function": "minecraft:set_nbt",
                            "tag": "{esitem:ascendance,esitemgroup:relicwep,CustomModelData:410029,Enchantments:[{lvl:1s,id:\"minecraft:infinity\"}],HideFlags:1}"
                        },
                        {
                            "function": "minecraft:set_lore",
                            "entity": "this",
                            "lore": [
                                {
                                    "translate": "item.essrpg.relic.ascendance.lore.0"
                                },
                                {
                                    "translate": "item.essrpg.relic.ascendance.lore.1"
                                },
                                {
                                    "translate": "item.essrpg.relic.ascendance.lore.2"
                                },
                                {
                                    "color": "gray",
                                    "bold": true,
                                    "translate": "item.essrpg.relic.oldgen"
                                },
                                {
                                    "color": "dark_gray",
                                    "bold": true,
                                    "translate": "item.essrpg.relic.ascendance.lore.3"
                                }
                            ]
                        }
                    ]
                }
            ]
        }
    ]
}