{
    "comment": "drops from skeletons",
    "pools": [
        {
            "rolls": 1,
            "entries": [
                {
                    "type": "minecraft:item",
                    "name": "minecraft:bow",
                    "functions": [
                        {
                            "function": "minecraft:set_name",
                            "name": {
                                "color": "green",
                                "italic": true,
                                "translate": "item.essrpg.relic.defiler"
                            },
                            "entity": "this"
                        },
                        {
                            "function": "minecraft:set_lore",
                            "lore": [
                                {
                                    "translate": "item.essrpg.relic.defiler.lore.0"
                                },
                                {
                                    "translate": "item.essrpg.relic.defiler.lore.1"
                                },
                                {
                                    "translate": "item.essrpg.relic.defiler.lore.2"
                                },
                                {
                                    "translate": "item.essrpg.relic.defiler.lore.3"
                                },
                                {
                                    "translate": "item.essrpg.relic.defiler.lore.4"
                                },
                                {
                                    "translate": "item.essrpg.relic.defiler.lore.5"
                                },
                                {
                                    "color": "gray",
                                    "bold": true,
                                    "translate": "item.essrpg.relic.oldgen"
                                },
                                {
                                    "color": "dark_gray",
                                    "bold": true,
                                    "translate": "item.essrpg.relic.defiler.lore.6"
                                }
                            ],
                            "entity": "this"
                        },
                        {
                            "function": "minecraft:set_nbt",
                            "tag": "{esitem:defiler,esitemgroup:relicwep,es.bowtag:es.relicbow,Unbreakable:1}"
                        }
                    ]
                }
            ]
        }
    ]
}