{
    "comment": "dropped by ravagers",
    "pools": [
        {
            "rolls": 1,
            "entries": [
                {
                    "type": "item",
                    "name": "minecraft:golden_pickaxe",
                    "functions": [
                        {
                            "function": "minecraft:set_name",
                            "name": {
                                "color": "dark_purple",
                                "bold": true,
                                "italic": false,
                                "translate": "item.essrpg.relic.illustre"
                            },
                            "entity": "this"
                        },
                        {
                            "function": "set_nbt",
                            "tag": "{esitem:illustre,esitemgroup:relicutil,Enchantments:[{id:\"efficiency\",lvl:5},{id:\"fortune\",lvl:7}],Unbreakable:1}"
                        },
                        {
                            "function": "minecraft:set_lore",
                            "lore": [
                                {
                                    "translate": "item.essrpg.relic.illustre.lore.0"
                                },
                                {
                                    "translate": "item.essrpg.relic.illustre.lore.1"
                                },
                                {
                                    "translate": "item.essrpg.relic.illustre.lore.2"
                                },
                                {
                                    "translate": "item.essrpg.relic.illustre.lore.3"
                                },
                                {
                                    "translate": "item.essrpg.relic.illustre.lore.4"
                                },
                                {
                                    "color": "gray",
                                    "bold": true,
                                    "translate": "item.essrpg.relic.oldgen"
                                },
                                {
                                    "color": "dark_gray",
                                    "bold": true,
                                    "translate": "item.essrpg.relic.illustre.lore.5"
                                }
                            ],
                            "entity": "this"
                        }
                    ]
                }
            ]
        }
    ]
}