{
  "name": "ethrium:nether_dungeon/halls",
  "fallback": "ethrium:nether_dungeon/terminators",
  "elements": [
    {
      "weight": 3,
      "element": {
        "element_type": "minecraft:single_pool_element",
        "projection": "rigid",
        "location": "ethrium:dungeon/nether_dungeon/halls/hall_01",
        "processors": "ethrium:nether_dungeon"
      }
    },
	{
      "weight": 5,
      "element": {
        "element_type": "minecraft:single_pool_element",
        "projection": "rigid",
        "location": "ethrium:dungeon/nether_dungeon/rooms/stairs",
        "processors": "ethrium:nether_dungeon"
      }
    },
    {
      "weight": 3,
      "element": {
        "element_type": "minecraft:single_pool_element",
        "projection": "rigid",
        "location": "ethrium:dungeon/nether_dungeon/halls/hall_02",
        "processors": "ethrium:nether_dungeon"
      }
    },
    {
      "weight": 5,
      "element": {
        "element_type": "minecraft:single_pool_element",
        "projection": "rigid",
        "location": "ethrium:dungeon/nether_dungeon/halls/hall_03",
        "processors": "ethrium:nether_dungeon"
      }
    },
    {
      "weight": 2,
      "element": {
        "element_type": "minecraft:single_pool_element",
        "projection": "rigid",
        "location": "ethrium:dungeon/nether_dungeon/halls/hall_curve_01",
        "processors": "ethrium:nether_dungeon"
      }
    },
    {
      "weight": 2,
      "element": {
        "element_type": "minecraft:single_pool_element",
        "projection": "rigid",
        "location": "ethrium:dungeon/nether_dungeon/halls/hall_curve_02",
        "processors": "ethrium:nether_dungeon"
      }
    },
	{
      "weight": 2,
      "element": {
        "element_type": "minecraft:single_pool_element",
        "projection": "rigid",
        "location": "ethrium:dungeon/nether_dungeon/dungeon/starts_2",
        "processors": "ethrium:nether_dungeon"
      }
    },
    {
      "weight": 2,
      "element": {
        "element_type": "minecraft:single_pool_element",
        "projection": "rigid",
        "location": "ethrium:dungeon/nether_dungeon/halls/hall_02",
        "processors": "ethrium:nether_dungeon"
      }
    }
  ]
}