{
  "name": "ethrium:dungeon/nether_dungeon/rooms",
  "fallback": "ethrium:nether_dungeon/terminators",
  "elements": [
    {
      "weight": 3,
      "element": {
        "element_type": "minecraft:single_pool_element",
        "projection": "rigid",
        "location": "ethrium:dungeon/nether_dungeon/rooms/treasure_room_01",
        "processors": "ethrium:nether_dungeon"
      }
    },
	    {
      "weight": 3,
      "element": {
        "element_type": "minecraft:single_pool_element",
        "projection": "rigid",
        "location": "ethrium:dungeon/nether_dungeon/rooms/maze_room",
        "processors": "ethrium:nether_dungeon"
      }
    },
	    {
      "weight": 3,
      "element": {
        "element_type": "minecraft:single_pool_element",
        "projection": "rigid",
        "location": "ethrium:dungeon/nether_dungeon/rooms/room_02",
        "processors": "ethrium:nether_dungeon"
      }
    },
    {
      "weight": 3,
      "element": {
        "element_type": "minecraft:single_pool_element",
        "projection": "rigid",
        "location": "ethrium:dungeon/nether_dungeon/rooms/treasure_room_02",
        "processors": "ethrium:nether_dungeon"
      }
    },
    {
      "weight": 3,
      "element": {
        "element_type": "minecraft:single_pool_element",
        "projection": "rigid",
        "location": "ethrium:dungeon/nether_dungeon/rooms/room_01",
        "processors": "ethrium:nether_dungeon"
      }
    },
	    {
      "weight": 3,
      "element": {
        "element_type": "minecraft:single_pool_element",
        "projection": "rigid",
        "location": "ethrium:dungeon/nether_dungeon/rooms/bastion_room",
        "processors": "ethrium:nether_dungeon"
      }
    },
    {
      "weight": 4,
      "element": {
        "element_type": "minecraft:single_pool_element",
        "projection": "rigid",
        "location": "ethrium:dungeon/nether_dungeon/rooms/stairs",
        "processors": "ethrium:nether_dungeon"
      }
    },
    {
      "weight": 2,
      "element": {
        "element_type": "minecraft:single_pool_element",
        "projection": "rigid",
        "location": "ethrium:dungeon/nether_dungeon/rooms/spawner_room_01",
        "processors": "ethrium:nether_dungeon"
      }
    },
    {
      "weight": 2,
      "element": {
        "element_type": "minecraft:single_pool_element",
        "projection": "rigid",
        "location": "ethrium:dungeon/nether_dungeon/rooms/spawner_room_02",
        "processors": "ethrium:nether_dungeon"
      }
    },
    {
      "weight": 3,
      "element": {
        "element_type": "minecraft:single_pool_element",
        "projection": "rigid",
        "location": "ethrium:dungeon/nether_dungeon/rooms/trap_room_01",
        "processors": "ethrium:nether_dungeon"
      }
    },
	    {
      "weight": 3,
      "element": {
        "element_type": "minecraft:single_pool_element",
        "projection": "rigid",
        "location": "ethrium:dungeon/nether_dungeon/rooms/trap_room_03",
        "processors": "ethrium:nether_dungeon"
      }
    },
	    {
      "weight": 3,
      "element": {
        "element_type": "minecraft:single_pool_element",
        "projection": "rigid",
        "location": "ethrium:dungeon/nether_dungeon/rooms/armory",
        "processors": "ethrium:nether_dungeon"
      }
    },
	    {
      "weight": 2,
      "element": {
        "element_type": "minecraft:single_pool_element",
        "projection": "rigid",
        "location": "ethrium:dungeon/nether_dungeon/rooms/great_hall",
        "processors": "ethrium:nether_dungeon"
      }
    },
    {
      "weight": 3,
      "element": {
        "element_type": "minecraft:single_pool_element",
        "projection": "rigid",
        "location": "ethrium:dungeon/nether_dungeon/rooms/trap_room_02",
        "processors": "ethrium:nether_dungeon"
      }
    }
  ]
}