{
  "name": "ethrium:dungeon/nether_dungeon/starts/starts",
  "fallback": "ethrium:nether_dungeon/halls",
  "elements": [
    {
      "weight": 20,
      "element": {
        "element_type": "minecraft:single_pool_element",
        "projection": "rigid",
        "location": "ethrium:dungeon/nether_dungeon/starts/starts_2",
        "processors": "ethrium:nether_dungeon"
      }
    },
    {
      "weight": 5,
      "element": {
        "element_type": "minecraft:single_pool_element",
        "projection": "rigid",
        "location": "ethrium:dungeon/nether_dungeon/rooms/great_hall",
        "processors": "ethrium:nether_dungeon"
      }
    },
    {
      "weight": 20,
      "element": {
        "element_type": "minecraft:single_pool_element",
        "projection": "rigid",
        "location": "ethrium:dungeon/nether_dungeon/starts/starts",
        "processors": "ethrium:nether_dungeon"
      }
    }
  ]
}
