[
    {
        "function": "minecraft:set_nbt",
        "tag": "{AttributeModifiers:[{AttributeName:\"generic.attack_damage\",Amount:2.5,Slot:mainhand,Name:\"generic.attack_damage\",UUID:[I;-1221019,31378,16421,-62756]},{AttributeName:\"generic.attack_speed\",Amount:-2.464,Slot:mainhand,Name:\"generic.attack_speed\",UUID:[I;-1221019,31478,16421,-62956]}]}",
        "conditions": [
            {
                "condition": "minecraft:entity_properties",
                "entity": "this",
                "predicate": {
                    "nbt": "{SelectedItem:{id:\"minecraft:iron_sword\"}}"
                }
            },
            {
                "condition": "minecraft:inverted",
                "term": {
                    "condition": "minecraft:entity_properties",
                    "entity": "this",
                    "predicate": {
                        "effects": {
                            "minecraft:invisibility": {}
                        }
                    }
                }
            }
        ]
    },
    {
        "function": "minecraft:set_nbt",
        "tag": "{AttributeModifiers:[{AttributeName:\"generic.attack_damage\",Amount:3,Slot:mainhand,Name:\"generic.attack_damage\",UUID:[I;-1221019,31378,16421,-62756]},{AttributeName:\"generic.attack_speed\",Amount:-2.577777778,Slot:mainhand,Name:\"generic.attack_speed\",UUID:[I;-1221019,31478,16421,-62956]}]}",
        "conditions": [
            {
                "condition": "minecraft:entity_properties",
                "entity": "this",
                "predicate": {
                    "nbt": "{SelectedItem:{id:\"minecraft:iron_sword\"},ActiveEffects:[{Id:14,Amplifier:0b}]}"
                }
            }
        ]
    },
    {
        "function": "minecraft:set_nbt",
        "tag": "{AttributeModifiers:[{AttributeName:\"generic.attack_damage\",Amount:41,Slot:mainhand,Name:\"generic.attack_damage\",UUID:[I;-1221019,31378,16421,-62756]},{AttributeName:\"generic.attack_speed\",Amount:-3.9,Slot:mainhand,Name:\"generic.attack_speed\",UUID:[I;-1221019,31478,16421,-62956]}]}",
        "conditions": [
            {
                "condition": "minecraft:entity_properties",
                "entity": "this",
                "predicate": {
                    "nbt": "{SelectedItem:{id:\"minecraft:iron_sword\"},ActiveEffects:[{Id:14,Amplifier:1b}]}"
                }
            }
        ]
    },
    {
        "function": "minecraft:set_nbt",
        "tag": "{AttributeModifiers:[{AttributeName:\"generic.attack_damage\",Amount:3.5,Slot:mainhand,Name:\"generic.attack_damage\",UUID:[I;-1221019,31378,16421,-62756]},{AttributeName:\"generic.attack_speed\",Amount:-2.452747253,Slot:mainhand,Name:\"generic.attack_speed\",UUID:[I;-1221019,31478,16421,-62956]}]}",
        "conditions": [
            {
                "condition": "minecraft:entity_properties",
                "entity": "this",
                "predicate": {
                    "nbt": "{SelectedItem:{id:\"minecraft:diamond_sword\"}}"
                }
            },
            {
                "condition": "minecraft:inverted",
                "term": {
                    "condition": "minecraft:entity_properties",
                    "entity": "this",
                    "predicate": {
                        "effects": {
                            "minecraft:invisibility": {}
                        }
                    }
                }
            }
        ]
    },
    {
        "function": "minecraft:set_nbt",
        "tag": "{AttributeModifiers:[{AttributeName:\"generic.attack_damage\",Amount:4,Slot:mainhand,Name:\"generic.attack_damage\",UUID:[I;-1221019,31378,16421,-62756]},{AttributeName:\"generic.attack_speed\",Amount:-2.548453608,Slot:mainhand,Name:\"generic.attack_speed\",UUID:[I;-1221019,31478,16421,-62956]}]}",
        "conditions": [
            {
                "condition": "minecraft:entity_properties",
                "entity": "this",
                "predicate": {
                    "nbt": "{SelectedItem:{id:\"minecraft:diamond_sword\"},ActiveEffects:[{Id:14,Amplifier:0b}]}"
                }
            }
        ]
    },
    {
        "function": "minecraft:set_nbt",
        "tag": "{AttributeModifiers:[{AttributeName:\"generic.attack_damage\",Amount:42,Slot:mainhand,Name:\"generic.attack_damage\",UUID:[I;-1221019,31378,16421,-62756]},{AttributeName:\"generic.attack_speed\",Amount:-3.9,Slot:mainhand,Name:\"generic.attack_speed\",UUID:[I;-1221019,31478,16421,-62956]}]}",
        "conditions": [
            {
                "condition": "minecraft:entity_properties",
                "entity": "this",
                "predicate": {
                    "nbt": "{SelectedItem:{id:\"minecraft:diamond_sword\"},ActiveEffects:[{Id:14,Amplifier:1b}]}"
                }
            }
        ]
    },
    {
        "function": "minecraft:set_nbt",
        "tag": "{AttributeModifiers:[{AttributeName:\"generic.attack_damage\",Amount:4.5,Slot:mainhand,Name:\"generic.attack_damage\",UUID:[I;-1221019,31378,16421,-62756]},{AttributeName:\"generic.attack_speed\",Amount:-2.444859813,Slot:mainhand,Name:\"generic.attack_speed\",UUID:[I;-1221019,31478,16421,-62956]}]}",
        "conditions": [
            {
                "condition": "minecraft:entity_properties",
                "entity": "this",
                "predicate": {
                    "nbt": "{SelectedItem:{id:\"minecraft:netherite_sword\"}}"
                }
            },
            {
                "condition": "minecraft:inverted",
                "term": {
                    "condition": "minecraft:entity_properties",
                    "entity": "this",
                    "predicate": {
                        "effects": {
                            "minecraft:invisibility": {}
                        }
                    }
                }
            }
        ]
    },
    {
        "function": "minecraft:set_nbt",
        "tag": "{AttributeModifiers:[{AttributeName:\"generic.attack_damage\",Amount:5,Slot:mainhand,Name:\"generic.attack_damage\",UUID:[I;-1221019,31378,16421,-62756]},{AttributeName:\"generic.attack_speed\",Amount:-2.527433628,Slot:mainhand,Name:\"generic.attack_speed\",UUID:[I;-1221019,31478,16421,-62956]}]}",
        "conditions": [
            {
                "condition": "minecraft:entity_properties",
                "entity": "this",
                "predicate": {
                    "nbt": "{SelectedItem:{id:\"minecraft:netherite_sword\"},ActiveEffects:[{Id:14,Amplifier:0b}]}"
                }
            }
        ]
    },
    {
        "function": "minecraft:set_nbt",
        "tag": "{AttributeModifiers:[{AttributeName:\"generic.attack_damage\",Amount:43,Slot:mainhand,Name:\"generic.attack_damage\",UUID:[I;-1221019,31378,16421,-62756]},{AttributeName:\"generic.attack_speed\",Amount:-3.9,Slot:mainhand,Name:\"generic.attack_speed\",UUID:[I;-1221019,31478,16421,-62956]}]}",
        "conditions": [
            {
                "condition": "minecraft:entity_properties",
                "entity": "this",
                "predicate": {
                    "nbt": "{SelectedItem:{id:\"minecraft:netherite_sword\"},ActiveEffects:[{Id:14,Amplifier:1b}]}"
                }
            }
        ]
    }
]