[
	{
		"function": "minecraft:set_nbt",
		"tag": "{AttributeModifiers:[{AttributeName:\"generic.attack_damage\",Amount:2.75,Slot:mainhand,Name:\"generic.attack_damage\",UUID:[I;-1221019,31378,16421,-62756]},{AttributeName:\"generic.attack_speed\",Amount:-2.183783784,Slot:mainhand,Name:\"generic.attack_speed\",UUID:[I;-1221019,31478,16421,-62956]},{AttributeName:\"generic.movement_speed\",Amount:0.125,Slot:mainhand,Operation:1,Name:\"generic.movement_speed\",UUID:[I;-1221019,32678,16421,-65356]}]}",
		"conditions": [
			{
				"condition": "minecraft:entity_properties",
				"entity": "this",
				"predicate": {
					"nbt": "{SelectedItem:{id:\"minecraft:iron_sword\"}}"
				}
			},
			{
				"condition": "minecraft:inverted",
				"term": {
					"condition": "minecraft:entity_properties",
					"entity": "this",
					"predicate": {
						"effects": {
							"minecraft:invisibility": {}
						}
					}
				}
			}
		]
	},
    {
		"function": "minecraft:set_nbt",
		"tag": "{AttributeModifiers:[{AttributeName:\"generic.attack_damage\",Amount:3.25,Slot:mainhand,Name:\"generic.attack_damage\",UUID:[I;-1221019,31378,16421,-62756]},{AttributeName:\"generic.attack_speed\",Amount:-2.276923077,Slot:mainhand,Name:\"generic.attack_speed\",UUID:[I;-1221019,31478,16421,-62956]},{AttributeName:\"generic.movement_speed\",Amount:0.125,Slot:mainhand,Operation:1,Name:\"generic.movement_speed\",UUID:[I;-1221019,32678,16421,-65356]}]}",
		"conditions": [
			{
				"condition": "minecraft:entity_properties",
				"entity": "this",
				"predicate": {
					"nbt": "{SelectedItem:{id:\"minecraft:iron_sword\"},ActiveEffects:[{Id:14,Amplifier:0b}]}"
				}
			}
		]
	},
    {
		"function": "minecraft:set_nbt",
		"tag": "{AttributeModifiers:[{AttributeName:\"generic.attack_damage\",Amount:42,Slot:mainhand,Name:\"generic.attack_damage\",UUID:[I;-1221019,31378,16421,-62756]},{AttributeName:\"generic.attack_speed\",Amount:-3.9,Slot:mainhand,Name:\"generic.attack_speed\",UUID:[I;-1221019,31478,16421,-62956]},{AttributeName:\"generic.movement_speed\",Amount:0.125,Slot:mainhand,Operation:1,Name:\"generic.movement_speed\",UUID:[I;-1221019,32678,16421,-65356]}]}",
		"conditions": [
			{
				"condition": "minecraft:entity_properties",
				"entity": "this",
				"predicate": {
					"nbt": "{SelectedItem:{id:\"minecraft:iron_sword\"},ActiveEffects:[{Id:14,Amplifier:1b}]}"
				}
			}
		]
	},



    {
		"function": "minecraft:set_nbt",
		"tag": "{AttributeModifiers:[{AttributeName:\"generic.attack_damage\",Amount:3.5,Slot:mainhand,Name:\"generic.attack_damage\",UUID:[I;-1221019,31378,16421,-62756]},{AttributeName:\"generic.attack_speed\",Amount:-2.222222222,Slot:mainhand,Name:\"generic.attack_speed\",UUID:[I;-1221019,31478,16421,-62956]},{AttributeName:\"generic.movement_speed\",Amount:0.125,Slot:mainhand,Operation:1,Name:\"generic.movement_speed\",UUID:[I;-1221019,32678,16421,-65356]}]}",
		"conditions": [
			{
				"condition": "minecraft:entity_properties",
				"entity": "this",
				"predicate": {
					"nbt": "{SelectedItem:{id:\"minecraft:diamond_sword\"}}"
				}
			},
			{
				"condition": "minecraft:inverted",
				"term": {
					"condition": "minecraft:entity_properties",
					"entity": "this",
					"predicate": {
						"effects": {
							"minecraft:invisibility": {}
						}
					}
				}
			}
		]
	},
    {
		"function": "minecraft:set_nbt",
		"tag": "{AttributeModifiers:[{AttributeName:\"generic.attack_damage\",Amount:4,Slot:mainhand,Name:\"generic.attack_damage\",UUID:[I;-1221019,31378,16421,-62756]},{AttributeName:\"generic.attack_speed\",Amount:-2.29787234,Slot:mainhand,Name:\"generic.attack_speed\",UUID:[I;-1221019,31478,16421,-62956]},{AttributeName:\"generic.movement_speed\",Amount:0.125,Slot:mainhand,Operation:1,Name:\"generic.movement_speed\",UUID:[I;-1221019,32678,16421,-65356]}]}",
		"conditions": [
			{
				"condition": "minecraft:entity_properties",
				"entity": "this",
				"predicate": {
					"nbt": "{SelectedItem:{id:\"minecraft:diamond_sword\"},ActiveEffects:[{Id:14,Amplifier:0b}]}"
				}
			}
		]
	},
    {
		"function": "minecraft:set_nbt",
		"tag": "{AttributeModifiers:[{AttributeName:\"generic.attack_damage\",Amount:42,Slot:mainhand,Name:\"generic.attack_damage\",UUID:[I;-1221019,31378,16421,-62756]},{AttributeName:\"generic.attack_speed\",Amount:-3.9,Slot:mainhand,Name:\"generic.attack_speed\",UUID:[I;-1221019,31478,16421,-62956]},{AttributeName:\"generic.movement_speed\",Amount:0.125,Slot:mainhand,Operation:1,Name:\"generic.movement_speed\",UUID:[I;-1221019,32678,16421,-65356]}]}",
		"conditions": [
			{
				"condition": "minecraft:entity_properties",
				"entity": "this",
				"predicate": {
					"nbt": "{SelectedItem:{id:\"minecraft:diamond_sword\"},ActiveEffects:[{Id:14,Amplifier:1b}]}"
				}
			}
		]
	},



    {
		"function": "minecraft:set_nbt",
		"tag": "{AttributeModifiers:[{AttributeName:\"generic.attack_damage\",Amount:4.5,Slot:mainhand,Name:\"generic.attack_damage\",UUID:[I;-1221019,31378,16421,-62756]},{AttributeName:\"generic.attack_speed\",Amount:-2.249056604,Slot:mainhand,Name:\"generic.attack_speed\",UUID:[I;-1221019,31478,16421,-62956]},{AttributeName:\"generic.movement_speed\",Amount:0.125,Slot:mainhand,Operation:1,Name:\"generic.movement_speed\",UUID:[I;-1221019,32678,16421,-65356]}]}",
		"conditions": [
			{
				"condition": "minecraft:entity_properties",
				"entity": "this",
				"predicate": {
					"nbt": "{SelectedItem:{id:\"minecraft:netherite_sword\"}}"
				}
			},
			{
				"condition": "minecraft:inverted",
				"term": {
					"condition": "minecraft:entity_properties",
					"entity": "this",
					"predicate": {
						"effects": {
							"minecraft:invisibility": {}
						}
					}
				}
			}
		]
	},
    {
		"function": "minecraft:set_nbt",
		"tag": "{AttributeModifiers:[{AttributeName:\"generic.attack_damage\",Amount:5,Slot:mainhand,Name:\"generic.attack_damage\",UUID:[I;-1221019,31378,16421,-62756]},{AttributeName:\"generic.attack_speed\",Amount:-2.312727273,Slot:mainhand,Name:\"generic.attack_speed\",UUID:[I;-1221019,31478,16421,-62956]},{AttributeName:\"generic.movement_speed\",Amount:0.125,Slot:mainhand,Operation:1,Name:\"generic.movement_speed\",UUID:[I;-1221019,32678,16421,-65356]}]}",
		"conditions": [
			{
				"condition": "minecraft:entity_properties",
				"entity": "this",
				"predicate": {
					"nbt": "{SelectedItem:{id:\"minecraft:netherite_sword\"},ActiveEffects:[{Id:14,Amplifier:0b}]}"
				}
			}
		]
	},
    {
		"function": "minecraft:set_nbt",
		"tag": "{AttributeModifiers:[{AttributeName:\"generic.attack_damage\",Amount:43,Slot:mainhand,Name:\"generic.attack_damage\",UUID:[I;-1221019,31378,16421,-62756]},{AttributeName:\"generic.attack_speed\",Amount:-3.9,Slot:mainhand,Name:\"generic.attack_speed\",UUID:[I;-1221019,31478,16421,-62956]},{AttributeName:\"generic.movement_speed\",Amount:0.125,Slot:mainhand,Operation:1,Name:\"generic.movement_speed\",UUID:[I;-1221019,32678,16421,-65356]}]}",
		"conditions": [
			{
				"condition": "minecraft:entity_properties",
				"entity": "this",
				"predicate": {
					"nbt": "{SelectedItem:{id:\"minecraft:netherite_sword\"},ActiveEffects:[{Id:14,Amplifier:1b}]}"
				}
			}
		]
	}
]