{
	"credit": "Made with Blockbench",
	"parent": "block/block",
	"textures": {
		"1": "create:block/blaze_burner_inner",
		"2": "create:block/blaze_burner_side",
		"3": "create:block/dark_metal_block",
		"particle": "create:block/dark_metal_block",
		"2_2": "create:block/blaze_kindled"
	},
	"elements": [
		{
			"name": "Brazier Sides 1",
			"from": [2, 5, 2],
			"to": [14, 14, 14],
			"faces": {
				"north": {"uv": [0, 6, 12, 15], "texture": "#2"},
				"east": {"uv": [0, 6, 12, 15], "texture": "#2"},
				"south": {"uv": [0, 6, 12, 15], "texture": "#2"},
				"west": {"uv": [0, 6, 12, 15], "texture": "#2"}
			}
		},
		{
			"name": "Brazier Sides 2",
			"from": [2, 5, 14],
			"to": [14, 14, 15],
			"faces": {
				"north": {"uv": [12, 6, 0, 15], "texture": "#2"}
			}
		},
		{
			"name": "Brazier Sides 3",
			"from": [1, 5, 2],
			"to": [2, 14, 14],
			"faces": {
				"east": {"uv": [12, 6, 0, 15], "texture": "#2"}
			}
		},
		{
			"name": "Brazier Sides 4",
			"from": [2, 5, 1],
			"to": [14, 14, 2],
			"faces": {
				"south": {"uv": [12, 6, 0, 15], "texture": "#2"}
			}
		},
		{
			"name": "Brazier Sides 5",
			"from": [14, 5, 2],
			"to": [15, 14, 14],
			"faces": {
				"west": {"uv": [12, 6, 0, 15], "texture": "#2"}
			}
		},
		{
			"name": "Brazier Spikes 1",
			"from": [2, 14, 13],
			"to": [14, 17, 14],
			"rotation": {"angle": 45, "axis": "x", "origin": [8, 14, 14]},
			"faces": {
				"south": {"uv": [0, 3, 12, 6], "texture": "#2"}
			}
		},
		{
			"name": "Brazier Spikes 2",
			"from": [2, 14, 2],
			"to": [3, 17, 14],
			"rotation": {"angle": 45, "axis": "z", "origin": [2, 14, 8]},
			"faces": {
				"west": {"uv": [0, 3, 12, 6], "texture": "#2"}
			}
		},
		{
			"name": "Brazier Spikes 3",
			"from": [2, 14, 2],
			"to": [14, 17, 3],
			"rotation": {"angle": -45, "axis": "x", "origin": [8, 14, 2]},
			"faces": {
				"north": {"uv": [0, 3, 12, 6], "texture": "#2"}
			}
		},
		{
			"name": "Brazier Spikes 4",
			"from": [13, 14, 2],
			"to": [14, 17, 14],
			"rotation": {"angle": -45, "axis": "z", "origin": [14, 14, 8]},
			"faces": {
				"east": {"uv": [0, 3, 12, 6], "texture": "#2"}
			}
		},
		{
			"name": "Brazier Spikes 1b",
			"from": [2, 14, 14],
			"to": [14, 17, 15],
			"rotation": {"angle": 45, "axis": "x", "origin": [8, 14, 14]},
			"faces": {
				"north": {"uv": [12, 3, 0, 6], "texture": "#2"}
			}
		},
		{
			"name": "Brazier Spikes 1b",
			"from": [1, 14, 2],
			"to": [2, 17, 14],
			"rotation": {"angle": 45, "axis": "z", "origin": [2, 14, 8]},
			"faces": {
				"east": {"uv": [12, 3, 0, 6], "texture": "#2"}
			}
		},
		{
			"name": "Brazier Spikes 1b",
			"from": [2, 14, 1],
			"to": [14, 17, 2],
			"rotation": {"angle": -45, "axis": "x", "origin": [8, 14, 2]},
			"faces": {
				"south": {"uv": [12, 3, 0, 6], "texture": "#2"}
			}
		},
		{
			"name": "Brazier Spikes 1b",
			"from": [14, 14, 2],
			"to": [15, 17, 14],
			"rotation": {"angle": -45, "axis": "z", "origin": [14, 14, 8]},
			"faces": {
				"west": {"uv": [12, 3, 0, 6], "texture": "#2"}
			}
		},
		{
			"name": "Base",
			"from": [0, 0, 0],
			"to": [16, 4, 16],
			"rotation": {"angle": 0, "axis": "y", "origin": [0.5, 8, 0.5]},
			"faces": {
				"north": {"uv": [12, 0, 16, 16], "rotation": 90, "texture": "#2", "cullface": "west"},
				"east": {"uv": [12, 0, 16, 16], "rotation": 90, "texture": "#2", "cullface": "west"},
				"south": {"uv": [12, 0, 16, 16], "rotation": 90, "texture": "#2", "cullface": "west"},
				"west": {"uv": [12, 0, 16, 16], "rotation": 90, "texture": "#2", "cullface": "west"},
				"up": {"uv": [0, 0, 16, 16], "texture": "#1"},
				"down": {"uv": [0, 0, 16, 16], "texture": "#3", "cullface": "down"}
			}
		},
		{
			"name": "Brazier bottom",
			"from": [2, 4, 2],
			"to": [14, 5, 14],
			"rotation": {"angle": 0, "axis": "y", "origin": [2.5, 8, 2.5]},
			"faces": {
				"north": {"uv": [0, 15, 12, 16], "texture": "#2"},
				"east": {"uv": [0, 15, 12, 16], "texture": "#2"},
				"south": {"uv": [0, 15, 12, 16], "texture": "#2"},
				"west": {"uv": [0, 15, 12, 16], "texture": "#2"},
				"up": {"uv": [2, 2, 14, 14], "texture": "#1"}
			}
		},
		{
			"name": "Blaze 4",
			"from": [4, 6, 4],
			"to": [12, 14, 12],
			"rotation": {"angle": -22.5, "axis": "y", "origin": [8, 8, 8]},
			"faces": {
				"north": {"uv": [8, 0, 16, 8], "texture": "#2_2"},
				"east": {"uv": [0, 0, 8, 8], "texture": "#2_2"},
				"south": {"uv": [0, 0, 8, 8], "texture": "#2_2"},
				"west": {"uv": [0, 0, 8, 8], "texture": "#2_2"},
				"up": {"uv": [0, 8, 8, 16], "texture": "#2_2"},
				"down": {"uv": [8, 8, 16, 16], "texture": "#2_2"}
			}
		}
	],
	"groups": [
		{
			"name": "Brazier",
			"origin": [0.5, 0.5, 0.5],
			"children": [
				{
					"name": "Brazier Sides",
					"origin": [0.5, 0.5, 0.5],
					"children": [0, 1, 2, 3, 4]
				},
				{
					"name": "Brazier Spikes",
					"origin": [0.5, 0.5, 0.5],
					"children": [5, 6, 7, 8, 9, 10, 11, 12]
				}, 13, 14]
		},
		{
			"name": "kindled",
			"origin": [8, 8, 8],
			"children": [15]
		}
	]
}