{
  "credit": "Made with Blockbench",
  "parent": "block/block",
  "texture_size": [
    64,
    64
  ],
  "textures": {
    "chest": "minecraft:entity/chest/normal",
    "mimic": "artifacts:entity/mimic"
  },
  "elements": [
    {
      "from": [
        1,
        0,
        1
      ],
      "to": [
        15,
        10,
        15
      ],
      "rotation": {
        "angle": 0,
        "axis": "x",
        "origin": [
          8,
          9,
          1
        ]
      },
      "faces": {
        "north": {
          "uv": [
            3.5,
            8.25,
            7,
            10.75
          ],
          "rotation": 180,
          "texture": "#chest"
        },
        "east": {
          "uv": [
            0,
            8.25,
            3.5,
            10.75
          ],
          "rotation": 180,
          "texture": "#chest"
        },
        "south": {
          "uv": [
            10.5,
            8.25,
            14,
            10.75
          ],
          "rotation": 180,
          "texture": "#chest"
        },
        "west": {
          "uv": [
            7,
            8.25,
            10.5,
            10.75
          ],
          "rotation": 180,
          "texture": "#chest"
        },
        "up": {
          "uv": [
            7,
            4.75,
            10.5,
            8.25
          ],
          "rotation": 180,
          "texture": "#chest"
        },
        "down": {
          "uv": [
            3.5,
            4.75,
            7,
            8.25
          ],
          "rotation": 180,
          "texture": "#chest"
        }
      }
    },
    {
      "from": [
        1,
        9,
        1
      ],
      "to": [
        15,
        14,
        15
      ],
      "rotation": {
        "angle": -45,
        "axis": "x",
        "origin": [
          8,
          9,
          1
        ]
      },
      "faces": {
        "north": {
          "uv": [
            3.5,
            3.5,
            7,
            4.75
          ],
          "rotation": 180,
          "texture": "#chest"
        },
        "east": {
          "uv": [
            0,
            3.5,
            3.5,
            4.75
          ],
          "rotation": 180,
          "texture": "#chest"
        },
        "south": {
          "uv": [
            10.5,
            3.5,
            14,
            4.75
          ],
          "rotation": 180,
          "texture": "#chest"
        },
        "west": {
          "uv": [
            7,
            3.5,
            10.5,
            4.75
          ],
          "rotation": 180,
          "texture": "#chest"
        },
        "up": {
          "uv": [
            7,
            0,
            10.5,
            3.5
          ],
          "rotation": 180,
          "texture": "#chest"
        },
        "down": {
          "uv": [
            3.5,
            0,
            7,
            3.5
          ],
          "rotation": 180,
          "texture": "#chest"
        }
      }
    },
    {
      "from": [
        7,
        8,
        15
      ],
      "to": [
        9,
        12,
        16
      ],
      "rotation": {
        "angle": -45,
        "axis": "x",
        "origin": [
          8,
          9,
          1
        ]
      },
      "faces": {
        "north": {
          "uv": [
            0.5,
            0.25,
            1,
            1.25
          ],
          "rotation": 180,
          "texture": "#chest"
        },
        "east": {
          "uv": [
            0,
            0.25,
            0.25,
            1.25
          ],
          "rotation": 180,
          "texture": "#chest"
        },
        "south": {
          "uv": [
            1,
            0.25,
            1.5,
            1.25
          ],
          "rotation": 180,
          "texture": "#chest"
        },
        "west": {
          "uv": [
            0.5,
            0.25,
            0.75,
            1.25
          ],
          "rotation": 180,
          "texture": "#chest"
        },
        "up": {
          "uv": [
            0.25,
            0,
            0.75,
            0.25
          ],
          "texture": "#chest"
        },
        "down": {
          "uv": [
            0.75,
            0,
            1.25,
            0.25
          ],
          "texture": "#chest"
        }
      }
    },
    {
      "from": [
        14,
        10,
        2
      ],
      "to": [
        14.01,
        13,
        14
      ],
      "rotation": {
        "angle": 0,
        "axis": "y",
        "origin": [
          8,
          9,
          1
        ]
      },
      "faces": {
        "east": {
          "uv": [
            6,
            13.5,
            9,
            15
          ],
          "texture": "#mimic"
        },
        "west": {
          "uv": [
            7,
            6.75,
            8.5,
            7.5
          ],
          "texture": "#mimic"
        }
      }
    },
    {
      "from": [
        2,
        10,
        2
      ],
      "to": [
        2.01,
        13,
        14
      ],
      "rotation": {
        "angle": 0,
        "axis": "y",
        "origin": [
          8,
          9,
          1
        ]
      },
      "faces": {
        "east": {
          "uv": [
            10,
            6.75,
            11.5,
            7.5
          ],
          "texture": "#mimic"
        },
        "west": {
          "uv": [
            0,
            13.5,
            3,
            15
          ],
          "texture": "#mimic"
        }
      }
    },
    {
      "from": [
        2,
        10,
        14
      ],
      "to": [
        14,
        13,
        14.01
      ],
      "rotation": {
        "angle": 0,
        "axis": "y",
        "origin": [
          8,
          9,
          1
        ]
      },
      "faces": {
        "north": {
          "uv": [
            8.5,
            6.75,
            10,
            7.5
          ],
          "texture": "#mimic"
        },
        "south": {
          "uv": [
            3,
            13.5,
            6,
            15
          ],
          "texture": "#mimic"
        }
      }
    },
    {
      "from": [
        2,
        6,
        2
      ],
      "to": [
        2.01,
        9,
        14
      ],
      "rotation": {
        "angle": -45,
        "axis": "x",
        "origin": [
          8,
          9,
          1
        ]
      },
      "faces": {
        "east": {
          "uv": [
            10,
            3,
            11.5,
            3.75
          ],
          "texture": "#mimic"
        },
        "west": {
          "uv": [
            0,
            6,
            3,
            7.5
          ],
          "texture": "#mimic"
        }
      }
    },
    {
      "from": [
        2,
        6,
        14
      ],
      "to": [
        14,
        9,
        14.01
      ],
      "rotation": {
        "angle": -45,
        "axis": "x",
        "origin": [
          8,
          9,
          1
        ]
      },
      "faces": {
        "north": {
          "uv": [
            8.5,
            3,
            10,
            3.75
          ],
          "texture": "#mimic"
        },
        "south": {
          "uv": [
            3,
            6,
            6,
            7.5
          ],
          "texture": "#mimic"
        }
      }
    },
    {
      "from": [
        14,
        6,
        2
      ],
      "to": [
        14.01,
        9,
        14
      ],
      "rotation": {
        "angle": -45,
        "axis": "x",
        "origin": [
          8,
          9,
          1
        ]
      },
      "faces": {
        "east": {
          "uv": [
            6,
            6,
            9,
            7.5
          ],
          "texture": "#mimic"
        },
        "west": {
          "uv": [
            7,
            3,
            8.5,
            3.75
          ],
          "texture": "#mimic"
        }
      }
    },
    {
      "from": [
        2,
        10.02,
        2
      ],
      "to": [
        14,
        10.02,
        14
      ],
      "rotation": {
        "angle": 0,
        "axis": "y",
        "origin": [
          8,
          9,
          1
        ]
      },
      "faces": {
        "north": {
          "uv": [
            0,
            0,
            3,
            0
          ],
          "texture": "#mimic"
        },
        "east": {
          "uv": [
            0,
            0,
            3,
            0
          ],
          "texture": "#mimic"
        },
        "south": {
          "uv": [
            0,
            0,
            3,
            0
          ],
          "texture": "#mimic"
        },
        "west": {
          "uv": [
            0,
            0,
            3,
            0
          ],
          "texture": "#mimic"
        },
        "up": {
          "uv": [
            12,
            7.5,
            15,
            13.5
          ],
          "texture": "#mimic"
        },
        "down": {
          "uv": [
            0,
            0,
            3,
            3
          ],
          "texture": "#mimic"
        }
      }
    },
    {
      "from": [
        2,
        8.98,
        2
      ],
      "to": [
        14,
        8.98,
        14
      ],
      "rotation": {
        "angle": -45,
        "axis": "x",
        "origin": [
          8,
          9,
          1
        ]
      },
      "faces": {
        "north": {
          "uv": [
            0,
            0,
            3,
            0
          ],
          "texture": "#mimic"
        },
        "east": {
          "uv": [
            0,
            0,
            3,
            0
          ],
          "texture": "#mimic"
        },
        "south": {
          "uv": [
            0,
            0,
            3,
            0
          ],
          "texture": "#mimic"
        },
        "west": {
          "uv": [
            0,
            0,
            3,
            0
          ],
          "texture": "#mimic"
        },
        "up": {
          "uv": [
            0,
            0,
            3,
            3
          ],
          "texture": "#mimic"
        },
        "down": {
          "uv": [
            12,
            0,
            15,
            6
          ],
          "rotation": 180,
          "texture": "#mimic"
        }
      }
    }
  ],
  "display": {
    "thirdperson_righthand": {
      "rotation": [
        75,
        315,
        0
      ],
      "translation": [
        0,
        2.5,
        0
      ],
      "scale": [
        0.375,
        0.375,
        0.375
      ]
    },
    "thirdperson_lefthand": {
      "rotation": [
        75,
        315,
        0
      ],
      "translation": [
        0,
        2.5,
        0
      ],
      "scale": [
        0.375,
        0.375,
        0.375
      ]
    },
    "firstperson_righthand": {
      "rotation": [
        0,
        315,
        0
      ],
      "scale": [
        0.4,
        0.4,
        0.4
      ]
    },
    "firstperson_lefthand": {
      "rotation": [
        0,
        315,
        0
      ],
      "scale": [
        0.4,
        0.4,
        0.4
      ]
    },
    "ground": {
      "translation": [
        0,
        3,
        0
      ],
      "scale": [
        0.25,
        0.25,
        0.25
      ]
    },
    "gui": {
      "rotation": [
        30,
        45,
        0
      ],
      "scale": [
        0.625,
        0.625,
        0.625
      ]
    },
    "fixed": {
      "rotation": [
        0,
        180,
        0
      ],
      "scale": [
        0.5,
        0.5,
        0.5
      ]
    }
  }
}