{
  "parent": "artifacts:item/umbrella_idle_in_hand",
  "display": {
    "thirdperson_righthand": {
      "rotation": [
        -45,
        0,
        -15
      ],
      "translation": [
        0.75,
        0,
        0
      ]
    },
    "thirdperson_lefthand": {
      "rotation": [
        -45,
        0,
        -15
      ],
      "translation": [
        0.75,
        0,
        0
      ]
    },
    "firstperson_righthand": {
      "rotation": [
        -90,
        22.5,
        0
      ],
      "translation": [
        6,
        0,
        0
      ]
    },
    "firstperson_lefthand": {
      "rotation": [
        -90,
        22.5,
        0
      ],
      "translation": [
        6,
        0,
        0
      ]
    }
  }
}