{
  "loader": "forge:separate-perspective",
  "gui_light": "front",
  "base": {
    "parent": "artifacts:item/umbrella_in_inventory"
  },
  "perspectives": {
    "first_person_right_hand": {
      "parent": "artifacts:item/umbrella_idle_in_hand"
    },
    "first_person_left_hand": {
      "parent": "artifacts:item/umbrella_idle_in_hand"
    },
    "third_person_right_hand": {
      "parent": "artifacts:item/umbrella_idle_in_hand"
    },
    "third_person_left_hand": {
      "parent": "artifacts:item/umbrella_idle_in_hand"
    },
    "head": {
      "parent": "artifacts:item/umbrella_idle_in_hand"
    }
  }
}