{
  "texture_size": [
    64,
    64
  ],
  "textures": {
    "particle": "block/oak_log",
    "umbrella": "artifacts:item/umbrella_in_hand"
  },
  "elements": [
    {
      "from": [
        7,
        -7,
        7
      ],
      "to": [
        9,
        25,
        9
      ],
      "faces": {
        "north": {
          "uv": [
            1.5,
            0,
            2,
            8
          ],
          "texture": "#umbrella"
        },
        "east": {
          "uv": [
            1,
            0,
            1.5,
            8
          ],
          "texture": "#umbrella"
        },
        "south": {
          "uv": [
            0.5,
            0,
            1,
            8
          ],
          "texture": "#umbrella"
        },
        "west": {
          "uv": [
            0,
            0,
            0.5,
            8
          ],
          "texture": "#umbrella"
        },
        "up": {
          "uv": [
            2,
            0,
            2.5,
            0.5
          ],
          "texture": "#umbrella"
        },
        "down": {
          "uv": [
            2.5,
            0,
            3,
            0.5
          ],
          "texture": "#umbrella"
        }
      }
    },
    {
      "from": [
        -8,
        24,
        8
      ],
      "to": [
        24,
        24.01,
        24
      ],
      "rotation": {
        "angle": 22.5,
        "axis": "x",
        "origin": [
          8,
          24,
          8
        ]
      },
      "faces": {
        "up": {
          "uv": [
            0,
            12,
            8,
            16
          ],
          "texture": "#umbrella"
        },
        "down": {
          "uv": [
            0,
            8,
            8,
            12
          ],
          "texture": "#umbrella"
        }
      }
    },
    {
      "from": [
        8,
        24,
        -8
      ],
      "to": [
        24,
        24.01,
        24
      ],
      "rotation": {
        "angle": -22.5,
        "axis": "z",
        "origin": [
          8,
          24,
          8
        ]
      },
      "faces": {
        "up": {
          "uv": [
            12,
            8,
            16,
            16
          ],
          "texture": "#umbrella"
        },
        "down": {
          "uv": [
            12,
            8,
            16,
            16
          ],
          "texture": "#umbrella"
        }
      }
    },
    {
      "from": [
        -8,
        24,
        -8
      ],
      "to": [
        8,
        24.01,
        24
      ],
      "rotation": {
        "angle": 22.5,
        "axis": "z",
        "origin": [
          8,
          24,
          8
        ]
      },
      "faces": {
        "up": {
          "uv": [
            8,
            8,
            12,
            16
          ],
          "texture": "#umbrella"
        },
        "down": {
          "uv": [
            8,
            8,
            12,
            16
          ],
          "texture": "#umbrella"
        }
      }
    },
    {
      "from": [
        -8,
        24,
        -8
      ],
      "to": [
        24,
        24.01,
        8
      ],
      "rotation": {
        "angle": -22.5,
        "axis": "x",
        "origin": [
          8,
          24,
          8
        ]
      },
      "faces": {
        "up": {
          "uv": [
            0,
            8,
            8,
            12
          ],
          "texture": "#umbrella"
        },
        "down": {
          "uv": [
            0,
            12,
            8,
            16
          ],
          "texture": "#umbrella"
        }
      }
    }
  ],
  "display": {
    "thirdperson_righthand": {
      "rotation": [
        -90,
        0,
        0
      ],
      "translation": [
        0,
        -2,
        -6
      ]
    },
    "thirdperson_lefthand": {
      "rotation": [
        -90,
        0,
        0
      ],
      "translation": [
        0,
        -2,
        -6
      ]
    },
    "firstperson_righthand": {
      "rotation": [
        0,
        22.5,
        0
      ],
      "translation": [
        1.25,
        10,
        0
      ]
    },
    "firstperson_lefthand": {
      "rotation": [
        0,
        22.5,
        0
      ],
      "translation": [
        1.25,
        10,
        0
      ]
    },
    "head": {
      "translation": [
        0,
        2.5,
        0
      ]
    }
  }
}