[
    {
        "function": "minecraft:set_attributes",
        "modifiers": [
            {
                "attribute": "minecraft:generic.max_health",
                "name": "es.reflexslot",
                "amount": -0.99,
                "operation": "multiply_base",
                "slot": "mainhand"
            },
            {
                "attribute": "minecraft:generic.max_health",
                "name": "es.reflexslot",
                "amount": 2950,
                "operation": "addition",
                "slot": "mainhand"
            }
        ]
    },
    {
        "function": "minecraft:set_lore",
        "entity": "this",
        "lore": [
            {
                "color": "gray",
                "italic": true,
                "translate": "item_mod.essrpg.prot.fmaxchainarmor.1.lore.0"
            },
            {
                "color": "aqua",
                "italic": true,
                "translate": "item_mod.essrpg.prot.fmaxchainarmor.1.lore.1"
            },
            {
                "color": "aqua",
                "italic": true,
                "translate": "item_mod.essrpg.prot.fmaxchainarmor.1.lore.2"
            },
            {
                "color": "aqua",
                "italic": true,
                "bold": true,
                "translate": "item_mod.essrpg.prot.fmaxchainarmor.1.lore.3"
            }
        ]
    }
]