{
    "pools": [
      {
        "rolls": 1,
        "bonus_rolls": 1,
        "entries": [
          {
            "type": "minecraft:loot_table",
            "name": "essences:item/common/wisp/fight"
          }
        ],
        "conditions": [
          {
            "condition": "minecraft:random_chance",
            "chance": 0.667
          }
        ]
      },
      {
        "rolls": {
          "min": 10,
          "max": 15
        },
        "bonus_rolls": {
          "min": 5,
          "max": 20
        },
        "entries": [
          {
            "type": "minecraft:loot_table",
            "name": "essences:item/common/generichostile"
          }
        ]
      },
      {
        "rolls": {
          "type": "minecraft:binomial",
          "n": 10,
          "p": 0.010481
        },
        "bonus_rolls": {
          "type": "minecraft:binomial",
          "n": 5,
          "p": 0.010207
        },
        "entries": [
          {
            "type": "minecraft:loot_table",
            "name": "essences:item/relic/random/fight"
          }
        ]
      }
    ]
  }