{
  "condition": "minecraft:alternative",
  "terms": [
    {
      "condition": "minecraft:inverted",
      "term": {
        "condition": "minecraft:entity_scores",
        "entity": "this",
        "scores": {
          "modifiers_reforged.ProjectileDamageMainhand": {
            "min": {
              "type": "minecraft:score",
              "target": "this",
              "score": "modifiers_reforged.ProjectileDamageMainhand2"
            },
            "max": {
              "type": "minecraft:score",
              "target": "this",
              "score": "modifiers_reforged.ProjectileDamageMainhand2"
            }
          }
        }
      }
    },
    {
      "condition": "minecraft:inverted",
      "term": {
        "condition": "minecraft:entity_scores",
        "entity": "this",
        "scores": {
          "modifiers_reforged.ProjectileSpeedMainhand": {
            "min": {
              "type": "minecraft:score",
              "target": "this",
              "score": "modifiers_reforged.ProjectileSpeedMainhand2"
            },
            "max": {
              "type": "minecraft:score",
              "target": "this",
              "score": "modifiers_reforged.ProjectileSpeedMainhand2"
            }
          }
        }
      }
    },
    {
      "condition": "minecraft:inverted",
      "term": {
        "condition": "minecraft:entity_scores",
        "entity": "this",
        "scores": {
          "modifiers_reforged.CritChanceMainhand": {
            "min": {
              "type": "minecraft:score",
              "target": "this",
              "score": "modifiers_reforged.CritChanceMainhand2"
            },
            "max": {
              "type": "minecraft:score",
              "target": "this",
              "score": "modifiers_reforged.CritChanceMainhand2"
            }
          }
        }
      }
    },
    {
      "condition": "minecraft:inverted",
      "term": {
        "condition": "minecraft:entity_scores",
        "entity": "this",
        "scores": {
          "modifiers_reforged.ProjectileDamageOffhand": {
            "min": {
              "type": "minecraft:score",
              "target": "this",
              "score": "modifiers_reforged.ProjectileDamageOffhand2"
            },
            "max": {
              "type": "minecraft:score",
              "target": "this",
              "score": "modifiers_reforged.ProjectileDamageOffhand2"
            }
          }
        }
      }
    },
    {
      "condition": "minecraft:inverted",
      "term": {
        "condition": "minecraft:entity_scores",
        "entity": "this",
        "scores": {
          "modifiers_reforged.ProjectileSpeedOffhand": {
            "min": {
              "type": "minecraft:score",
              "target": "this",
              "score": "modifiers_reforged.ProjectileSpeedOffhand2"
            },
            "max": {
              "type": "minecraft:score",
              "target": "this",
              "score": "modifiers_reforged.ProjectileSpeedOffhand2"
            }
          }
        }
      }
    },
    {
      "condition": "minecraft:inverted",
      "term": {
        "condition": "minecraft:entity_scores",
        "entity": "this",
        "scores": {
          "modifiers_reforged.CritChanceOffhand": {
            "min": {
              "type": "minecraft:score",
              "target": "this",
              "score": "modifiers_reforged.CritChanceOffhand2"
            },
            "max": {
              "type": "minecraft:score",
              "target": "this",
              "score": "modifiers_reforged.CritChanceOffhand2"
            }
          }
        }
      }
    },
    {
      "condition": "minecraft:inverted",
      "term": {
        "condition": "minecraft:entity_scores",
        "entity": "this",
        "scores": {
          "modifiers_reforged.ProjectileDamageChest": {
            "min": {
              "type": "minecraft:score",
              "target": "this",
              "score": "modifiers_reforged.ProjectileDamageChest2"
            },
            "max": {
              "type": "minecraft:score",
              "target": "this",
              "score": "modifiers_reforged.ProjectileDamageChest2"
            }
          }
        }
      }
    },
    {
      "condition": "minecraft:inverted",
      "term": {
        "condition": "minecraft:entity_scores",
        "entity": "this",
        "scores": {
          "modifiers_reforged.ProjectileSpeedChest": {
            "min": {
              "type": "minecraft:score",
              "target": "this",
              "score": "modifiers_reforged.ProjectileSpeedChest2"
            },
            "max": {
              "type": "minecraft:score",
              "target": "this",
              "score": "modifiers_reforged.ProjectileSpeedChest2"
            }
          }
        }
      }
    },
    {
      "condition": "minecraft:inverted",
      "term": {
        "condition": "minecraft:entity_scores",
        "entity": "this",
        "scores": {
          "modifiers_reforged.CritChanceChest": {
            "min": {
              "type": "minecraft:score",
              "target": "this",
              "score": "modifiers_reforged.CritChanceChest2"
            },
            "max": {
              "type": "minecraft:score",
              "target": "this",
              "score": "modifiers_reforged.CritChanceChest2"
            }
          }
        }
      }
    }
  ]
}
