{
  "condition": "minecraft:alternative",
  "terms": [
    {
      "condition": "minecraft:inverted",
      "term": {
        "condition": "minecraft:entity_scores",
        "entity": "this",
        "scores": {
          "modifiers_reforged.AttackDamage": {
            "min": {
              "type": "minecraft:score",
              "target": "this",
              "score": "modifiers_reforged.AttackDamage2"
            },
            "max": {
              "type": "minecraft:score",
              "target": "this",
              "score": "modifiers_reforged.AttackDamage2"
            }
          }
        }
      }
    },
    {
      "condition": "minecraft:inverted",
      "term": {
        "condition": "minecraft:entity_scores",
        "entity": "this",
        "scores": {
          "modifiers_reforged.AttackSpeed": {
            "min": {
              "type": "minecraft:score",
              "target": "this",
              "score": "modifiers_reforged.AttackSpeed2"
            },
            "max": {
              "type": "minecraft:score",
              "target": "this",
              "score": "modifiers_reforged.AttackSpeed2"
            }
          }
        }
      }
    }
  ]
}
