[
    {
        "function": "minecraft:set_attributes",
        "modifiers": [
            {
                "attribute": "minecraft:generic.luck",
                "name": "Persuader Luck MH",
                "amount": 0.5,
                "operation": "multiply_total",
                "slot": "mainhand"
            },
            {
                "attribute": "minecraft:generic.luck",
                "name": "Persuader Luck OH",
                "amount": 0.5,
                "operation": "multiply_total",
                "slot": "offhand"
            }
        ]
    },
    {
        "function": "minecraft:set_lore",
        "entity": "this",
        "lore": [
            {
                "color": "gray",
                "italic": true,
                "translate": "item_mod.essrpg.scav.fmaxsttool.2.lore.0"
            },
            {
                "color": "green",
                "italic": true,
                "translate": "item_mod.essrpg.scav.fmaxsttool.2.lore.1"
            },
            {
                "color": "green",
                "italic": true,
                "translate": "item_mod.essrpg.scav.fmaxsttool.2.lore.2"
            },
            {
                "color": "green",
                "italic": true,
                "translate": "item_mod.essrpg.scav.fmaxsttool.2.lore.3"
            }
        ]
    }
]