{
	  "name": "ethrium:dungeon/stone_dungeon/starts/starts",
	"fallback": "minecraft:empty",
	"elements": [
		{
			"weight": 1,
			"element": {
				"element_type": "minecraft:single_pool_element",
				"projection": "rigid",
				"location": "ethrium:nether_mine/starts_2",
				"processors": "ethrium:nether_mine"
			}
		},
		{
			"weight": 3,
			"element": {
				"element_type": "minecraft:single_pool_element",
				"projection": "rigid",
				"location": "ethrium:nether_mine/shafts/chest_shaft",
				"processors": "ethrium:nether_mine"
			}
		},
		{
			"weight": 3,
			"element": {
				"element_type": "minecraft:single_pool_element",
				"projection": "rigid",
				"location": "ethrium:nether_mine/shafts/spawner_shaft",
				"processors": "ethrium:nether_mine"
			}
		},
		{
			"weight": 8,
			"element": {
				"element_type": "minecraft:single_pool_element",
				"projection": "rigid",
				"location": "ethrium:nether_mine/shafts/shaft_02",
				"processors": "ethrium:nether_mine"
			}
		},
		{
			"weight": 4,
			"element": {
				"element_type": "minecraft:single_pool_element",
				"projection": "rigid",
				"location": "ethrium:nether_mine/shafts/pillar",
				"processors": "ethrium:nether_mine"
			}
		},
		{
			"weight": 2,
			"element": {
				"element_type": "minecraft:single_pool_element",
				"projection": "rigid",
				"location": "ethrium:nether_mine/shafts/stairs",
				"processors": "ethrium:nether_mine"
			}
		},
		{
			"weight": 8,
			"element": {
				"element_type": "minecraft:single_pool_element",
				"projection": "rigid",
				"location": "ethrium:nether_mine/shafts/shaft_01",
				"processors": "ethrium:nether_mine"
			}
		}
	]
}
