{
  "name": "ethrium:nether_mine/shafts",
  "fallback": "minecraft:empty",
  "elements": [
    {
      "weight": 1,
      "element": {
        "element_type": "minecraft:single_pool_element",
        "projection": "rigid",
        "location": "ethrium:nether_mine/starts_2",
        "processors": "ethrium:nether_mine"
      }
    },
    {
      "weight": 1,
      "element": {
        "element_type": "minecraft:single_pool_element",
        "projection": "rigid",
        "location": "ethrium:nether_mine/starts",
        "processors": "ethrium:nether_mine"
      }
    }
  ]
}
