[
    {
        "function": "minecraft:set_nbt",
        "tag": "{AttributeModifiers:[{AttributeName:\"generic.armor\",Amount:-2,Slot:mainhand,Name:\"generic.armor\",UUID:[I;-12271,9208,121624,-18416]}]}",
        "conditions": [
            {
                "condition": "entity_properties",
                "entity": "this",
                "predicate": {
                    "nbt": "{SelectedItem:{tag:{Custom:buckler}}}"
                }
            }
        ]
    },
    {
        "function": "minecraft:set_nbt",
        "tag": "{AttributeModifiers:[{AttributeName:\"generic.armor\",Amount:-2,Slot:offhand,Name:\"generic.armor\",UUID:[I;-12271,9208,121624,-18416]}]}",
        "conditions": [
            {
                "condition": "entity_properties",
                "entity": "this",
                "predicate": {
                    "nbt": "{Inventory:[{Slot:-106b,tag:{Custom:buckler}}]}"
                }
            }
        ]
    }
]