[
    {
        "function": "minecraft:set_nbt",
        "tag": "{AttributeModifiers:[{AttributeName:\"generic.attack_damage\",Amount:9,Slot:mainhand,Name:\"generic.attack_damage\",UUID:[I;-12271,7208,121624,-14416]},{AttributeName:\"generic.attack_speed\",Amount:-3.165217391,Slot:mainhand,Name:\"generic.attack_speed\",UUID:[I;-12271,7408,121624,-14816]},{AttributeName:\"generic.movement_speed\",Amount:-0.25,Operation:1,Slot:mainhand,Name:\"generic.movement_speed\",UUID:[I;-12271,7408,121624,-14816]},{AttributeName:\"generic.armor\",Amount:6,Slot:mainhand,Name:\"generic.armor\",UUID:[I;-12271,7408,121624,-14816]}]}",
        "conditions": [
            {
                "condition": "entity_scores",
                "entity": "this",
                "scores": {
                    "greataxe_chain": 0
                }
            },
            {
                "condition": "minecraft:entity_properties",
                "entity": "this",
                "predicate": {
                    "nbt": "{SelectedItem:{id:\"minecraft:iron_sword\"},Inventory:[{Slot:-106b}]}"
                }
            },
            {
                "condition": "minecraft:inverted",
                "term": {
                    "condition": "minecraft:entity_properties",
                    "entity": "this",
                    "predicate": {
                        "nbt": "{Inventory:[{Slot:-106b,tag:{Custom:smallshield}}]}"
                    }
                }
            }
        ]
    },
    {
        "function": "minecraft:set_nbt",
        "tag": "{AttributeModifiers:[{AttributeName:\"generic.attack_damage\",Amount:9,Slot:mainhand,Name:\"generic.attack_damage\",UUID:[I;-12271,7208,121624,-14416]},{AttributeName:\"generic.attack_speed\",Amount:-3.04,Slot:mainhand,Name:\"generic.attack_speed\",UUID:[I;-12271,7408,121624,-14816]},{AttributeName:\"generic.movement_speed\",Amount:-0.25,Operation:1,Slot:mainhand,Name:\"generic.movement_speed\",UUID:[I;-12271,7408,121624,-14816]},{AttributeName:\"generic.armor\",Amount:6,Slot:mainhand,Name:\"generic.armor\",UUID:[I;-12271,7408,121624,-14816]}]}",
        "conditions": [
            {
                "condition": "entity_scores",
                "entity": "this",
                "scores": {
                    "greataxe_chain": 0
                }
            },
            {
                "condition": "minecraft:entity_properties",
                "entity": "this",
                "predicate": {
                    "nbt": "{SelectedItem:{id:\"minecraft:iron_sword\"},Inventory:[{Slot:-106b,tag:{Custom:smallshield}}]}"
                }
            }
        ]
    },
    {
        "function": "minecraft:set_nbt",
        "tag": "{AttributeModifiers:[{AttributeName:\"generic.attack_damage\",Amount:9,Slot:mainhand,Name:\"generic.attack_damage\",UUID:[I;-12271,7208,121624,-14416]},{AttributeName:\"generic.attack_speed\",Amount:-2.870588235,Slot:mainhand,Name:\"generic.attack_speed\",UUID:[I;-12271,7408,121624,-14816]},{AttributeName:\"generic.movement_speed\",Amount:-0.25,Operation:1,Slot:mainhand,Name:\"generic.movement_speed\",UUID:[I;-12271,7408,121624,-14816]},{AttributeName:\"generic.armor\",Amount:6,Slot:mainhand,Name:\"generic.armor\",UUID:[I;-12271,7408,121624,-14816]}]}",
        "conditions": [
            {
                "condition": "entity_scores",
                "entity": "this",
                "scores": {
                    "greataxe_chain": 0
                }
            },
            {
                "condition": "minecraft:entity_properties",
                "entity": "this",
                "predicate": {
                    "nbt": "{SelectedItem:{id:\"minecraft:iron_sword\"}}"
                }
            },
            {
                "condition": "minecraft:inverted",
                "term": {
                    "condition": "minecraft:entity_properties",
                    "entity": "this",
                    "predicate": {
                        "nbt": "{Inventory:[{Slot:-106b}]}"
                    }
                }
            }
        ]
    },
    {
        "function": "minecraft:set_nbt",
        "tag": "{AttributeModifiers:[{AttributeName:\"generic.attack_damage\",Amount:9,Slot:mainhand,Name:\"generic.attack_damage\",UUID:[I;-12271,7208,121624,-14416]},{AttributeName:\"generic.attack_speed\",Amount:-3.085714286,Slot:mainhand,Name:\"generic.attack_speed\",UUID:[I;-12271,7408,121624,-14816]},{AttributeName:\"generic.movement_speed\",Amount:-0.25,Operation:1,Slot:mainhand,Name:\"generic.movement_speed\",UUID:[I;-12271,7408,121624,-14816]},{AttributeName:\"generic.armor\",Amount:6,Slot:mainhand,Name:\"generic.armor\",UUID:[I;-12271,7408,121624,-14816]}]}",
        "conditions": [
            {
                "condition": "entity_scores",
                "entity": "this",
                "scores": {
                    "greataxe_chain": 1
                }
            },
            {
                "condition": "minecraft:entity_properties",
                "entity": "this",
                "predicate": {
                    "nbt": "{SelectedItem:{id:\"minecraft:iron_sword\"},Inventory:[{Slot:-106b}]}"
                }
            },
            {
                "condition": "minecraft:inverted",
                "term": {
                    "condition": "minecraft:entity_properties",
                    "entity": "this",
                    "predicate": {
                        "nbt": "{Inventory:[{Slot:-106b,tag:{Custom:smallshield}}]}"
                    }
                }
            }
        ]
    },
    {
        "function": "minecraft:set_nbt",
        "tag": "{AttributeModifiers:[{AttributeName:\"generic.attack_damage\",Amount:9,Slot:mainhand,Name:\"generic.attack_damage\",UUID:[I;-12271,7208,121624,-14416]},{AttributeName:\"generic.attack_speed\",Amount:-2.933333333,Slot:mainhand,Name:\"generic.attack_speed\",UUID:[I;-12271,7408,121624,-14816]},{AttributeName:\"generic.movement_speed\",Amount:-0.25,Operation:1,Slot:mainhand,Name:\"generic.movement_speed\",UUID:[I;-12271,7408,121624,-14816]},{AttributeName:\"generic.armor\",Amount:6,Slot:mainhand,Name:\"generic.armor\",UUID:[I;-12271,7408,121624,-14816]}]}",
        "conditions": [
            {
                "condition": "entity_scores",
                "entity": "this",
                "scores": {
                    "greataxe_chain": 1
                }
            },
            {
                "condition": "minecraft:entity_properties",
                "entity": "this",
                "predicate": {
                    "nbt": "{SelectedItem:{id:\"minecraft:iron_sword\"},Inventory:[{Slot:-106b,tag:{Custom:smallshield}}]}"
                }
            }
        ]
    },
    {
        "function": "minecraft:set_nbt",
        "tag": "{AttributeModifiers:[{AttributeName:\"generic.attack_damage\",Amount:9,Slot:mainhand,Name:\"generic.attack_damage\",UUID:[I;-12271,7208,121624,-14416]},{AttributeName:\"generic.attack_speed\",Amount:-2.72,Slot:mainhand,Name:\"generic.attack_speed\",UUID:[I;-12271,7408,121624,-14816]},{AttributeName:\"generic.movement_speed\",Amount:-0.25,Operation:1,Slot:mainhand,Name:\"generic.movement_speed\",UUID:[I;-12271,7408,121624,-14816]},{AttributeName:\"generic.armor\",Amount:6,Slot:mainhand,Name:\"generic.armor\",UUID:[I;-12271,7408,121624,-14816]}]}",
        "conditions": [
            {
                "condition": "entity_scores",
                "entity": "this",
                "scores": {
                    "greataxe_chain": 1
                }
            },
            {
                "condition": "minecraft:entity_properties",
                "entity": "this",
                "predicate": {
                    "nbt": "{SelectedItem:{id:\"minecraft:iron_sword\"}}"
                }
            },
            {
                "condition": "minecraft:inverted",
                "term": {
                    "condition": "minecraft:entity_properties",
                    "entity": "this",
                    "predicate": {
                        "nbt": "{Inventory:[{Slot:-106b}]}"
                    }
                }
            }
        ]
    },
    {
        "function": "minecraft:set_nbt",
        "tag": "{AttributeModifiers:[{AttributeName:\"generic.attack_damage\",Amount:9,Slot:mainhand,Name:\"generic.attack_damage\",UUID:[I;-12271,7208,121624,-14416]},{AttributeName:\"generic.attack_speed\",Amount:-2.989473684,Slot:mainhand,Name:\"generic.attack_speed\",UUID:[I;-12271,7408,121624,-14816]},{AttributeName:\"generic.movement_speed\",Amount:-0.25,Operation:1,Slot:mainhand,Name:\"generic.movement_speed\",UUID:[I;-12271,7408,121624,-14816]},{AttributeName:\"generic.armor\",Amount:6,Slot:mainhand,Name:\"generic.armor\",UUID:[I;-12271,7408,121624,-14816]}]}",
        "conditions": [
            {
                "condition": "entity_scores",
                "entity": "this",
                "scores": {
                    "greataxe_chain": 2
                }
            },
            {
                "condition": "minecraft:entity_properties",
                "entity": "this",
                "predicate": {
                    "nbt": "{SelectedItem:{id:\"minecraft:iron_sword\"},Inventory:[{Slot:-106b}]}"
                }
            },
            {
                "condition": "minecraft:inverted",
                "term": {
                    "condition": "minecraft:entity_properties",
                    "entity": "this",
                    "predicate": {
                        "nbt": "{Inventory:[{Slot:-106b,tag:{Custom:smallshield}}]}"
                    }
                }
            }
        ]
    },
    {
        "function": "minecraft:set_nbt",
        "tag": "{AttributeModifiers:[{AttributeName:\"generic.attack_damage\",Amount:9,Slot:mainhand,Name:\"generic.attack_damage\",UUID:[I;-12271,7208,121624,-14416]},{AttributeName:\"generic.attack_speed\",Amount:-2.8,Slot:mainhand,Name:\"generic.attack_speed\",UUID:[I;-12271,7408,121624,-14816]},{AttributeName:\"generic.movement_speed\",Amount:-0.25,Operation:1,Slot:mainhand,Name:\"generic.movement_speed\",UUID:[I;-12271,7408,121624,-14816]},{AttributeName:\"generic.armor\",Amount:6,Slot:mainhand,Name:\"generic.armor\",UUID:[I;-12271,7408,121624,-14816]}]}",
        "conditions": [
            {
                "condition": "entity_scores",
                "entity": "this",
                "scores": {
                    "greataxe_chain": 2
                }
            },
            {
                "condition": "minecraft:entity_properties",
                "entity": "this",
                "predicate": {
                    "nbt": "{SelectedItem:{id:\"minecraft:iron_sword\"},Inventory:[{Slot:-106b,tag:{Custom:smallshield}}]}"
                }
            }
        ]
    },
    {
        "function": "minecraft:set_nbt",
        "tag": "{AttributeModifiers:[{AttributeName:\"generic.attack_damage\",Amount:9,Slot:mainhand,Name:\"generic.attack_damage\",UUID:[I;-12271,7208,121624,-14416]},{AttributeName:\"generic.attack_speed\",Amount:-2.523076923,Slot:mainhand,Name:\"generic.attack_speed\",UUID:[I;-12271,7408,121624,-14816]},{AttributeName:\"generic.movement_speed\",Amount:-0.25,Operation:1,Slot:mainhand,Name:\"generic.movement_speed\",UUID:[I;-12271,7408,121624,-14816]},{AttributeName:\"generic.armor\",Amount:6,Slot:mainhand,Name:\"generic.armor\",UUID:[I;-12271,7408,121624,-14816]}]}",
        "conditions": [
            {
                "condition": "entity_scores",
                "entity": "this",
                "scores": {
                    "greataxe_chain": 2
                }
            },
            {
                "condition": "minecraft:entity_properties",
                "entity": "this",
                "predicate": {
                    "nbt": "{SelectedItem:{id:\"minecraft:iron_sword\"}}"
                }
            },
            {
                "condition": "minecraft:inverted",
                "term": {
                    "condition": "minecraft:entity_properties",
                    "entity": "this",
                    "predicate": {
                        "nbt": "{Inventory:[{Slot:-106b}]}"
                    }
                }
            }
        ]
    },
    {
        "function": "minecraft:set_nbt",
        "tag": "{AttributeModifiers:[{AttributeName:\"generic.attack_damage\",Amount:9,Slot:mainhand,Name:\"generic.attack_damage\",UUID:[I;-12271,7208,121624,-14416]},{AttributeName:\"generic.attack_speed\",Amount:-2.870588235,Slot:mainhand,Name:\"generic.attack_speed\",UUID:[I;-12271,7408,121624,-14816]},{AttributeName:\"generic.movement_speed\",Amount:-0.25,Operation:1,Slot:mainhand,Name:\"generic.movement_speed\",UUID:[I;-12271,7408,121624,-14816]},{AttributeName:\"generic.armor\",Amount:6,Slot:mainhand,Name:\"generic.armor\",UUID:[I;-12271,7408,121624,-14816]}]}",
        "conditions": [
            {
                "condition": "entity_scores",
                "entity": "this",
                "scores": {
                    "greataxe_chain": 3
                }
            },
            {
                "condition": "minecraft:entity_properties",
                "entity": "this",
                "predicate": {
                    "nbt": "{SelectedItem:{id:\"minecraft:iron_sword\"},Inventory:[{Slot:-106b}]}"
                }
            },
            {
                "condition": "minecraft:inverted",
                "term": {
                    "condition": "minecraft:entity_properties",
                    "entity": "this",
                    "predicate": {
                        "nbt": "{Inventory:[{Slot:-106b,tag:{Custom:smallshield}}]}"
                    }
                }
            }
        ]
    },
    {
        "function": "minecraft:set_nbt",
        "tag": "{AttributeModifiers:[{AttributeName:\"generic.attack_damage\",Amount:9,Slot:mainhand,Name:\"generic.attack_damage\",UUID:[I;-12271,7208,121624,-14416]},{AttributeName:\"generic.attack_speed\",Amount:-2.628571429,Slot:mainhand,Name:\"generic.attack_speed\",UUID:[I;-12271,7408,121624,-14816]},{AttributeName:\"generic.movement_speed\",Amount:-0.25,Operation:1,Slot:mainhand,Name:\"generic.movement_speed\",UUID:[I;-12271,7408,121624,-14816]},{AttributeName:\"generic.armor\",Amount:6,Slot:mainhand,Name:\"generic.armor\",UUID:[I;-12271,7408,121624,-14816]}]}",
        "conditions": [
            {
                "condition": "entity_scores",
                "entity": "this",
                "scores": {
                    "greataxe_chain": 3
                }
            },
            {
                "condition": "minecraft:entity_properties",
                "entity": "this",
                "predicate": {
                    "nbt": "{SelectedItem:{id:\"minecraft:iron_sword\"},Inventory:[{Slot:-106b,tag:{Custom:smallshield}}]}"
                }
            }
        ]
    },
    {
        "function": "minecraft:set_nbt",
        "tag": "{AttributeModifiers:[{AttributeName:\"generic.attack_damage\",Amount:9,Slot:mainhand,Name:\"generic.attack_damage\",UUID:[I;-12271,7208,121624,-14416]},{AttributeName:\"generic.attack_speed\",Amount:-2.254545455,Slot:mainhand,Name:\"generic.attack_speed\",UUID:[I;-12271,7408,121624,-14816]},{AttributeName:\"generic.movement_speed\",Amount:-0.25,Operation:1,Slot:mainhand,Name:\"generic.movement_speed\",UUID:[I;-12271,7408,121624,-14816]},{AttributeName:\"generic.armor\",Amount:6,Slot:mainhand,Name:\"generic.armor\",UUID:[I;-12271,7408,121624,-14816]}]}",
        "conditions": [
            {
                "condition": "entity_scores",
                "entity": "this",
                "scores": {
                    "greataxe_chain": 3
                }
            },
            {
                "condition": "minecraft:entity_properties",
                "entity": "this",
                "predicate": {
                    "nbt": "{SelectedItem:{id:\"minecraft:iron_sword\"}}"
                }
            },
            {
                "condition": "minecraft:inverted",
                "term": {
                    "condition": "minecraft:entity_properties",
                    "entity": "this",
                    "predicate": {
                        "nbt": "{Inventory:[{Slot:-106b}]}"
                    }
                }
            }
        ]
    },





























    {
        "function": "minecraft:set_nbt",
        "tag": "{AttributeModifiers:[{AttributeName:\"generic.attack_damage\",Amount:10,Slot:mainhand,Name:\"generic.attack_damage\",UUID:[I;-12271,7208,121624,-14416]},{AttributeName:\"generic.attack_speed\",Amount:-3.165217391,Slot:mainhand,Name:\"generic.attack_speed\",UUID:[I;-12271,7408,121624,-14816]},{AttributeName:\"generic.movement_speed\",Amount:-0.25,Operation:1,Slot:mainhand,Name:\"generic.movement_speed\",UUID:[I;-12271,7408,121624,-14816]},{AttributeName:\"generic.armor\",Amount:6,Slot:mainhand,Name:\"generic.armor\",UUID:[I;-12271,7408,121624,-14816]}]}",
        "conditions": [
            {
                "condition": "entity_scores",
                "entity": "this",
                "scores": {
                    "greataxe_chain": 0
                }
            },
            {
                "condition": "minecraft:entity_properties",
                "entity": "this",
                "predicate": {
                    "nbt": "{SelectedItem:{id:\"minecraft:diamond_sword\"},Inventory:[{Slot:-106b}]}"
                }
            },
            {
                "condition": "minecraft:inverted",
                "term": {
                    "condition": "minecraft:entity_properties",
                    "entity": "this",
                    "predicate": {
                        "nbt": "{Inventory:[{Slot:-106b,tag:{Custom:smallshield}}]}"
                    }
                }
            }
        ]
    },
    {
        "function": "minecraft:set_nbt",
        "tag": "{AttributeModifiers:[{AttributeName:\"generic.attack_damage\",Amount:10,Slot:mainhand,Name:\"generic.attack_damage\",UUID:[I;-12271,7208,121624,-14416]},{AttributeName:\"generic.attack_speed\",Amount:-3.04,Slot:mainhand,Name:\"generic.attack_speed\",UUID:[I;-12271,7408,121624,-14816]},{AttributeName:\"generic.movement_speed\",Amount:-0.25,Operation:1,Slot:mainhand,Name:\"generic.movement_speed\",UUID:[I;-12271,7408,121624,-14816]},{AttributeName:\"generic.armor\",Amount:6,Slot:mainhand,Name:\"generic.armor\",UUID:[I;-12271,7408,121624,-14816]}]}",
        "conditions": [
            {
                "condition": "entity_scores",
                "entity": "this",
                "scores": {
                    "greataxe_chain": 0
                }
            },
            {
                "condition": "minecraft:entity_properties",
                "entity": "this",
                "predicate": {
                    "nbt": "{SelectedItem:{id:\"minecraft:diamond_sword\"},Inventory:[{Slot:-106b,tag:{Custom:smallshield}}]}"
                }
            }
        ]
    },
    {
        "function": "minecraft:set_nbt",
        "tag": "{AttributeModifiers:[{AttributeName:\"generic.attack_damage\",Amount:10,Slot:mainhand,Name:\"generic.attack_damage\",UUID:[I;-12271,7208,121624,-14416]},{AttributeName:\"generic.attack_speed\",Amount:-2.870588235,Slot:mainhand,Name:\"generic.attack_speed\",UUID:[I;-12271,7408,121624,-14816]},{AttributeName:\"generic.movement_speed\",Amount:-0.25,Operation:1,Slot:mainhand,Name:\"generic.movement_speed\",UUID:[I;-12271,7408,121624,-14816]},{AttributeName:\"generic.armor\",Amount:6,Slot:mainhand,Name:\"generic.armor\",UUID:[I;-12271,7408,121624,-14816]}]}",
        "conditions": [
            {
                "condition": "entity_scores",
                "entity": "this",
                "scores": {
                    "greataxe_chain": 0
                }
            },
            {
                "condition": "minecraft:entity_properties",
                "entity": "this",
                "predicate": {
                    "nbt": "{SelectedItem:{id:\"minecraft:diamond_sword\"}}"
                }
            },
            {
                "condition": "minecraft:inverted",
                "term": {
                    "condition": "minecraft:entity_properties",
                    "entity": "this",
                    "predicate": {
                        "nbt": "{Inventory:[{Slot:-106b}]}"
                    }
                }
            }
        ]
    },
    {
        "function": "minecraft:set_nbt",
        "tag": "{AttributeModifiers:[{AttributeName:\"generic.attack_damage\",Amount:10,Slot:mainhand,Name:\"generic.attack_damage\",UUID:[I;-12271,7208,121624,-14416]},{AttributeName:\"generic.attack_speed\",Amount:-3.085714286,Slot:mainhand,Name:\"generic.attack_speed\",UUID:[I;-12271,7408,121624,-14816]},{AttributeName:\"generic.movement_speed\",Amount:-0.25,Operation:1,Slot:mainhand,Name:\"generic.movement_speed\",UUID:[I;-12271,7408,121624,-14816]},{AttributeName:\"generic.armor\",Amount:6,Slot:mainhand,Name:\"generic.armor\",UUID:[I;-12271,7408,121624,-14816]}]}",
        "conditions": [
            {
                "condition": "entity_scores",
                "entity": "this",
                "scores": {
                    "greataxe_chain": 1
                }
            },
            {
                "condition": "minecraft:entity_properties",
                "entity": "this",
                "predicate": {
                    "nbt": "{SelectedItem:{id:\"minecraft:diamond_sword\"},Inventory:[{Slot:-106b}]}"
                }
            },
            {
                "condition": "minecraft:inverted",
                "term": {
                    "condition": "minecraft:entity_properties",
                    "entity": "this",
                    "predicate": {
                        "nbt": "{Inventory:[{Slot:-106b,tag:{Custom:smallshield}}]}"
                    }
                }
            }
        ]
    },
    {
        "function": "minecraft:set_nbt",
        "tag": "{AttributeModifiers:[{AttributeName:\"generic.attack_damage\",Amount:10,Slot:mainhand,Name:\"generic.attack_damage\",UUID:[I;-12271,7208,121624,-14416]},{AttributeName:\"generic.attack_speed\",Amount:-2.933333333,Slot:mainhand,Name:\"generic.attack_speed\",UUID:[I;-12271,7408,121624,-14816]},{AttributeName:\"generic.movement_speed\",Amount:-0.25,Operation:1,Slot:mainhand,Name:\"generic.movement_speed\",UUID:[I;-12271,7408,121624,-14816]},{AttributeName:\"generic.armor\",Amount:6,Slot:mainhand,Name:\"generic.armor\",UUID:[I;-12271,7408,121624,-14816]}]}",
        "conditions": [
            {
                "condition": "entity_scores",
                "entity": "this",
                "scores": {
                    "greataxe_chain": 1
                }
            },
            {
                "condition": "minecraft:entity_properties",
                "entity": "this",
                "predicate": {
                    "nbt": "{SelectedItem:{id:\"minecraft:diamond_sword\"},Inventory:[{Slot:-106b,tag:{Custom:smallshield}}]}"
                }
            }
        ]
    },
    {
        "function": "minecraft:set_nbt",
        "tag": "{AttributeModifiers:[{AttributeName:\"generic.attack_damage\",Amount:10,Slot:mainhand,Name:\"generic.attack_damage\",UUID:[I;-12271,7208,121624,-14416]},{AttributeName:\"generic.attack_speed\",Amount:-2.72,Slot:mainhand,Name:\"generic.attack_speed\",UUID:[I;-12271,7408,121624,-14816]},{AttributeName:\"generic.movement_speed\",Amount:-0.25,Operation:1,Slot:mainhand,Name:\"generic.movement_speed\",UUID:[I;-12271,7408,121624,-14816]},{AttributeName:\"generic.armor\",Amount:6,Slot:mainhand,Name:\"generic.armor\",UUID:[I;-12271,7408,121624,-14816]}]}",
        "conditions": [
            {
                "condition": "entity_scores",
                "entity": "this",
                "scores": {
                    "greataxe_chain": 1
                }
            },
            {
                "condition": "minecraft:entity_properties",
                "entity": "this",
                "predicate": {
                    "nbt": "{SelectedItem:{id:\"minecraft:diamond_sword\"}}"
                }
            },
            {
                "condition": "minecraft:inverted",
                "term": {
                    "condition": "minecraft:entity_properties",
                    "entity": "this",
                    "predicate": {
                        "nbt": "{Inventory:[{Slot:-106b}]}"
                    }
                }
            }
        ]
    },
    {
        "function": "minecraft:set_nbt",
        "tag": "{AttributeModifiers:[{AttributeName:\"generic.attack_damage\",Amount:10,Slot:mainhand,Name:\"generic.attack_damage\",UUID:[I;-12271,7208,121624,-14416]},{AttributeName:\"generic.attack_speed\",Amount:-2.989473684,Slot:mainhand,Name:\"generic.attack_speed\",UUID:[I;-12271,7408,121624,-14816]},{AttributeName:\"generic.movement_speed\",Amount:-0.25,Operation:1,Slot:mainhand,Name:\"generic.movement_speed\",UUID:[I;-12271,7408,121624,-14816]},{AttributeName:\"generic.armor\",Amount:6,Slot:mainhand,Name:\"generic.armor\",UUID:[I;-12271,7408,121624,-14816]}]}",
        "conditions": [
            {
                "condition": "entity_scores",
                "entity": "this",
                "scores": {
                    "greataxe_chain": 2
                }
            },
            {
                "condition": "minecraft:entity_properties",
                "entity": "this",
                "predicate": {
                    "nbt": "{SelectedItem:{id:\"minecraft:diamond_sword\"},Inventory:[{Slot:-106b}]}"
                }
            },
            {
                "condition": "minecraft:inverted",
                "term": {
                    "condition": "minecraft:entity_properties",
                    "entity": "this",
                    "predicate": {
                        "nbt": "{Inventory:[{Slot:-106b,tag:{Custom:smallshield}}]}"
                    }
                }
            }
        ]
    },
    {
        "function": "minecraft:set_nbt",
        "tag": "{AttributeModifiers:[{AttributeName:\"generic.attack_damage\",Amount:10,Slot:mainhand,Name:\"generic.attack_damage\",UUID:[I;-12271,7208,121624,-14416]},{AttributeName:\"generic.attack_speed\",Amount:-2.8,Slot:mainhand,Name:\"generic.attack_speed\",UUID:[I;-12271,7408,121624,-14816]},{AttributeName:\"generic.movement_speed\",Amount:-0.25,Operation:1,Slot:mainhand,Name:\"generic.movement_speed\",UUID:[I;-12271,7408,121624,-14816]},{AttributeName:\"generic.armor\",Amount:6,Slot:mainhand,Name:\"generic.armor\",UUID:[I;-12271,7408,121624,-14816]}]}",
        "conditions": [
            {
                "condition": "entity_scores",
                "entity": "this",
                "scores": {
                    "greataxe_chain": 2
                }
            },
            {
                "condition": "minecraft:entity_properties",
                "entity": "this",
                "predicate": {
                    "nbt": "{SelectedItem:{id:\"minecraft:diamond_sword\"},Inventory:[{Slot:-106b,tag:{Custom:smallshield}}]}"
                }
            }
        ]
    },
    {
        "function": "minecraft:set_nbt",
        "tag": "{AttributeModifiers:[{AttributeName:\"generic.attack_damage\",Amount:10,Slot:mainhand,Name:\"generic.attack_damage\",UUID:[I;-12271,7208,121624,-14416]},{AttributeName:\"generic.attack_speed\",Amount:-2.523076923,Slot:mainhand,Name:\"generic.attack_speed\",UUID:[I;-12271,7408,121624,-14816]},{AttributeName:\"generic.movement_speed\",Amount:-0.25,Operation:1,Slot:mainhand,Name:\"generic.movement_speed\",UUID:[I;-12271,7408,121624,-14816]},{AttributeName:\"generic.armor\",Amount:6,Slot:mainhand,Name:\"generic.armor\",UUID:[I;-12271,7408,121624,-14816]}]}",
        "conditions": [
            {
                "condition": "entity_scores",
                "entity": "this",
                "scores": {
                    "greataxe_chain": 2
                }
            },
            {
                "condition": "minecraft:entity_properties",
                "entity": "this",
                "predicate": {
                    "nbt": "{SelectedItem:{id:\"minecraft:diamond_sword\"}}"
                }
            },
            {
                "condition": "minecraft:inverted",
                "term": {
                    "condition": "minecraft:entity_properties",
                    "entity": "this",
                    "predicate": {
                        "nbt": "{Inventory:[{Slot:-106b}]}"
                    }
                }
            }
        ]
    },
    {
        "function": "minecraft:set_nbt",
        "tag": "{AttributeModifiers:[{AttributeName:\"generic.attack_damage\",Amount:10,Slot:mainhand,Name:\"generic.attack_damage\",UUID:[I;-12271,7208,121624,-14416]},{AttributeName:\"generic.attack_speed\",Amount:-2.870588235,Slot:mainhand,Name:\"generic.attack_speed\",UUID:[I;-12271,7408,121624,-14816]},{AttributeName:\"generic.movement_speed\",Amount:-0.25,Operation:1,Slot:mainhand,Name:\"generic.movement_speed\",UUID:[I;-12271,7408,121624,-14816]},{AttributeName:\"generic.armor\",Amount:6,Slot:mainhand,Name:\"generic.armor\",UUID:[I;-12271,7408,121624,-14816]}]}",
        "conditions": [
            {
                "condition": "entity_scores",
                "entity": "this",
                "scores": {
                    "greataxe_chain": 3
                }
            },
            {
                "condition": "minecraft:entity_properties",
                "entity": "this",
                "predicate": {
                    "nbt": "{SelectedItem:{id:\"minecraft:diamond_sword\"},Inventory:[{Slot:-106b}]}"
                }
            },
            {
                "condition": "minecraft:inverted",
                "term": {
                    "condition": "minecraft:entity_properties",
                    "entity": "this",
                    "predicate": {
                        "nbt": "{Inventory:[{Slot:-106b,tag:{Custom:smallshield}}]}"
                    }
                }
            }
        ]
    },
    {
        "function": "minecraft:set_nbt",
        "tag": "{AttributeModifiers:[{AttributeName:\"generic.attack_damage\",Amount:10,Slot:mainhand,Name:\"generic.attack_damage\",UUID:[I;-12271,7208,121624,-14416]},{AttributeName:\"generic.attack_speed\",Amount:-2.628571429,Slot:mainhand,Name:\"generic.attack_speed\",UUID:[I;-12271,7408,121624,-14816]},{AttributeName:\"generic.movement_speed\",Amount:-0.25,Operation:1,Slot:mainhand,Name:\"generic.movement_speed\",UUID:[I;-12271,7408,121624,-14816]},{AttributeName:\"generic.armor\",Amount:6,Slot:mainhand,Name:\"generic.armor\",UUID:[I;-12271,7408,121624,-14816]}]}",
        "conditions": [
            {
                "condition": "entity_scores",
                "entity": "this",
                "scores": {
                    "greataxe_chain": 3
                }
            },
            {
                "condition": "minecraft:entity_properties",
                "entity": "this",
                "predicate": {
                    "nbt": "{SelectedItem:{id:\"minecraft:diamond_sword\"},Inventory:[{Slot:-106b,tag:{Custom:smallshield}}]}"
                }
            }
        ]
    },
    {
        "function": "minecraft:set_nbt",
        "tag": "{AttributeModifiers:[{AttributeName:\"generic.attack_damage\",Amount:10,Slot:mainhand,Name:\"generic.attack_damage\",UUID:[I;-12271,7208,121624,-14416]},{AttributeName:\"generic.attack_speed\",Amount:-2.254545455,Slot:mainhand,Name:\"generic.attack_speed\",UUID:[I;-12271,7408,121624,-14816]},{AttributeName:\"generic.movement_speed\",Amount:-0.25,Operation:1,Slot:mainhand,Name:\"generic.movement_speed\",UUID:[I;-12271,7408,121624,-14816]},{AttributeName:\"generic.armor\",Amount:6,Slot:mainhand,Name:\"generic.armor\",UUID:[I;-12271,7408,121624,-14816]}]}",
        "conditions": [
            {
                "condition": "entity_scores",
                "entity": "this",
                "scores": {
                    "greataxe_chain": 3
                }
            },
            {
                "condition": "minecraft:entity_properties",
                "entity": "this",
                "predicate": {
                    "nbt": "{SelectedItem:{id:\"minecraft:diamond_sword\"}}"
                }
            },
            {
                "condition": "minecraft:inverted",
                "term": {
                    "condition": "minecraft:entity_properties",
                    "entity": "this",
                    "predicate": {
                        "nbt": "{Inventory:[{Slot:-106b}]}"
                    }
                }
            }
        ]
    },





























    {
        "function": "minecraft:set_nbt",
        "tag": "{AttributeModifiers:[{AttributeName:\"generic.attack_damage\",Amount:11,Slot:mainhand,Name:\"generic.attack_damage\",UUID:[I;-12271,7208,121624,-14416]},{AttributeName:\"generic.attack_speed\",Amount:-3.051851852,Slot:mainhand,Name:\"generic.attack_speed\",UUID:[I;-12271,7408,121624,-14816]},{AttributeName:\"generic.movement_speed\",Amount:-0.25,Operation:1,Slot:mainhand,Name:\"generic.movement_speed\",UUID:[I;-12271,7408,121624,-14816]},{AttributeName:\"generic.armor\",Amount:6,Slot:mainhand,Name:\"generic.armor\",UUID:[I;-12271,7408,121624,-14816]}]}",
        "conditions": [
            {
                "condition": "entity_scores",
                "entity": "this",
                "scores": {
                    "greataxe_chain": 0
                }
            },
            {
                "condition": "minecraft:entity_properties",
                "entity": "this",
                "predicate": {
                    "nbt": "{SelectedItem:{id:\"minecraft:netherite_sword\"},Inventory:[{Slot:-106b}]}"
                }
            },
            {
                "condition": "minecraft:inverted",
                "term": {
                    "condition": "minecraft:entity_properties",
                    "entity": "this",
                    "predicate": {
                        "nbt": "{Inventory:[{Slot:-106b,tag:{Custom:smallshield}}]}"
                    }
                }
            }
        ]
    },
    {
        "function": "minecraft:set_nbt",
        "tag": "{AttributeModifiers:[{AttributeName:\"generic.attack_damage\",Amount:11,Slot:mainhand,Name:\"generic.attack_damage\",UUID:[I;-12271,7208,121624,-14416]},{AttributeName:\"generic.attack_speed\",Amount:-2.933333333,Slot:mainhand,Name:\"generic.attack_speed\",UUID:[I;-12271,7408,121624,-14816]},{AttributeName:\"generic.movement_speed\",Amount:-0.25,Operation:1,Slot:mainhand,Name:\"generic.movement_speed\",UUID:[I;-12271,7408,121624,-14816]},{AttributeName:\"generic.armor\",Amount:6,Slot:mainhand,Name:\"generic.armor\",UUID:[I;-12271,7408,121624,-14816]}]}",
        "conditions": [
            {
                "condition": "entity_scores",
                "entity": "this",
                "scores": {
                    "greataxe_chain": 0
                }
            },
            {
                "condition": "minecraft:entity_properties",
                "entity": "this",
                "predicate": {
                    "nbt": "{SelectedItem:{id:\"minecraft:netherite_sword\"},Inventory:[{Slot:-106b,tag:{Custom:smallshield}}]}"
                }
            }
        ]
    },
    {
        "function": "minecraft:set_nbt",
        "tag": "{AttributeModifiers:[{AttributeName:\"generic.attack_damage\",Amount:11,Slot:mainhand,Name:\"generic.attack_damage\",UUID:[I;-12271,7208,121624,-14416]},{AttributeName:\"generic.attack_speed\",Amount:-2.780952381,Slot:mainhand,Name:\"generic.attack_speed\",UUID:[I;-12271,7408,121624,-14816]},{AttributeName:\"generic.movement_speed\",Amount:-0.25,Operation:1,Slot:mainhand,Name:\"generic.movement_speed\",UUID:[I;-12271,7408,121624,-14816]},{AttributeName:\"generic.armor\",Amount:6,Slot:mainhand,Name:\"generic.armor\",UUID:[I;-12271,7408,121624,-14816]}]}",
        "conditions": [
            {
                "condition": "entity_scores",
                "entity": "this",
                "scores": {
                    "greataxe_chain": 0
                }
            },
            {
                "condition": "minecraft:entity_properties",
                "entity": "this",
                "predicate": {
                    "nbt": "{SelectedItem:{id:\"minecraft:netherite_sword\"}}"
                }
            },
            {
                "condition": "minecraft:inverted",
                "term": {
                    "condition": "minecraft:entity_properties",
                    "entity": "this",
                    "predicate": {
                        "nbt": "{Inventory:[{Slot:-106b}]}"
                    }
                }
            }
        ]
    },
    {
        "function": "minecraft:set_nbt",
        "tag": "{AttributeModifiers:[{AttributeName:\"generic.attack_damage\",Amount:11,Slot:mainhand,Name:\"generic.attack_damage\",UUID:[I;-12271,7208,121624,-14416]},{AttributeName:\"generic.attack_speed\",Amount:-2.976,Slot:mainhand,Name:\"generic.attack_speed\",UUID:[I;-12271,7408,121624,-14816]},{AttributeName:\"generic.movement_speed\",Amount:-0.25,Operation:1,Slot:mainhand,Name:\"generic.movement_speed\",UUID:[I;-12271,7408,121624,-14816]},{AttributeName:\"generic.armor\",Amount:6,Slot:mainhand,Name:\"generic.armor\",UUID:[I;-12271,7408,121624,-14816]}]}",
        "conditions": [
            {
                "condition": "entity_scores",
                "entity": "this",
                "scores": {
                    "greataxe_chain": 1
                }
            },
            {
                "condition": "minecraft:entity_properties",
                "entity": "this",
                "predicate": {
                    "nbt": "{SelectedItem:{id:\"minecraft:netherite_sword\"},Inventory:[{Slot:-106b}]}"
                }
            },
            {
                "condition": "minecraft:inverted",
                "term": {
                    "condition": "minecraft:entity_properties",
                    "entity": "this",
                    "predicate": {
                        "nbt": "{Inventory:[{Slot:-106b,tag:{Custom:smallshield}}]}"
                    }
                }
            }
        ]
    },
    {
        "function": "minecraft:set_nbt",
        "tag": "{AttributeModifiers:[{AttributeName:\"generic.attack_damage\",Amount:11,Slot:mainhand,Name:\"generic.attack_damage\",UUID:[I;-12271,7208,121624,-14416]},{AttributeName:\"generic.attack_speed\",Amount:-2.836363636,Slot:mainhand,Name:\"generic.attack_speed\",UUID:[I;-12271,7408,121624,-14816]},{AttributeName:\"generic.movement_speed\",Amount:-0.25,Operation:1,Slot:mainhand,Name:\"generic.movement_speed\",UUID:[I;-12271,7408,121624,-14816]},{AttributeName:\"generic.armor\",Amount:6,Slot:mainhand,Name:\"generic.armor\",UUID:[I;-12271,7408,121624,-14816]}]}",
        "conditions": [
            {
                "condition": "entity_scores",
                "entity": "this",
                "scores": {
                    "greataxe_chain": 1
                }
            },
            {
                "condition": "minecraft:entity_properties",
                "entity": "this",
                "predicate": {
                    "nbt": "{SelectedItem:{id:\"minecraft:netherite_sword\"},Inventory:[{Slot:-106b,tag:{Custom:smallshield}}]}"
                }
            }
        ]
    },
    {
        "function": "minecraft:set_nbt",
        "tag": "{AttributeModifiers:[{AttributeName:\"generic.attack_damage\",Amount:11,Slot:mainhand,Name:\"generic.attack_damage\",UUID:[I;-12271,7208,121624,-14416]},{AttributeName:\"generic.attack_speed\",Amount:-2.652631579,Slot:mainhand,Name:\"generic.attack_speed\",UUID:[I;-12271,7408,121624,-14816]},{AttributeName:\"generic.movement_speed\",Amount:-0.25,Operation:1,Slot:mainhand,Name:\"generic.movement_speed\",UUID:[I;-12271,7408,121624,-14816]},{AttributeName:\"generic.armor\",Amount:6,Slot:mainhand,Name:\"generic.armor\",UUID:[I;-12271,7408,121624,-14816]}]}",
        "conditions": [
            {
                "condition": "entity_scores",
                "entity": "this",
                "scores": {
                    "greataxe_chain": 1
                }
            },
            {
                "condition": "minecraft:entity_properties",
                "entity": "this",
                "predicate": {
                    "nbt": "{SelectedItem:{id:\"minecraft:netherite_sword\"}}"
                }
            },
            {
                "condition": "minecraft:inverted",
                "term": {
                    "condition": "minecraft:entity_properties",
                    "entity": "this",
                    "predicate": {
                        "nbt": "{Inventory:[{Slot:-106b}]}"
                    }
                }
            }
        ]
    },
    {
        "function": "minecraft:set_nbt",
        "tag": "{AttributeModifiers:[{AttributeName:\"generic.attack_damage\",Amount:11,Slot:mainhand,Name:\"generic.attack_damage\",UUID:[I;-12271,7208,121624,-14416]},{AttributeName:\"generic.attack_speed\",Amount:-2.886956522,Slot:mainhand,Name:\"generic.attack_speed\",UUID:[I;-12271,7408,121624,-14816]},{AttributeName:\"generic.movement_speed\",Amount:-0.25,Operation:1,Slot:mainhand,Name:\"generic.movement_speed\",UUID:[I;-12271,7408,121624,-14816]},{AttributeName:\"generic.armor\",Amount:6,Slot:mainhand,Name:\"generic.armor\",UUID:[I;-12271,7408,121624,-14816]}]}",
        "conditions": [
            {
                "condition": "entity_scores",
                "entity": "this",
                "scores": {
                    "greataxe_chain": 2
                }
            },
            {
                "condition": "minecraft:entity_properties",
                "entity": "this",
                "predicate": {
                    "nbt": "{SelectedItem:{id:\"minecraft:netherite_sword\"},Inventory:[{Slot:-106b}]}"
                }
            },
            {
                "condition": "minecraft:inverted",
                "term": {
                    "condition": "minecraft:entity_properties",
                    "entity": "this",
                    "predicate": {
                        "nbt": "{Inventory:[{Slot:-106b,tag:{Custom:smallshield}}]}"
                    }
                }
            }
        ]
    },
    {
        "function": "minecraft:set_nbt",
        "tag": "{AttributeModifiers:[{AttributeName:\"generic.attack_damage\",Amount:11,Slot:mainhand,Name:\"generic.attack_damage\",UUID:[I;-12271,7208,121624,-14416]},{AttributeName:\"generic.attack_speed\",Amount:-2.72,Slot:mainhand,Name:\"generic.attack_speed\",UUID:[I;-12271,7408,121624,-14816]},{AttributeName:\"generic.movement_speed\",Amount:-0.25,Operation:1,Slot:mainhand,Name:\"generic.movement_speed\",UUID:[I;-12271,7408,121624,-14816]},{AttributeName:\"generic.armor\",Amount:6,Slot:mainhand,Name:\"generic.armor\",UUID:[I;-12271,7408,121624,-14816]}]}",
        "conditions": [
            {
                "condition": "entity_scores",
                "entity": "this",
                "scores": {
                    "greataxe_chain": 2
                }
            },
            {
                "condition": "minecraft:entity_properties",
                "entity": "this",
                "predicate": {
                    "nbt": "{SelectedItem:{id:\"minecraft:netherite_sword\"},Inventory:[{Slot:-106b,tag:{Custom:smallshield}}]}"
                }
            }
        ]
    },
    {
        "function": "minecraft:set_nbt",
        "tag": "{AttributeModifiers:[{AttributeName:\"generic.attack_damage\",Amount:11,Slot:mainhand,Name:\"generic.attack_damage\",UUID:[I;-12271,7208,121624,-14416]},{AttributeName:\"generic.attack_speed\",Amount:-2.494117647,Slot:mainhand,Name:\"generic.attack_speed\",UUID:[I;-12271,7408,121624,-14816]},{AttributeName:\"generic.movement_speed\",Amount:-0.25,Operation:1,Slot:mainhand,Name:\"generic.movement_speed\",UUID:[I;-12271,7408,121624,-14816]},{AttributeName:\"generic.armor\",Amount:6,Slot:mainhand,Name:\"generic.armor\",UUID:[I;-12271,7408,121624,-14816]}]}",
        "conditions": [
            {
                "condition": "entity_scores",
                "entity": "this",
                "scores": {
                    "greataxe_chain": 2
                }
            },
            {
                "condition": "minecraft:entity_properties",
                "entity": "this",
                "predicate": {
                    "nbt": "{SelectedItem:{id:\"minecraft:netherite_sword\"}}"
                }
            },
            {
                "condition": "minecraft:inverted",
                "term": {
                    "condition": "minecraft:entity_properties",
                    "entity": "this",
                    "predicate": {
                        "nbt": "{Inventory:[{Slot:-106b}]}"
                    }
                }
            }
        ]
    },
    {
        "function": "minecraft:set_nbt",
        "tag": "{AttributeModifiers:[{AttributeName:\"generic.attack_damage\",Amount:11,Slot:mainhand,Name:\"generic.attack_damage\",UUID:[I;-12271,7208,121624,-14416]},{AttributeName:\"generic.attack_speed\",Amount:-2.780952381,Slot:mainhand,Name:\"generic.attack_speed\",UUID:[I;-12271,7408,121624,-14816]},{AttributeName:\"generic.movement_speed\",Amount:-0.25,Operation:1,Slot:mainhand,Name:\"generic.movement_speed\",UUID:[I;-12271,7408,121624,-14816]},{AttributeName:\"generic.armor\",Amount:6,Slot:mainhand,Name:\"generic.armor\",UUID:[I;-12271,7408,121624,-14816]}]}",
        "conditions": [
            {
                "condition": "entity_scores",
                "entity": "this",
                "scores": {
                    "greataxe_chain": 3
                }
            },
            {
                "condition": "minecraft:entity_properties",
                "entity": "this",
                "predicate": {
                    "nbt": "{SelectedItem:{id:\"minecraft:netherite_sword\"},Inventory:[{Slot:-106b}]}"
                }
            },
            {
                "condition": "minecraft:inverted",
                "term": {
                    "condition": "minecraft:entity_properties",
                    "entity": "this",
                    "predicate": {
                        "nbt": "{Inventory:[{Slot:-106b,tag:{Custom:smallshield}}]}"
                    }
                }
            }
        ]
    },
    {
        "function": "minecraft:set_nbt",
        "tag": "{AttributeModifiers:[{AttributeName:\"generic.attack_damage\",Amount:11,Slot:mainhand,Name:\"generic.attack_damage\",UUID:[I;-12271,7208,121624,-14416]},{AttributeName:\"generic.attack_speed\",Amount:-2.577777778,Slot:mainhand,Name:\"generic.attack_speed\",UUID:[I;-12271,7408,121624,-14816]},{AttributeName:\"generic.movement_speed\",Amount:-0.25,Operation:1,Slot:mainhand,Name:\"generic.movement_speed\",UUID:[I;-12271,7408,121624,-14816]},{AttributeName:\"generic.armor\",Amount:6,Slot:mainhand,Name:\"generic.armor\",UUID:[I;-12271,7408,121624,-14816]}]}",
        "conditions": [
            {
                "condition": "entity_scores",
                "entity": "this",
                "scores": {
                    "greataxe_chain": 3
                }
            },
            {
                "condition": "minecraft:entity_properties",
                "entity": "this",
                "predicate": {
                    "nbt": "{SelectedItem:{id:\"minecraft:netherite_sword\"},Inventory:[{Slot:-106b,tag:{Custom:smallshield}}]}"
                }
            }
        ]
    },
    {
        "function": "minecraft:set_nbt",
        "tag": "{AttributeModifiers:[{AttributeName:\"generic.attack_damage\",Amount:11,Slot:mainhand,Name:\"generic.attack_damage\",UUID:[I;-12271,7208,121624,-14416]},{AttributeName:\"generic.attack_speed\",Amount:-2.293333333,Slot:mainhand,Name:\"generic.attack_speed\",UUID:[I;-12271,7408,121624,-14816]},{AttributeName:\"generic.movement_speed\",Amount:-0.25,Operation:1,Slot:mainhand,Name:\"generic.movement_speed\",UUID:[I;-12271,7408,121624,-14816]},{AttributeName:\"generic.armor\",Amount:6,Slot:mainhand,Name:\"generic.armor\",UUID:[I;-12271,7408,121624,-14816]}]}",
        "conditions": [
            {
                "condition": "entity_scores",
                "entity": "this",
                "scores": {
                    "greataxe_chain": 3
                }
            },
            {
                "condition": "minecraft:entity_properties",
                "entity": "this",
                "predicate": {
                    "nbt": "{SelectedItem:{id:\"minecraft:netherite_sword\"}}"
                }
            },
            {
                "condition": "minecraft:inverted",
                "term": {
                    "condition": "minecraft:entity_properties",
                    "entity": "this",
                    "predicate": {
                        "nbt": "{Inventory:[{Slot:-106b}]}"
                    }
                }
            }
        ]
    }
]