[
    {
        "function": "minecraft:set_nbt",
        "tag": "{AttributeModifiers:[{AttributeName:\"generic.armor\",Amount:2,Slot:mainhand,Name:\"generic.armor\",UUID:[I;-1221019,33478,16421,-66956]},{AttributeName:\"generic.attack_damage\",Amount:3,Slot:mainhand,Name:\"generic.attack_damage\",UUID:[I;-1221019,33478,16421,-66956]},{AttributeName:\"generic.attack_speed\",Amount:-1.6,Slot:mainhand,Name:\"generic.attack_speed\",UUID:[I;-1221019,33478,16421,-66956]}]}",
        "conditions": [
            {
                "condition": "entity_properties",
                "entity": "this",
                "predicate": {
                    "nbt": "{SelectedItem:{\"id\": \"minecraft:shield\",tag:{Custom:parrying_dagger,CustomModelData:10003}}}"
                }
            }
        ]
    },
    {
        "function": "minecraft:set_nbt",
        "tag": "{AttributeModifiers:[{AttributeName:\"generic.armor\",Amount:2,Slot:mainhand,Name:\"generic.armor\",UUID:[I;-1221019,33478,16421,-66956]},{AttributeName:\"generic.attack_damage\",Amount:4,Slot:mainhand,Name:\"generic.attack_damage\",UUID:[I;-1221019,33478,16421,-66956]},{AttributeName:\"generic.attack_speed\",Amount:-1.76,Slot:mainhand,Name:\"generic.attack_speed\",UUID:[I;-1221019,33478,16421,-66956]}]}",
        "conditions": [
            {
                "condition": "entity_properties",
                "entity": "this",
                "predicate": {
                    "nbt": "{SelectedItem:{\"id\": \"minecraft:shield\",tag:{Custom:parrying_dagger,CustomModelData:10004}}}"
                }
            }
        ]
    },
    {
        "function": "minecraft:set_nbt",
        "tag": "{AttributeModifiers:[{AttributeName:\"generic.armor\",Amount:2,Slot:mainhand,Name:\"generic.armor\",UUID:[I;-1221019,33478,16421,-66956]},{AttributeName:\"generic.attack_damage\",Amount:5,Slot:mainhand,Name:\"generic.attack_damage\",UUID:[I;-1221019,33478,16421,-66956]},{AttributeName:\"generic.attack_speed\",Amount:-1.866666667,Slot:mainhand,Name:\"generic.attack_speed\",UUID:[I;-1221019,33478,16421,-66956]}]}",
        "conditions": [
            {
                "condition": "entity_properties",
                "entity": "this",
                "predicate": {
                    "nbt": "{SelectedItem:{\"id\": \"minecraft:shield\",tag:{Custom:parrying_dagger,CustomModelData:10005}}}"
                }
            }
        ]
    },
    {
        "function": "minecraft:set_nbt",
        "tag": "{AttributeModifiers:[{AttributeName:\"generic.armor\",Amount:2,Slot:offhand,Name:\"generic.armor\",UUID:[I;-1221019,33478,16421,-66956]}]}",
        "conditions": [
            {
                "condition": "entity_properties",
                "entity": "this",
                "predicate": {
                    "nbt": "{Inventory:[{Slot:-106b,\"id\": \"minecraft:shield\",tag:{Custom:parrying_dagger}}]}"
                }
            },
            {
                "condition": "inverted",
                "term": {
                    "condition": "minecraft:entity_properties",
                    "entity": "this",
                    "predicate": {
                        "nbt": "{SelectedItem:{tag:{Custom:rapier}}}"
                    }
                }
            }
        ]
    },
    {
        "function": "minecraft:set_nbt",
        "tag": "{AttributeModifiers:[{AttributeName:\"generic.armor\",Amount:4,Slot:offhand,Name:\"generic.armor\",UUID:[I;-1221019,33478,16421,-66956]}]}",
        "conditions": [
            {
                "condition": "entity_properties",
                "entity": "this",
                "predicate": {
                    "nbt": "{Inventory:[{Slot:-106b,\"id\": \"minecraft:shield\",tag:{Custom:parrying_dagger}}],SelectedItem:{tag:{Custom:rapier}}}"
                }
            }
        ]
    }
]