[
    {
        "function": "minecraft:set_nbt",
        "tag": "{AttributeModifiers:[{AttributeName:\"generic.attack_damage\",Amount:7,Slot:mainhand,Name:\"generic.attack_damage\",UUID:[I;-12271,7208,121624,-14416]},{AttributeName:\"generic.attack_speed\",Amount:-2.836363636,Slot:mainhand,Name:\"generic.attack_speed\",UUID:[I;-12271,7408,121624,-14816]},{AttributeName:\"generic.armor\",Amount:2,Slot:mainhand,Name:\"generic.armor\",UUID:[I;-123019,7876,19430,-15752]}]}",
        "conditions": [
            {
                "condition": "entity_properties",
                "entity": "this",
                "predicate": {
                    "nbt": "{SelectedItem:{id:\"minecraft:iron_sword\"},Inventory:[{Slot:-106b}]}"
                }
            },
            {
                "condition": "inverted",
                "term": {
                    "condition": "alternative",
                    "terms": [
                        {
                            "condition": "entity_properties",
                            "entity": "this",
                            "predicate": {
                                "nbt": "{Inventory:[{Slot:-106b,tag:{Custom:buckler}}]}"
                            }
                        },
                        {
                            "condition": "entity_properties",
                            "entity": "this",
                            "predicate": {
                                "nbt": "{Inventory:[{Slot:-106b,tag:{Custom:smallshield}}]}"
                            }
                        }
                    ]
                }
            },
            {
                "condition": "minecraft:entity_properties",
                "entity": "this",
                "predicate": {
                    "flags": {
                        "is_sprinting": false
                    }
                }
            }
        ]
    },
    {
        "function": "minecraft:set_nbt",
        "tag": "{AttributeModifiers:[{AttributeName:\"generic.attack_damage\",Amount:7,Slot:mainhand,Name:\"generic.attack_damage\",UUID:[I;-12271,7208,121624,-14416]},{AttributeName:\"generic.attack_speed\",Amount:-2.8,Slot:mainhand,Name:\"generic.attack_speed\",UUID:[I;-12271,7408,121624,-14816]},{AttributeName:\"generic.armor\",Amount:2,Slot:mainhand,Name:\"generic.armor\",UUID:[I;-123019,7876,19430,-15752]}]}",
        "conditions": [
            {
                "condition": "minecraft:entity_properties",
                "entity": "this",
                "predicate": {
                    "nbt": "{SelectedItem:{id:\"minecraft:iron_sword\"},Inventory:[{Slot:-106b}]}"
                }
            },
            {
                "condition": "alternative",
                "terms": [
                    {
                        "condition": "minecraft:entity_properties",
                        "entity": "this",
                        "predicate": {
                            "nbt": "{Inventory:[{Slot:-106b,tag:{Custom:buckler}}]}"
                        }
                    },
                    {
                        "condition": "minecraft:entity_properties",
                        "entity": "this",
                        "predicate": {
                            "nbt": "{Inventory:[{Slot:-106b,tag:{Custom:smallshield}}]}"
                        }
                    }
                ]
            },
            {
                "condition": "minecraft:entity_properties",
                "entity": "this",
                "predicate": {
                    "flags": {
                        "is_sprinting": false
                    }
                }
            }
        ]
    },
    {
        "function": "minecraft:set_nbt",
        "tag": "{AttributeModifiers:[{AttributeName:\"generic.attack_damage\",Amount:7,Slot:mainhand,Name:\"generic.attack_damage\",UUID:[I;-12271,7208,121624,-14416]},{AttributeName:\"generic.attack_speed\",Amount:-2.761290323,Slot:mainhand,Name:\"generic.attack_speed\",UUID:[I;-12271,7408,121624,-14816]},{AttributeName:\"generic.armor\",Amount:2,Slot:mainhand,Name:\"generic.armor\",UUID:[I;-123019,7876,19430,-15752]}]}",
        "conditions": [
            {
                "condition": "entity_properties",
                "entity": "this",
                "predicate": {
                    "nbt": "{SelectedItem:{id:\"minecraft:iron_sword\"}}"
                }
            },
            {
                "condition": "inverted",
                "term": {
                    "condition": "entity_properties",
                    "entity": "this",
                    "predicate": {
                        "nbt": "{Inventory:[{Slot:-106b}]}"
                    }
                }
            },
            {
                "condition": "minecraft:entity_properties",
                "entity": "this",
                "predicate": {
                    "flags": {
                        "is_sprinting": false
                    }
                }
            }
        ]
    },
    {
        "function": "minecraft:set_nbt",
        "tag": "{AttributeModifiers:[{AttributeName:\"generic.attack_damage\",Amount:7,Slot:mainhand,Name:\"generic.attack_damage\",UUID:[I;-12271,7208,121624,-14416]},{AttributeName:\"generic.attack_speed\",Amount:-2.836363636,Slot:mainhand,Name:\"generic.attack_speed\",UUID:[I;-12271,7408,121624,-14816]},{AttributeName:\"generic.armor\",Amount:6,Slot:mainhand,Name:\"generic.armor\",UUID:[I;-123019,7876,19430,-15752]},{AttributeName:\"generic.knockback_resistance\",Amount:0.5,Slot:mainhand,Name:\"generic.knockback_resistance\",UUID:[I;-123019,7676,19430,-15352]}]}",
        "conditions": [
            {
                "condition": "entity_properties",
                "entity": "this",
                "predicate": {
                    "nbt": "{SelectedItem:{id:\"minecraft:iron_sword\"},Inventory:[{Slot:-106b}]}"
                }
            },
            {
                "condition": "inverted",
                "term": {
                    "condition": "alternative",
                    "terms": [
                        {
                            "condition": "entity_properties",
                            "entity": "this",
                            "predicate": {
                                "nbt": "{Inventory:[{Slot:-106b,tag:{Custom:buckler}}]}"
                            }
                        },
                        {
                            "condition": "entity_properties",
                            "entity": "this",
                            "predicate": {
                                "nbt": "{Inventory:[{Slot:-106b,tag:{Custom:smallshield}}]}"
                            }
                        }
                    ]
                }
            },
            {
                "condition": "minecraft:entity_properties",
                "entity": "this",
                "predicate": {
                    "flags": {
                        "is_sprinting": true
                    }
                }
            }
        ]
    },
    {
        "function": "minecraft:set_nbt",
        "tag": "{AttributeModifiers:[{AttributeName:\"generic.attack_damage\",Amount:7,Slot:mainhand,Name:\"generic.attack_damage\",UUID:[I;-12271,7208,121624,-14416]},{AttributeName:\"generic.attack_speed\",Amount:-2.8,Slot:mainhand,Name:\"generic.attack_speed\",UUID:[I;-12271,7408,121624,-14816]},{AttributeName:\"generic.armor\",Amount:6,Slot:mainhand,Name:\"generic.armor\",UUID:[I;-123019,7876,19430,-15752]},{AttributeName:\"generic.knockback_resistance\",Amount:0.5,Slot:mainhand,Name:\"generic.knockback_resistance\",UUID:[I;-123019,7676,19430,-15352]}]}",
        "conditions": [
            {
                "condition": "minecraft:entity_properties",
                "entity": "this",
                "predicate": {
                    "nbt": "{SelectedItem:{id:\"minecraft:iron_sword\"},Inventory:[{Slot:-106b}]}"
                }
            },
            {
                "condition": "alternative",
                "terms": [
                    {
                        "condition": "minecraft:entity_properties",
                        "entity": "this",
                        "predicate": {
                            "nbt": "{Inventory:[{Slot:-106b,tag:{Custom:buckler}}]}"
                        }
                    },
                    {
                        "condition": "minecraft:entity_properties",
                        "entity": "this",
                        "predicate": {
                            "nbt": "{Inventory:[{Slot:-106b,tag:{Custom:smallshield}}]}"
                        }
                    }
                ]
            },
            {
                "condition": "minecraft:entity_properties",
                "entity": "this",
                "predicate": {
                    "flags": {
                        "is_sprinting": true
                    }
                }
            }
        ]
    },
    {
        "function": "minecraft:set_nbt",
        "tag": "{AttributeModifiers:[{AttributeName:\"generic.attack_damage\",Amount:7,Slot:mainhand,Name:\"generic.attack_damage\",UUID:[I;-12271,7208,121624,-14416]},{AttributeName:\"generic.attack_speed\",Amount:-2.761290323,Slot:mainhand,Name:\"generic.attack_speed\",UUID:[I;-12271,7408,121624,-14816]},{AttributeName:\"generic.armor\",Amount:6,Slot:mainhand,Name:\"generic.armor\",UUID:[I;-123019,7876,19430,-15752]},{AttributeName:\"generic.knockback_resistance\",Amount:0.5,Slot:mainhand,Name:\"generic.knockback_resistance\",UUID:[I;-123019,7676,19430,-15352]}]}",
        "conditions": [
            {
                "condition": "entity_properties",
                "entity": "this",
                "predicate": {
                    "nbt": "{SelectedItem:{id:\"minecraft:iron_sword\"}}"
                }
            },
            {
                "condition": "inverted",
                "term": {
                    "condition": "entity_properties",
                    "entity": "this",
                    "predicate": {
                        "nbt": "{Inventory:[{Slot:-106b}]}"
                    }
                }
            },
            {
                "condition": "minecraft:entity_properties",
                "entity": "this",
                "predicate": {
                    "flags": {
                        "is_sprinting": true
                    }
                }
            }
        ]
    },




    {
        "function": "minecraft:set_nbt",
        "tag": "{AttributeModifiers:[{AttributeName:\"generic.attack_damage\",Amount:8,Slot:mainhand,Name:\"generic.attack_damage\",UUID:[I;-12271,7208,121624,-14416]},{AttributeName:\"generic.attack_speed\",Amount:-2.789189189,Slot:mainhand,Name:\"generic.attack_speed\",UUID:[I;-12271,7408,121624,-14816]},{AttributeName:\"generic.armor\",Amount:2,Slot:mainhand,Name:\"generic.armor\",UUID:[I;-123019,7876,19430,-15752]}]}",
        "conditions": [
            {
                "condition": "entity_properties",
                "entity": "this",
                "predicate": {
                    "nbt": "{SelectedItem:{id:\"minecraft:diamond_sword\"},Inventory:[{Slot:-106b}]}"
                }
            },
            {
                "condition": "inverted",
                "term": {
                    "condition": "alternative",
                    "terms": [
                        {
                            "condition": "entity_properties",
                            "entity": "this",
                            "predicate": {
                                "nbt": "{Inventory:[{Slot:-106b,tag:{Custom:buckler}}]}"
                            }
                        },
                        {
                            "condition": "entity_properties",
                            "entity": "this",
                            "predicate": {
                                "nbt": "{Inventory:[{Slot:-106b,tag:{Custom:smallshield}}]}"
                            }
                        }
                    ]
                }
            },
            {
                "condition": "minecraft:entity_properties",
                "entity": "this",
                "predicate": {
                    "flags": {
                        "is_sprinting": false
                    }
                }
            }
        ]
    },
    {
        "function": "minecraft:set_nbt",
        "tag": "{AttributeModifiers:[{AttributeName:\"generic.attack_damage\",Amount:8,Slot:mainhand,Name:\"generic.attack_damage\",UUID:[I;-12271,7208,121624,-14416]},{AttributeName:\"generic.attack_speed\",Amount:-2.755555556,Slot:mainhand,Name:\"generic.attack_speed\",UUID:[I;-12271,7408,121624,-14816]},{AttributeName:\"generic.armor\",Amount:2,Slot:mainhand,Name:\"generic.armor\",UUID:[I;-123019,7876,19430,-15752]}]}",
        "conditions": [
            {
                "condition": "minecraft:entity_properties",
                "entity": "this",
                "predicate": {
                    "nbt": "{SelectedItem:{id:\"minecraft:diamond_sword\"},Inventory:[{Slot:-106b}]}"
                }
            },
            {
                "condition": "alternative",
                "terms": [
                    {
                        "condition": "minecraft:entity_properties",
                        "entity": "this",
                        "predicate": {
                            "nbt": "{Inventory:[{Slot:-106b,tag:{Custom:buckler}}]}"
                        }
                    },
                    {
                        "condition": "minecraft:entity_properties",
                        "entity": "this",
                        "predicate": {
                            "nbt": "{Inventory:[{Slot:-106b,tag:{Custom:smallshield}}]}"
                        }
                    }
                ]
            },
            {
                "condition": "minecraft:entity_properties",
                "entity": "this",
                "predicate": {
                    "flags": {
                        "is_sprinting": false
                    }
                }
            }
        ]
    },
    {
        "function": "minecraft:set_nbt",
        "tag": "{AttributeModifiers:[{AttributeName:\"generic.attack_damage\",Amount:8,Slot:mainhand,Name:\"generic.attack_damage\",UUID:[I;-12271,7208,121624,-14416]},{AttributeName:\"generic.attack_speed\",Amount:-2.72,Slot:mainhand,Name:\"generic.attack_speed\",UUID:[I;-12271,7408,121624,-14816]},{AttributeName:\"generic.armor\",Amount:2,Slot:mainhand,Name:\"generic.armor\",UUID:[I;-123019,7876,19430,-15752]}]}",
        "conditions": [
            {
                "condition": "entity_properties",
                "entity": "this",
                "predicate": {
                    "nbt": "{SelectedItem:{id:\"minecraft:diamond_sword\"}}"
                }
            },
            {
                "condition": "inverted",
                "term": {
                    "condition": "entity_properties",
                    "entity": "this",
                    "predicate": {
                        "nbt": "{Inventory:[{Slot:-106b}]}"
                    }
                }
            },
            {
                "condition": "minecraft:entity_properties",
                "entity": "this",
                "predicate": {
                    "flags": {
                        "is_sprinting": false
                    }
                }
            }
        ]
    },
    {
        "function": "minecraft:set_nbt",
        "tag": "{AttributeModifiers:[{AttributeName:\"generic.attack_damage\",Amount:8,Slot:mainhand,Name:\"generic.attack_damage\",UUID:[I;-12271,7208,121624,-14416]},{AttributeName:\"generic.attack_speed\",Amount:-2.789189189,Slot:mainhand,Name:\"generic.attack_speed\",UUID:[I;-12271,7408,121624,-14816]},{AttributeName:\"generic.armor\",Amount:6,Slot:mainhand,Name:\"generic.armor\",UUID:[I;-123019,7876,19430,-15752]},{AttributeName:\"generic.knockback_resistance\",Amount:0.5,Slot:mainhand,Name:\"generic.knockback_resistance\",UUID:[I;-123019,7676,19430,-15352]}]}",
        "conditions": [
            {
                "condition": "entity_properties",
                "entity": "this",
                "predicate": {
                    "nbt": "{SelectedItem:{id:\"minecraft:diamond_sword\"},Inventory:[{Slot:-106b}]}"
                }
            },
            {
                "condition": "inverted",
                "term": {
                    "condition": "alternative",
                    "terms": [
                        {
                            "condition": "entity_properties",
                            "entity": "this",
                            "predicate": {
                                "nbt": "{Inventory:[{Slot:-106b,tag:{Custom:buckler}}]}"
                            }
                        },
                        {
                            "condition": "entity_properties",
                            "entity": "this",
                            "predicate": {
                                "nbt": "{Inventory:[{Slot:-106b,tag:{Custom:smallshield}}]}"
                            }
                        }
                    ]
                }
            },
            {
                "condition": "minecraft:entity_properties",
                "entity": "this",
                "predicate": {
                    "flags": {
                        "is_sprinting": true
                    }
                }
            }
        ]
    },
    {
        "function": "minecraft:set_nbt",
        "tag": "{AttributeModifiers:[{AttributeName:\"generic.attack_damage\",Amount:8,Slot:mainhand,Name:\"generic.attack_damage\",UUID:[I;-12271,7208,121624,-14416]},{AttributeName:\"generic.attack_speed\",Amount:-2.755555556,Slot:mainhand,Name:\"generic.attack_speed\",UUID:[I;-12271,7408,121624,-14816]},{AttributeName:\"generic.armor\",Amount:6,Slot:mainhand,Name:\"generic.armor\",UUID:[I;-123019,7876,19430,-15752]},{AttributeName:\"generic.knockback_resistance\",Amount:0.5,Slot:mainhand,Name:\"generic.knockback_resistance\",UUID:[I;-123019,7676,19430,-15352]}]}",
        "conditions": [
            {
                "condition": "minecraft:entity_properties",
                "entity": "this",
                "predicate": {
                    "nbt": "{SelectedItem:{id:\"minecraft:diamond_sword\"},Inventory:[{Slot:-106b}]}"
                }
            },
            {
                "condition": "alternative",
                "terms": [
                    {
                        "condition": "minecraft:entity_properties",
                        "entity": "this",
                        "predicate": {
                            "nbt": "{Inventory:[{Slot:-106b,tag:{Custom:buckler}}]}"
                        }
                    },
                    {
                        "condition": "minecraft:entity_properties",
                        "entity": "this",
                        "predicate": {
                            "nbt": "{Inventory:[{Slot:-106b,tag:{Custom:smallshield}}]}"
                        }
                    }
                ]
            },
            {
                "condition": "minecraft:entity_properties",
                "entity": "this",
                "predicate": {
                    "flags": {
                        "is_sprinting": true
                    }
                }
            }
        ]
    },
    {
        "function": "minecraft:set_nbt",
        "tag": "{AttributeModifiers:[{AttributeName:\"generic.attack_damage\",Amount:8,Slot:mainhand,Name:\"generic.attack_damage\",UUID:[I;-12271,7208,121624,-14416]},{AttributeName:\"generic.attack_speed\",Amount:-2.72,Slot:mainhand,Name:\"generic.attack_speed\",UUID:[I;-12271,7408,121624,-14816]},{AttributeName:\"generic.armor\",Amount:6,Slot:mainhand,Name:\"generic.armor\",UUID:[I;-123019,7876,19430,-15752]},{AttributeName:\"generic.knockback_resistance\",Amount:0.5,Slot:mainhand,Name:\"generic.knockback_resistance\",UUID:[I;-123019,7676,19430,-15352]}]}",
        "conditions": [
            {
                "condition": "entity_properties",
                "entity": "this",
                "predicate": {
                    "nbt": "{SelectedItem:{id:\"minecraft:diamond_sword\"}}"
                }
            },
            {
                "condition": "inverted",
                "term": {
                    "condition": "entity_properties",
                    "entity": "this",
                    "predicate": {
                        "nbt": "{Inventory:[{Slot:-106b}]}"
                    }
                }
            },
            {
                "condition": "minecraft:entity_properties",
                "entity": "this",
                "predicate": {
                    "flags": {
                        "is_sprinting": true
                    }
                }
            }
        ]
    },




    
    {
        "function": "minecraft:set_nbt",
        "tag": "{AttributeModifiers:[{AttributeName:\"generic.attack_damage\",Amount:9,Slot:mainhand,Name:\"generic.attack_damage\",UUID:[I;-12271,7208,121624,-14416]},{AttributeName:\"generic.attack_speed\",Amount:-2.751219512,Slot:mainhand,Name:\"generic.attack_speed\",UUID:[I;-12271,7408,121624,-14816]},{AttributeName:\"generic.armor\",Amount:2,Slot:mainhand,Name:\"generic.armor\",UUID:[I;-123019,7876,19430,-15752]}]}",
        "conditions": [
            {
                "condition": "entity_properties",
                "entity": "this",
                "predicate": {
                    "nbt": "{SelectedItem:{id:\"minecraft:netherite_sword\"},Inventory:[{Slot:-106b}]}"
                }
            },
            {
                "condition": "inverted",
                "term": {
                    "condition": "alternative",
                    "terms": [
                        {
                            "condition": "entity_properties",
                            "entity": "this",
                            "predicate": {
                                "nbt": "{Inventory:[{Slot:-106b,tag:{Custom:buckler}}]}"
                            }
                        },
                        {
                            "condition": "entity_properties",
                            "entity": "this",
                            "predicate": {
                                "nbt": "{Inventory:[{Slot:-106b,tag:{Custom:smallshield}}]}"
                            }
                        }
                    ]
                }
            },
            {
                "condition": "minecraft:entity_properties",
                "entity": "this",
                "predicate": {
                    "flags": {
                        "is_sprinting": false
                    }
                }
            }
        ]
    },
    {
        "function": "minecraft:set_nbt",
        "tag": "{AttributeModifiers:[{AttributeName:\"generic.attack_damage\",Amount:9,Slot:mainhand,Name:\"generic.attack_damage\",UUID:[I;-12271,7208,121624,-14416]},{AttributeName:\"generic.attack_speed\",Amount:-2.72,Slot:mainhand,Name:\"generic.attack_speed\",UUID:[I;-12271,7408,121624,-14816]},{AttributeName:\"generic.armor\",Amount:2,Slot:mainhand,Name:\"generic.armor\",UUID:[I;-123019,7876,19430,-15752]}]}",
        "conditions": [
            {
                "condition": "minecraft:entity_properties",
                "entity": "this",
                "predicate": {
                    "nbt": "{SelectedItem:{id:\"minecraft:netherite_sword\"},Inventory:[{Slot:-106b}]}"
                }
            },
            {
                "condition": "alternative",
                "terms": [
                    {
                        "condition": "minecraft:entity_properties",
                        "entity": "this",
                        "predicate": {
                            "nbt": "{Inventory:[{Slot:-106b,tag:{Custom:buckler}}]}"
                        }
                    },
                    {
                        "condition": "minecraft:entity_properties",
                        "entity": "this",
                        "predicate": {
                            "nbt": "{Inventory:[{Slot:-106b,tag:{Custom:smallshield}}]}"
                        }
                    }
                ]
            },
            {
                "condition": "minecraft:entity_properties",
                "entity": "this",
                "predicate": {
                    "flags": {
                        "is_sprinting": false
                    }
                }
            }
        ]
    },
    {
        "function": "minecraft:set_nbt",
        "tag": "{AttributeModifiers:[{AttributeName:\"generic.attack_damage\",Amount:9,Slot:mainhand,Name:\"generic.attack_damage\",UUID:[I;-12271,7208,121624,-14416]},{AttributeName:\"generic.attack_speed\",Amount:-2.687179487,Slot:mainhand,Name:\"generic.attack_speed\",UUID:[I;-12271,7408,121624,-14816]},{AttributeName:\"generic.armor\",Amount:2,Slot:mainhand,Name:\"generic.armor\",UUID:[I;-123019,7876,19430,-15752]}]}",
        "conditions": [
            {
                "condition": "entity_properties",
                "entity": "this",
                "predicate": {
                    "nbt": "{SelectedItem:{id:\"minecraft:netherite_sword\"}}"
                }
            },
            {
                "condition": "inverted",
                "term": {
                    "condition": "entity_properties",
                    "entity": "this",
                    "predicate": {
                        "nbt": "{Inventory:[{Slot:-106b}]}"
                    }
                }
            },
            {
                "condition": "minecraft:entity_properties",
                "entity": "this",
                "predicate": {
                    "flags": {
                        "is_sprinting": false
                    }
                }
            }
        ]
    },
    {
        "function": "minecraft:set_nbt",
        "tag": "{AttributeModifiers:[{AttributeName:\"generic.attack_damage\",Amount:9,Slot:mainhand,Name:\"generic.attack_damage\",UUID:[I;-12271,7208,121624,-14416]},{AttributeName:\"generic.attack_speed\",Amount:-2.751219512,Slot:mainhand,Name:\"generic.attack_speed\",UUID:[I;-12271,7408,121624,-14816]},{AttributeName:\"generic.armor\",Amount:6,Slot:mainhand,Name:\"generic.armor\",UUID:[I;-123019,7876,19430,-15752]},{AttributeName:\"generic.knockback_resistance\",Amount:0.5,Slot:mainhand,Name:\"generic.knockback_resistance\",UUID:[I;-123019,7676,19430,-15352]}]}",
        "conditions": [
            {
                "condition": "entity_properties",
                "entity": "this",
                "predicate": {
                    "nbt": "{SelectedItem:{id:\"minecraft:netherite_sword\"},Inventory:[{Slot:-106b}]}"
                }
            },
            {
                "condition": "inverted",
                "term": {
                    "condition": "alternative",
                    "terms": [
                        {
                            "condition": "entity_properties",
                            "entity": "this",
                            "predicate": {
                                "nbt": "{Inventory:[{Slot:-106b,tag:{Custom:buckler}}]}"
                            }
                        },
                        {
                            "condition": "entity_properties",
                            "entity": "this",
                            "predicate": {
                                "nbt": "{Inventory:[{Slot:-106b,tag:{Custom:smallshield}}]}"
                            }
                        }
                    ]
                }
            },
            {
                "condition": "minecraft:entity_properties",
                "entity": "this",
                "predicate": {
                    "flags": {
                        "is_sprinting": true
                    }
                }
            }
        ]
    },
    {
        "function": "minecraft:set_nbt",
        "tag": "{AttributeModifiers:[{AttributeName:\"generic.attack_damage\",Amount:9,Slot:mainhand,Name:\"generic.attack_damage\",UUID:[I;-12271,7208,121624,-14416]},{AttributeName:\"generic.attack_speed\",Amount:-2.72,Slot:mainhand,Name:\"generic.attack_speed\",UUID:[I;-12271,7408,121624,-14816]},{AttributeName:\"generic.armor\",Amount:6,Slot:mainhand,Name:\"generic.armor\",UUID:[I;-123019,7876,19430,-15752]},{AttributeName:\"generic.knockback_resistance\",Amount:0.5,Slot:mainhand,Name:\"generic.knockback_resistance\",UUID:[I;-123019,7676,19430,-15352]}]}",
        "conditions": [
            {
                "condition": "minecraft:entity_properties",
                "entity": "this",
                "predicate": {
                    "nbt": "{SelectedItem:{id:\"minecraft:netherite_sword\"},Inventory:[{Slot:-106b}]}"
                }
            },
            {
                "condition": "alternative",
                "terms": [
                    {
                        "condition": "minecraft:entity_properties",
                        "entity": "this",
                        "predicate": {
                            "nbt": "{Inventory:[{Slot:-106b,tag:{Custom:buckler}}]}"
                        }
                    },
                    {
                        "condition": "minecraft:entity_properties",
                        "entity": "this",
                        "predicate": {
                            "nbt": "{Inventory:[{Slot:-106b,tag:{Custom:smallshield}}]}"
                        }
                    }
                ]
            },
            {
                "condition": "minecraft:entity_properties",
                "entity": "this",
                "predicate": {
                    "flags": {
                        "is_sprinting": true
                    }
                }
            }
        ]
    },
    {
        "function": "minecraft:set_nbt",
        "tag": "{AttributeModifiers:[{AttributeName:\"generic.attack_damage\",Amount:9,Slot:mainhand,Name:\"generic.attack_damage\",UUID:[I;-12271,7208,121624,-14416]},{AttributeName:\"generic.attack_speed\",Amount:-2.687179487,Slot:mainhand,Name:\"generic.attack_speed\",UUID:[I;-12271,7408,121624,-14816]},{AttributeName:\"generic.armor\",Amount:6,Slot:mainhand,Name:\"generic.armor\",UUID:[I;-123019,7876,19430,-15752]},{AttributeName:\"generic.knockback_resistance\",Amount:0.5,Slot:mainhand,Name:\"generic.knockback_resistance\",UUID:[I;-123019,7676,19430,-15352]}]}",
        "conditions": [
            {
                "condition": "entity_properties",
                "entity": "this",
                "predicate": {
                    "nbt": "{SelectedItem:{id:\"minecraft:netherite_sword\"}}"
                }
            },
            {
                "condition": "inverted",
                "term": {
                    "condition": "entity_properties",
                    "entity": "this",
                    "predicate": {
                        "nbt": "{Inventory:[{Slot:-106b}]}"
                    }
                }
            },
            {
                "condition": "minecraft:entity_properties",
                "entity": "this",
                "predicate": {
                    "flags": {
                        "is_sprinting": true
                    }
                }
            }
        ]
    }
]