[
    {
        "function": "minecraft:set_lore",
        "entity": "this",
        "lore": [
            {
                "color": "gray",
                "italic": true,
                "translate": "item_mod.essrpg.prot.fmaxelytraarmor.1.lore.0"
            },
            {
                "color": "aqua",
                "italic": true,
                "translate": "item_mod.essrpg.prot.fmaxelytraarmor.1.lore.1"
            },
            {
                "color": "aqua",
                "italic": true,
                "translate": "item_mod.essrpg.prot.fmaxelytraarmor.1.lore.2"
            },
            {
                "color": "aqua",
                "italic": true,
                "translate": "item_mod.essrpg.prot.fmaxelytraarmor.1.lore.3"
            }
        ]
    }
]