[
    {
        "function": "minecraft:set_attributes",
        "modifiers": [
            {
                "attribute": "minecraft:generic.movement_speed",
                "name": "es.reflexslot",
                "amount": -0.1,
                "operation": "multiply_total",
                "slot": [
                    "mainhand"
                ]
            },
            {
                "attribute": "minecraft:generic.max_health",
                "name": "es.reflexslot",
                "amount": 0.1,
                "operation": "multiply_total",
                "slot": [
                    "mainhand"
                ]
            },
            {
                "attribute": "minecraft:generic.movement_speed",
                "name": "offhandslot",
                "amount": -0.1,
                "operation": "multiply_total",
                "slot": [
                    "offhand"
                ]
            },
            {
                "attribute": "minecraft:generic.max_health",
                "name": "offhandslot",
                "amount": 0.1,
                "operation": "multiply_total",
                "slot": [
                    "offhand"
                ]
            }
        ]
    },
    {
        "function": "minecraft:set_lore",
        "entity": "this",
        "lore": [
            {
                "color": "gray",
                "italic": true,
                "translate": "item_mod.essrpg.prot.fminrod.1.lore.0"
            },
            {
                "color": "aqua",
                "italic": true,
                "translate": "item_mod.essrpg.prot.fminrod.1.lore.1"
            },
            {
                "color": "aqua",
                "italic": true,
                "translate": "item_mod.essrpg.prot.fminrod.1.lore.2"
            }
        ]
    }
]