{
  "pools": [
    {
      "rolls": 1,
      "entries": [
        {
          "type": "minecraft:item",
          "name": "minecraft:leather_helmet",
          "functions": [
            {
              "function": "minecraft:set_nbt",
              "tag": "{Unbreakable:1,HideFlags:64,display:{color:6189078,Name:'[{\"text\":\"Bulwark Helmet\",\"italic\":false,\"color\":\"light_purple\"}]'},AttributeModifiers:[{AttributeName:\"generic.armor\",Amount:4,Slot:head,Name:\"generic.armor\",UUID:[I;-12236,11249,153218,-22498]},{AttributeName:\"generic.armor_toughness\",Amount:4,Slot:head,Name:\"generic.armor_toughness\",UUID:[I;-12236,11349,153218,-22698]},{AttributeName:\"generic.movement_speed\",Amount:-0.01,Slot:head,Name:\"generic.movement_speed\",UUID:[I;-12236,11449,153218,-22898]}]}"
            },
            {
              "function": "minecraft:set_attributes",
              "modifiers": [
                {
                  "attribute": "minecraft:generic.knockback_resistance",
                  "name": "",
                  "amount": 0.2,
                  "operation": "addition",
                  "slot": "head"
                }
              ]
            }
          ]
        },
        {
          "type": "minecraft:item",
          "name": "minecraft:leather_chestplate",
          "functions": [
            {
              "function": "minecraft:set_nbt",
              "tag": "{Unbreakable:1,HideFlags:64,display:{color:6189078,Name:'[{\"text\":\"Bulwark Chestplate\",\"italic\":false,\"color\":\"light_purple\"}]'},AttributeModifiers:[{AttributeName:\"generic.armor\",Amount:9,Slot:chest,Name:\"generic.armor\",UUID:[I;-12236,14849,153218,-29698]},{AttributeName:\"generic.armor_toughness\",Amount:4,Slot:chest,Name:\"generic.armor_toughness\",UUID:[I;-12236,14949,153218,-29898]},{AttributeName:\"generic.movement_speed\",Amount:-0.02,Slot:chest,Name:\"generic.movement_speed\",UUID:[I;-12236,15049,153218,-30098]}]}"
            },
            {
              "function": "minecraft:set_attributes",
              "modifiers": [
                {
                  "attribute": "minecraft:generic.knockback_resistance",
                  "name": "",
                  "amount": 0.2,
                  "operation": "addition",
                  "slot": "chest"
                }
              ]
            }
          ]
        },
        {
          "type": "minecraft:item",
          "name": "minecraft:leather_leggings",
          "functions": [
            {
              "function": "minecraft:set_nbt",
              "tag": "{Unbreakable:1,HideFlags:64,display:{color:6189078,Name:'[{\"text\":\"Bulwark Leggings\",\"italic\":false,\"color\":\"light_purple\"}]'},AttributeModifiers:[{AttributeName:\"generic.armor\",Amount:7,Slot:legs,Name:\"generic.armor\",UUID:[I;-12236,22650,15364,-45300]},{AttributeName:\"generic.armor_toughness\",Amount:4,Slot:legs,Name:\"generic.armor_toughness\",UUID:[I;-12236,22750,15364,-45500]},{AttributeName:\"generic.movement_speed\",Amount:-0.02,Slot:legs,Name:\"generic.movement_speed\",UUID:[I;-12236,22850,15364,-45700]}]}"
            },
            {
              "function": "minecraft:set_attributes",
              "modifiers": [
                {
                  "attribute": "minecraft:generic.knockback_resistance",
                  "name": "",
                  "amount": 0.2,
                  "operation": "addition",
                  "slot": "legs"
                }
              ]
            }
          ]
        },
        {
          "type": "minecraft:item",
          "name": "minecraft:leather_boots",
          "functions": [
            {
              "function": "minecraft:set_nbt",
              "tag": "{Unbreakable:1,HideFlags:64,display:{color:6189078,Name:'[{\"text\":\"Bulwark Boots\",\"italic\":false,\"color\":\"light_purple\"}]'},AttributeModifiers:[{AttributeName:\"generic.armor\",Amount:4,Slot:feet,Name:\"generic.armor\",UUID:[I;-12236,11249,153218,-22498]},{AttributeName:\"generic.armor_toughness\",Amount:4,Slot:feet,Name:\"generic.armor_toughness\",UUID:[I;-12236,11349,153218,-22698]},{AttributeName:\"generic.movement_speed\",Amount:-0.01,Slot:feet,Name:\"generic.movement_speed\",UUID:[I;-12236,11449,153218,-22898]}]}"
            },
            {
              "function": "minecraft:set_attributes",
              "modifiers": [
                {
                  "attribute": "minecraft:generic.knockback_resistance",
                  "name": "",
                  "amount": 0.2,
                  "operation": "addition",
                  "slot": "feet"
                }
              ]
            }
          ]
        }
      ]
    }
  ]
}
