{
  "pools": [
    {
      "rolls": 1,
      "entries": [
        {
          "type": "minecraft:item",
          "name": "minecraft:netherite_sword",
          "functions": [
            {
              "function": "minecraft:set_attributes",
              "modifiers": [
                {
                  "attribute": "minecraft:generic.luck",
                  "name": "",
                  "amount": 1,
                  "operation": "addition",
                  "slot": "mainhand"
                },
                {
                  "attribute": "minecraft:generic.armor_toughness",
                  "name": "",
                  "amount": 1,
                  "operation": "addition",
                  "slot": "mainhand"
                },
                {
                  "attribute": "minecraft:generic.movement_speed",
                  "name": "",
                  "amount": -0.01,
                  "operation": "addition",
                  "slot": "mainhand"
                },
                {
                  "attribute": "minecraft:generic.attack_speed",
                  "name": "",
                  "amount": -3,
                  "operation": "addition",
                  "slot": "mainhand"
                },
                {
                  "attribute": "minecraft:generic.attack_damage",
                  "name": "",
                  "amount": 20,
                  "operation": "addition",
                  "slot": "mainhand"
                }
              ]
            },
            {
              "function": "minecraft:set_nbt",
              "tag": "{Unbreakable:1,MagicSword:1b,CustomModelData:1234569,display:{Name:'[{\"text\":\"Guardian\\'s Sword\",\"italic\":false,\"color\":\"gold\"}]',Lore:['[{\"text\":\"A powerful weapon wielded by\",\"italic\":false,\"color\":\"yellow\"}]','[{\"text\":\"the Ancient Guardians, uses\",\"italic\":false,\"color\":\"yellow\"}]','[{\"text\":\"the wearers strength as energy.\",\"italic\":false,\"color\":\"yellow\"}]']},Enchantments:[{id:knockback,lvl:1},{id:looting,lvl:2},{id:smite,lvl:5},{id:sweeping,lvl:4},{id:thorns,lvl:3}],HideFlags:1}"
            }
          ]
        }
      ]
    }
  ]
}
