{
  "pools": [
    {
      "rolls": 1,
      "entries": [
        {
          "type": "minecraft:item",
          "name": "minecraft:bow",
          "functions": [
            {
              "function": "minecraft:set_nbt",
              "tag": "{Unbreakable:1,Guardian:1b,CustomModelData:4,display:{Name:'[{\"text\":\"Guardian\\'s Bow\",\"italic\":false,\"color\":\"green\"}]',Lore:['[{\"text\":\"Wielded by the Ancient Guardians,\",\"italic\":false,\"color\":\"dark_green\"}]','[{\"text\":\"the \",\"italic\":false,\"color\":\"dark_green\"},{\"text\":\"Guardian\\'s Bow\",\"color\":\"green\"},{\"text\":\" is a powerful\",\"color\":\"dark_green\"}]','[{\"text\":\"weapon.\",\"italic\":false,\"color\":\"dark_green\"}]']}}"
            },
            {
              "function": "minecraft:set_attributes",
              "modifiers": [
                {
                  "attribute": "minecraft:generic.movement_speed",
                  "name": "",
                  "amount": 0.01,
                  "operation": "addition",
                  "slot": "mainhand"
                }
              ]
            }
          ]
        }
      ]
    }
  ]
}
