{
  "pools": [
    {
      "rolls": 1,
      "entries": [
        {
          "type": "minecraft:item",
          "name": "minecraft:leather_helmet",
          "functions": [
            {
              "function": "minecraft:set_nbt",
              "tag": "{display:{color:16723494,Name:'[{\"text\":\"Hearty Helmet\",\"italic\":false,\"color\":\"dark_red\"}]',Lore:['[{\"text\":\"Head Protection\",\"italic\":false}]']},AttributeModifiers:[{AttributeName:\"generic.armor\",Amount:3,Slot:head,Name:\"generic.armor\",UUID:[I;-122229,28237,185447,-56474]},{AttributeName:\"generic.max_health\",Amount:30.0,Slot:head,Name:\"generic.max_health\",UUID:[I;-122229,28337,185447,-56674]}],HideFlags:64}"
            }
          ]
        },
        {
          "type": "minecraft:item",
          "name": "minecraft:leather_chestplate",
          "functions": [
            {
              "function": "minecraft:set_nbt",
              "tag": "{display:{color:16723494,Name:'[{\"text\":\"Hearty Chestplate\",\"italic\":false,\"color\":\"dark_red\"}]',Lore:['[{\"text\":\"Warm Hugs\",\"italic\":false}]']},AttributeModifiers:[{AttributeName:\"generic.armor\",Amount:6,Slot:chest,Name:\"generic.armor\",UUID:[I;-122229,28237,185447,-56474]},{AttributeName:\"generic.max_health\",Amount:30.0,Slot:chest,Name:\"generic.max_health\",UUID:[I;-122229,28337,185447,-56674]}],HideFlags:64}"
            }
          ]
        },
        {
          "type": "minecraft:item",
          "name": "minecraft:leather_leggings",
          "functions": [
            {
              "function": "minecraft:set_nbt",
              "tag": "{display:{color:16723494,Name:'[{\"text\":\"Hearty Leggings\",\"italic\":false,\"color\":\"dark_red\"}]',Lore:['[{\"text\":\"Tough Love\",\"italic\":false}]']},AttributeModifiers:[{AttributeName:\"generic.armor\",Amount:4,Slot:legs,Name:\"generic.armor\",UUID:[I;-122229,28237,185447,-56474]},{AttributeName:\"generic.max_health\",Amount:30.0,Slot:legs,Name:\"generic.max_health\",UUID:[I;-122229,28337,185447,-56674]}],HideFlags:64}"
            }
          ]
        },
        {
          "type": "minecraft:item",
          "name": "minecraft:leather_boots",
          "functions": [
            {
              "function": "minecraft:set_nbt",
              "tag": "{display:{color:16723494,Name:'[{\"text\":\"Hearty Boots\",\"italic\":false,\"color\":\"dark_red\"}]',Lore:['[{\"text\":\"Always By Your Side\",\"italic\":false}]']},AttributeModifiers:[{AttributeName:\"generic.armor\",Amount:2,Slot:feet,Name:\"generic.armor\",UUID:[I;-122229,28237,185447,-56474]},{AttributeName:\"generic.max_health\",Amount:30.0,Slot:feet,Name:\"generic.max_health\",UUID:[I;-122229,28337,185447,-56674]}],HideFlags:64}"
            }
          ]
        }
      ]
    }
  ]
}
