{
  "pools": [
    {
      "rolls": 1,
      "entries": [
         {
          "type": "minecraft:item",
          "name": "minecraft:player_head",
          "functions": [
            {
              "function": "minecraft:set_nbt",
              "tag": "{SkullOwner:{Id:[I;-12288,17451,16452,-34902],Properties:{textures:[{Value:\"eyJ0ZXh0dXJlcyI6eyJTS0lOIjp7InVybCI6Imh0dHA6Ly90ZXh0dXJlcy5taW5lY3JhZnQubmV0L3RleHR1cmUvYmY2MjRhNDRlNzdiOTVkYmUxY2M3MzU1MzY5NTNlODQwYmE2YzE5YjAxNTdjNTQ5ZDliODI1MzQ2NDhjOGNlNCJ9fX0=\"}]}},AttributeModifiers:[{AttributeName:\"generic.movement_speed\",Amount:0.1,Slot:offhand,Name:\"generic.movement_speed\",UUID:[I;-12288,17351,16452,-34702]}],display:{Name:'[{\"text\":\"Speed Artifact\",\"italic\":false,\"color\":\"aqua\"}]',Lore:['[{\"text\":\"Made in Livilium, grants much speed to the holder. \",\"italic\":false,\"color\":\"dark_aqua\"}]']}}"
            }
          ]
        },
        {
          "type": "minecraft:loot_table",
          "name": "ethrium:nimble_armour"
        },
        {
          "type": "minecraft:item",
          "name": "minecraft:diamond_sword",
          "functions": [
            {
              "function": "minecraft:set_nbt",
              "tag": "{Unbreakable:1,Resolute:1b,CustomModelData:1234573,display:{Name:'[{\"text\":\"Resolute Livilium Dagger\",\"italic\":false,\"color\":\"aqua\"}]'}}"
            },
            {
              "function": "minecraft:set_attributes",
              "modifiers": [
                {
                  "attribute": "minecraft:generic.movement_speed",
                  "name": "",
                  "amount": 0.03,
                  "operation": "addition",
                  "slot": "offhand"
                },
                {
                  "attribute": "minecraft:generic.attack_damage",
                  "name": "",
                  "amount": 10,
                  "operation": "addition",
                  "slot": "mainhand"
                },
                {
                  "attribute": "minecraft:generic.attack_speed",
                  "name": "",
                  "amount": -2,
                  "operation": "addition",
                  "slot": "mainhand"
                }
              ]
            }
          ]
        },
        {
          "type": "minecraft:item",
          "name": "minecraft:diamond_sword",
          "functions": [
            {
              "function": "minecraft:set_nbt",
              "tag": "{Unbreakable:1,Voracious:1b,CustomModelData:1234574,display:{Name:'[{\"text\":\"Voracious Livilium Dagger\",\"italic\":false,\"color\":\"aqua\"}]'}}"
            },
            {
              "function": "minecraft:set_attributes",
              "modifiers": [
                {
                  "attribute": "minecraft:generic.attack_damage",
                  "name": "",
                  "amount": 3,
                  "operation": "addition",
                  "slot": "offhand"
                },
                {
                  "attribute": "minecraft:generic.attack_damage",
                  "name": "",
                  "amount": 10,
                  "operation": "addition",
                  "slot": "mainhand"
                },
                {
                  "attribute": "minecraft:generic.attack_speed",
                  "name": "",
                  "amount": -2,
                  "operation": "addition",
                  "slot": "mainhand"
                }
              ]
            }
          ]
        }
      ]
    }
  ]
}
