{
  "pools": [
    {
      "rolls": 1,
      "entries": [
        {
          "type": "minecraft:item",
          "name": "minecraft:netherite_sword",
          "functions": [
            {
              "function": "minecraft:set_nbt",
              "tag": "{CustomModelData:1234576,display:{Name:'[{\"text\":\"Infused Warhammer\",\"italic\":false,\"color\":\"yellow\"}]',Lore:['[{\"text\":\"Infused with destructive power!\",\"italic\":false,\"color\":\"dark_purple\"}]']}}"
            },
            {
              "function": "minecraft:set_attributes",
              "modifiers": [
                {
                  "attribute": "minecraft:generic.armor_toughness",
                  "name": "",
                  "amount": 1,
                  "operation": "addition",
                  "slot": "mainhand"
                },
                {
                  "attribute": "minecraft:generic.armor",
                  "name": "",
                  "amount": 3,
                  "operation": "addition",
                  "slot": "mainhand"
                },
                {
                  "attribute": "minecraft:generic.attack_damage",
                  "name": "",
                  "amount": 11,
                  "operation": "addition",
                  "slot": "mainhand"
                },
                {
                  "attribute": "minecraft:generic.attack_speed",
                  "name": "",
                  "amount": -2.9,
                  "operation": "addition",
                  "slot": "mainhand"
                }
              ]
            }
          ]
        },
        {
          "type": "minecraft:item",
          "name": "minecraft:netherite_sword",
          "functions": [
            {
              "function": "minecraft:set_attributes",
              "modifiers": [
                {
                  "attribute": "minecraft:generic.attack_damage",
                  "name": "",
                  "amount": 9,
                  "operation": "addition",
                  "slot": "mainhand"
                },
                {
                  "attribute": "minecraft:generic.attack_speed",
                  "name": "",
                  "amount": -2.4,
                  "operation": "addition",
                  "slot": "mainhand"
                }
              ]
            },
            {
              "function": "minecraft:set_nbt",
              "tag": "{Shadow:1b,CustomModelData:1234568,display:{Name:'[{\"text\":\"Shadow Sword\",\"italic\":false,\"color\":\"dark_gray\"}]',Lore:['[{\"text\":\"Forged in the shadows.\",\"italic\":false}]']}}"
            }
          ]
        },
        {
          "type": "minecraft:item",
          "name": "minecraft:knowledge_book",
          "functions": [
            {
              "function": "minecraft:set_nbt",
              "tag": "{Recipes:[\"ethrium:heart_bonus\"],CustomModelData:1,display:{Name:'[{\"text\":\"Heart Bonus\",\"italic\":false,\"color\":\"red\"}]',Lore:['[{\"text\":\"Use to gain an additional heart\",\"italic\":false,\"color\":\"gray\"}]']}}"
            }
          ]
        },
        {
          "type": "minecraft:item",
          "name": "minecraft:bow",
          "functions": [
            {
              "function": "minecraft:set_nbt",
              "tag": "{magic:1b,CustomModelData:2,display:{Name:'[{\"text\":\"Magical Bow\",\"italic\":false,\"color\":\"light_purple\"}]',Lore:['[{\"text\":\"Magic and powerful, creates\",\"italic\":false}]','[{\"text\":\"a wither cloud to kill\",\"italic\":false}]','[{\"text\":\"your enemies.\",\"italic\":false}]']}}"
            }
          ]
        },
        {
          "type": "minecraft:item",
          "name": "minecraft:copper_ingot",
          "functions": [
            {
              "function": "minecraft:set_nbt",
              "tag": "{CustomModelData:1,display:{Name:'[{\"text\":\"Enchanted Ingot\",\"italic\":false,\"color\":\"yellow\"}]',Lore:['[{\"text\":\"Used for enhancing equipment\",\"italic\":false,\"color\":\"gray\"}]']},Enchantments:[{}]}"
            },
            {
              "function": "minecraft:set_count",
              "count": {
                "min": 2,
                "max": 3
              }
            }
          ]
        },
        {
          "type": "minecraft:item",
          "name": "minecraft:diamond_sword",
          "functions": [
            {
              "function": "minecraft:set_nbt",
              "tag": "{CustomModelData:1234569,AttributeModifiers:[{AttributeName:\"generic.attack_speed\",Amount:-3,Slot:mainhand,Name:\"generic.attack_speed\",UUID:[I;-122222,78910,203459,-157820]},{AttributeName:\"generic.movement_speed\",Amount:0.01,Slot:mainhand,Name:\"generic.movement_speed\",UUID:[I;-122222,79010,203459,-158020]},{AttributeName:\"generic.attack_damage\",Amount:12,Slot:mainhand,Name:\"generic.attack_damage\",UUID:[I;-122222,79110,203459,-158220]}],display:{Name:'[{\"text\":\"Magical Scythe\",\"italic\":false,\"color\":\"light_purple\"}]',Lore:['[{\"text\":\"Attributes:\",\"italic\":false,\"color\":\"yellow\"},{\"text\":\"\",\"italic\":false,\"color\":\"dark_purple\"}]','[{\"text\":\"High Damage\",\"italic\":false,\"color\":\"dark_green\"},{\"text\":\" \",\"color\":\"dark_purple\"},{\"text\":\"+ Attack Damage\",\"color\":\"gray\"},{\"text\":\"\",\"color\":\"dark_purple\"}]','[{\"text\":\"Speedy \",\"italic\":false,\"color\":\"dark_green\"},{\"text\":\"+0.1 Speed\",\"color\":\"gray\"},{\"text\":\"\",\"color\":\"dark_purple\"}]','[{\"text\":\"Heavy\",\"italic\":false,\"color\":\"dark_red\"},{\"text\":\" -3 Attack Speed\",\"color\":\"gray\"},{\"text\":\"\",\"color\":\"dark_purple\"}]','[{\"text\":\"Magical and powerful,\",\"italic\":false,\"color\":\"dark_purple\"}]','[{\"text\":\"the Magical Scythe is\",\"italic\":false,\"color\":\"dark_purple\"}]','[{\"text\":\"a great weapon.\",\"italic\":false,\"color\":\"dark_purple\"}]']}} "
            }
          ]
        },
        {
          "type": "minecraft:item",
          "name": "minecraft:diamond_sword",
          "functions": [
            {
              "function": "minecraft:set_nbt",
              "tag": "{CustomModelData:1234572,AttributeModifiers:[{AttributeName:\"generic.attack_speed\",Amount:5,Slot:mainhand,Name:\"generic.attack_speed\",UUID:[I;-122222,60107,204126,-120214]},{AttributeName:\"generic.attack_damage\",Amount:4,Slot:mainhand,Name:\"generic.attack_damage\",UUID:[I;-122222,60207,204126,-120414]}],display:{Name:'[{\"text\":\"Magical Sword\",\"italic\":false,\"color\":\"aqua\"}]',Lore:['[{\"text\":\"Attributes:\",\"italic\":false,\"color\":\"yellow\"},{\"text\":\"\",\"italic\":false,\"color\":\"dark_purple\"}]','[{\"text\":\"Fast \",\"italic\":false,\"color\":\"dark_green\"},{\"text\":\"+5 Attack Speed\",\"color\":\"gray\"},{\"text\":\"\",\"color\":\"dark_purple\"}]','[{\"text\":\"Small, sharp, and did\",\"italic\":false,\"color\":\"dark_purple\"}]','[{\"text\":\"I mention it\\'s sharp?\",\"italic\":false,\"color\":\"dark_purple\"}]']}}"
            }
          ]
        },
        {
          "type": "minecraft:item",
          "name": "minecraft:bow",
          "functions": [
            {
              "function": "minecraft:set_nbt",
              "tag": "{Unbreakable:1,lightning:1b,CustomModelData:3,display:{Name:'[{\"text\":\"Lightning Staff\",\"italic\":false,\"color\":\"light_purple\"}]',Lore:['[{\"text\":\"The power of lightning\",\"italic\":false}]','[{\"text\":\"in your grasp!\",\"italic\":false}]']},Enchantments:[{id:flame,lvl:1},{id:infinity,lvl:1}],HideFlags:1}"
            }
          ]
        }
      ]
    }
  ]
}
