{
  "pools": [
    {
      "rolls": 1,
      "entries": [
        {
          "type": "minecraft:item",
          "name": "minecraft:shield",
          "functions": [
            {
              "function": "minecraft:set_nbt",
              "tag": "{Unbreakable:1,display:{Name:'[{\"text\":\"Magical Shield\",\"italic\":false,\"color\":\"light_purple\"}]',Lore:['[{\"text\":\"Wielded by the Ancient Guardians\",\"italic\":false}]']},Enchantments:[{}],BlockEntityTag:{Base:0,Patterns:[{Pattern:bo,Color:15},{Pattern:ss,Color:3},{Pattern:br,Color:15},{Pattern:tl,Color:15},{Pattern:cbo,Color:3},{Pattern:bts,Color:15},{Pattern:tts,Color:15},{Pattern:sc,Color:15},{Pattern:mr,Color:3},{Pattern:dls,Color:15},{Pattern:mc,Color:3},{Pattern:flo,Color:15}]}}"
            },
            {
              "function": "minecraft:set_attributes",
              "modifiers": [
                {
                  "attribute": "minecraft:generic.max_health",
                  "name": "",
                  "amount": {
                    "min": 1,
                    "max": 3
                  },
                  "operation": "addition",
                  "slot": "offhand"
                },
                {
                  "attribute": "minecraft:generic.knockback_resistance",
                  "name": "",
                  "amount": 0.2,
                  "operation": "addition",
                  "slot": "offhand"
                },
                {
                  "attribute": "minecraft:generic.attack_speed",
                  "name": "",
                  "amount": {
                    "min": 0.1,
                    "max": 0.5
                  },
                  "operation": "addition",
                  "slot": "offhand"
                }
              ]
            }
          ]
        }
      ]
    }
  ]
}
