{
  "pools": [
    {
      "rolls": 1,
      "entries": [
        {
          "type": "minecraft:item",
          "name": "minecraft:leather_helmet",
          "functions": [
            {
              "function": "minecraft:set_nbt",
              "tag": "{Unbreakable:1,HideFlags:64,display:{color:1481884,Name:'[{\"text\":\"Nimble Helmet\",\"italic\":false,\"color\":\"dark_aqua\"}]'}}"
            },
            {
              "function": "minecraft:set_attributes",
              "modifiers": [
                {
                  "attribute": "minecraft:generic.armor",
                  "name": "",
                  "amount": 2,
                  "operation": "addition",
                  "slot": "head"
                },
                {
                  "attribute": "minecraft:generic.movement_speed",
                  "name": "",
                  "amount": 0.02,
                  "operation": "addition",
                  "slot": "head"
                }
              ]
            }
          ]
        },
        {
          "type": "minecraft:item",
          "name": "minecraft:leather_chestplate",
          "functions": [
            {
              "function": "minecraft:set_nbt",
              "tag": "{Unbreakable:1,HideFlags:64,display:{color:1481884,Name:'[{\"text\":\"Nimble Chestplate\",\"italic\":false,\"color\":\"dark_aqua\"}]'}}"
            },
            {
              "function": "minecraft:set_attributes",
              "modifiers": [
                {
                  "attribute": "minecraft:generic.armor",
                  "name": "",
                  "amount": 4,
                  "operation": "addition",
                  "slot": "chest"
                },
                {
                  "attribute": "minecraft:generic.movement_speed",
                  "name": "",
                  "amount": 0.02,
                  "operation": "addition",
                  "slot": "chest"
                }
              ]
            }
          ]
        },
        {
          "type": "minecraft:item",
          "name": "minecraft:leather_leggings",
          "functions": [
            {
              "function": "minecraft:set_nbt",
              "tag": "{Unbreakable:1,HideFlags:64,display:{color:1481884,Name:'[{\"text\":\"Nimble Leggings\",\"italic\":false,\"color\":\"dark_aqua\"}]'}}"
            },
            {
              "function": "minecraft:set_attributes",
              "modifiers": [
                {
                  "attribute": "minecraft:generic.armor",
                  "name": "",
                  "amount": 3,
                  "operation": "addition",
                  "slot": "legs"
                },
                {
                  "attribute": "minecraft:generic.movement_speed",
                  "name": "",
                  "amount": 0.01,
                  "operation": "addition",
                  "slot": "legs"
                }
              ]
            }
          ]
        },
        {
          "type": "minecraft:item",
          "name": "minecraft:leather_boots",
          "functions": [
            {
              "function": "minecraft:set_nbt",
              "tag": "{Unbreakable:1,HideFlags:64,display:{color:1481884,Name:'[{\"text\":\"Nimble Boots\",\"italic\":false,\"color\":\"dark_aqua\"}]'}}"
            },
            {
              "function": "minecraft:set_attributes",
              "modifiers": [
                {
                  "attribute": "minecraft:generic.movement_speed",
                  "name": "",
                  "amount": 0.02,
                  "operation": "addition",
                  "slot": "feet"
                },
                {
                  "attribute": "minecraft:generic.armor",
                  "name": "",
                  "amount": 2,
                  "operation": "addition",
                  "slot": "feet"
                }
              ]
            }
          ]
        }
      ]
    }
  ]
}
