{
  "type": "minecraft:chest",
  "pools": [
    {
      "rolls": 1,
      "bonus_rolls": 0,
      "entries": [
        {
          "type": "minecraft:item",
          "name": "minecraft:golden_axe",
          "functions": [
            {
              "function": "minecraft:set_nbt",
              "tag": "{Gilded:1b,display:{Name:'[{\"text\":\"Gilded Axe\",\"italic\":false}]'}}"
            }
          ]
        },
        {
          "type": "minecraft:item",
          "name": "minecraft:stone_sword",
          "functions": [
            {
              "function": "minecraft:set_nbt",
              "tag": "{Unbreakable:1,display:{Name:'[{\"text\":\"Tempered Iron Sword\",\"italic\":false}]'}}"
            }
          ]
        },
        {
          "type": "minecraft:item",
          "name": "minecraft:stone_hoe",
          "functions": [
            {
              "function": "minecraft:set_nbt",
              "tag": "{Unbreakable:1,display:{Name:'[{\"text\":\"Tempered Iron Hoe\",\"italic\":false}]'}}"
            }
          ]
        },
        {
          "type": "minecraft:item",
          "name": "minecraft:stone_axe",
          "functions": [
            {
              "function": "minecraft:set_nbt",
              "tag": "{Unbreakable:1,display:{Name:'[{\"text\":\"Tempered Iron Axe\",\"italic\":false}]'}}"
            }
          ]
        },
        {
          "type": "minecraft:item",
          "name": "minecraft:stone_shovel",
          "functions": [
            {
              "function": "minecraft:set_nbt",
              "tag": "{Unbreakable:1,display:{Name:'[{\"text\":\"Tempered Iron Shovel\",\"italic\":false}]'}}"
            }
          ]
        },
        {
          "type": "minecraft:item",
          "name": "minecraft:golden_pickaxe",
          "functions": [
            {
              "function": "minecraft:set_nbt",
              "tag": "{Unbreakable:1,display:{Name:'[{\"text\":\"Hardened Golden Pickaxe\",\"italic\":false}]'}}"
            }
          ]
        },
        {
          "type": "minecraft:item",
          "name": "minecraft:stone_pickaxe",
          "functions": [
            {
              "function": "minecraft:set_nbt",
              "tag": "{Unbreakable:1,display:{Name:'[{\"text\":\"Tempered Iron Pickaxe\",\"italic\":false}]'}}"
            }
          ]
        },
        {
          "type": "minecraft:item",
          "name": "minecraft:iron_pickaxe",
          "functions": [
            {
              "function": "minecraft:set_nbt",
              "tag": "{Gravel:1b,display:{Name:'[{\"text\":\"Blunt Pickaxe\",\"italic\":false}]'}}"
            }
          ]
        }
      ]
    }
  ]
}
