{
  "pools": [
    {
      "rolls": 1,
      "entries": [
        {
          "type": "minecraft:item",
          "name": "minecraft:popped_chorus_fruit",
          "functions": [
            {
              "function": "minecraft:set_nbt",
              "tag": "{CustomModelData:120,display:{Name:'[{\"text\":\"Poison Ring\",\"italic\":false,\"color\":\"yellow\"}]',Lore:['[{\"text\":\"Grants immunity\",\"italic\":false}]','[{\"text\":\"to poison.\",\"italic\":false}]']},HideFlags:65}"
            }
          ]
        },
        {
          "type": "minecraft:item",
          "name": "minecraft:popped_chorus_fruit",
          "functions": [
            {
              "function": "minecraft:set_nbt",
              "tag": "{CustomModelData:122,display:{Name:'[{\"text\":\"Iron Ring\",\"italic\":false,\"color\":\"yellow\"}]',Lore:['[{\"text\":\"Grants resistance\",\"italic\":false}]','[{\"text\":\"to the wearer.\",\"italic\":false}]']}}"
            }
          ]
        },
        {
          "type": "minecraft:item",
          "name": "minecraft:popped_chorus_fruit",
          "functions": [
            {
              "function": "minecraft:set_nbt",
              "tag": "{CustomModelData:123,display:{Name:'[{\"text\":\"Diamond Ring\",\"italic\":false,\"color\":\"yellow\"}]',Lore:['[{\"text\":\"Grants more health\",\"italic\":false}]','[{\"text\":\"to the wearer.\",\"italic\":false}]']}}"
            },
            {
              "function": "minecraft:set_attributes",
              "modifiers": [
                {
                  "attribute": "minecraft:generic.max_health",
                  "name": "",
                  "amount": {
                    "min": 4,
                    "max": 7
                  },
                  "operation": "addition",
                  "id": "c1feb819-f2d3-403f-a0dd-e20a94e37290",
                  "slot": "offhand"
                }
              ]
            }
          ]
        },
        {
          "type": "minecraft:item",
          "name": "minecraft:popped_chorus_fruit",
          "functions": [
            {
              "function": "minecraft:set_nbt",
              "tag": "{CustomModelData:127,display:{Name:'[{\"text\":\"Copper Ring\",\"italic\":false,\"color\":\"yellow\"}]',Lore:['[{\"text\":\"Grants slow falling\",\"italic\":false}]','[{\"text\":\"to the wearer.\",\"italic\":false}]','[{\"text\":\"\",\"italic\":false}]']}} "
            }
          ]
        },
        {
          "type": "minecraft:item",
          "name": "minecraft:popped_chorus_fruit",
          "functions": [
            {
              "function": "minecraft:set_nbt",
              "tag": "{CustomModelData:129,display:{Name:'[{\"text\":\"Gold Ring\",\"italic\":false,\"color\":\"yellow\"}]',Lore:['[{\"text\":\"Grants strength\",\"italic\":false}]','[{\"text\":\"to the wearer.\",\"italic\":false}]','[{\"text\":\"\",\"italic\":false}]']}} "
            }
          ]
        },
        {
          "type": "minecraft:item",
          "name": "minecraft:popped_chorus_fruit",
          "functions": [
            {
              "function": "minecraft:set_nbt",
              "tag": "{CustomModelData:128,display:{Name:'[{\"text\":\"Lapis Lazuli Ring\",\"italic\":false,\"color\":\"yellow\"}]',Lore:['[{\"text\":\"Grants immunity\",\"italic\":false}]','[{\"text\":\"to hunger and\",\"italic\":false}]','[{\"text\":\"nausea.\",\"italic\":false}]']}}"
            }
          ]
        },
        {
          "type": "minecraft:item",
          "name": "minecraft:popped_chorus_fruit",
          "functions": [
            {
              "function": "minecraft:set_nbt",
              "tag": "{CustomModelData:126,display:{Name:'[{\"text\":\"Amethyst Ring\",\"italic\":false,\"color\":\"yellow\"}]',Lore:['[{\"text\":\"Grants haste to\",\"italic\":false}]','[{\"text\":\"the wearer.\",\"italic\":false}]']}}"
            }
          ]
        },
        {
          "type": "minecraft:item",
          "name": "minecraft:popped_chorus_fruit",
          "functions": [
            {
              "function": "minecraft:set_nbt",
              "tag": "{CustomModelData:121,display:{Name:'[{\"text\":\"Ghost Ring\",\"italic\":false,\"color\":\"yellow\"}]',Lore:['[{\"text\":\"Grants the powers\",\"italic\":false}]','[{\"text\":\"of a ghost.\",\"italic\":false}]']},HideFlags:65}"
            }
          ]
        }
      ]
    }
  ]
}
