{
  "pools": [
    {
      "rolls": 1,
      "entries": [
        {
          "type": "minecraft:item",
          "name": "minecraft:shield",
          "functions": [
            {
              "function": "minecraft:set_nbt",
              "tag": "{Unbreakable:1,display:{Name:'[{\"text\":\"Royal Shield\",\"italic\":false,\"color\":\"yellow\"}]',Lore:['[{\"text\":\"Recipe lost to time, this shield was used by royalty.\",\"italic\":false}]']},Enchantments:[{id:\"minecraft:thorns\",lvl:3}],HideFlags:1,BlockEntityTag:{Base:0,Patterns:[{Pattern:ss,Color:15},{Pattern:cbo,Color:11},{Pattern:tts,Color:15},{Pattern:bts,Color:15},{Pattern:mr,Color:11},{Pattern:bo,Color:15},{Pattern:flo,Color:15},{Pattern:mc,Color:3}]}} "
            },
            {
              "function": "minecraft:set_attributes",
              "modifiers": [
                {
                  "attribute": "minecraft:generic.attack_damage",
                  "name": " ",
                  "amount": {
                    "min": 1,
                    "max": 3
                  },
                  "operation": "addition",
                  "slot": "offhand"
                },
                {
                  "attribute": "minecraft:generic.movement_speed",
                  "name": "",
                  "amount": {
                    "min": 0.01,
                    "max": 0.02
                  },
                  "operation": "addition",
                  "slot": "offhand"
                },
                {
                  "attribute": "minecraft:generic.luck",
                  "name": "",
                  "amount": {
                    "min": 1,
                    "max": 2
                  },
                  "operation": "addition",
                  "slot": "offhand"
                }
              ]
            }
          ]
        }
      ]
    }
  ]
}
