{
  "pools": [
    {
      "rolls": 1,
      "entries": [
        {
          "type": "minecraft:item",
          "name": "minecraft:netherite_pickaxe",
          "functions": [
            {
              "function": "minecraft:set_nbt",
              "tag": "{Unbreakable:1,CustomModelData:1234567,display:{Name:'[{\"text\":\"U\",\"italic\":false,\"color\":\"yellow\"},{\"text\":\"ns\",\"color\":\"dark_gray\",\"obfuscated\":true},{\"text\":\"t\",\"color\":\"gold\",\"obfuscated\":false},{\"text\":\"a\",\"color\":\"gold\",\"obfuscated\":true},{\"text\":\"b\",\"color\":\"dark_red\",\"obfuscated\":false},{\"text\":\"l\",\"color\":\"light_purple\",\"obfuscated\":true},{\"text\":\"e\",\"color\":\"light_purple\",\"obfuscated\":false},{\"text\":\" \",\"color\":\"gold\",\"obfuscated\":false},{\"text\":\"P\",\"color\":\"blue\",\"obfuscated\":true},{\"text\":\"i\",\"color\":\"dark_blue\",\"obfuscated\":false},{\"text\":\"c\",\"color\":\"gold\",\"obfuscated\":false},{\"text\":\"k\",\"color\":\"aqua\",\"obfuscated\":true},{\"text\":\"a\",\"color\":\"dark_green\",\"obfuscated\":false},{\"text\":\"x\",\"color\":\"red\",\"obfuscated\":false},{\"text\":\"e\",\"color\":\"red\",\"obfuscated\":true}]'},Enchantments:[{id:efficiency,lvl:8},{id:fire_aspect,lvl:1},{id:fortune,lvl:4}],HideFlags:1}"
            }
          ]
        }
      ]
    }
  ]
}
