[
    {
        "function": "minecraft:set_attributes",
        "modifiers": [
            {
                "attribute": "minecraft:generic.armor",
                "name": "3",
                "amount": 3,
                "operation": "addition",
                "slot": "feet"
            },
            {
                "attribute": "minecraft:generic.armor_toughness",
                "name": "3",
                "amount": 3,
                "operation": "addition",
                "slot": "feet"
            },
            {
                "attribute": "minecraft:generic.knockback_resistance",
                "name": "1",
                "amount": 1,
                "operation": "addition",
                "slot": "feet"
            }
        ]
    },
    {
        "function": "minecraft:set_nbt",
        "tag": "{HideFlags:2}"
    },
    {
        "function": "minecraft:set_lore",
        "entity": "this",
        "lore": [
            {
                "translate": "item_mod.essrpg.vanilla.netherite.boots.lore.0"
            },
            {
                "color": "gray",
                "italic": false,
                "translate": "item_mod.essrpg.vanilla.netherite.boots.lore.1"
            },
            {
                "color": "blue",
                "italic": false,
                "translate": "item_mod.essrpg.vanilla.netherite.boots.lore.2"
            },
            {
                "color": "blue",
                "italic": false,
                "translate": "item_mod.essrpg.vanilla.netherite.boots.lore.3"
            },
            {
                "color": "blue",
                "italic": false,
                "translate": "item_mod.essrpg.vanilla.netherite.boots.lore.4"
            }
        ]
    }
]