{
	"credit": "Made with Blockbench",
	"texture_size": [32, 32],
	"textures": {
		"0": "item/buckler",
		"particle": "item/buckler"
	},
	"elements": [
		{
			"from": [4, 0, 9],
			"to": [12, 8, 10],
			"faces": {
				"north": {"uv": [4, 12, 8, 16], "texture": "#0"},
				"east": {"uv": [3.5, 12, 4, 16], "texture": "#0"},
				"south": {"uv": [0, 12, 4, 16], "texture": "#0"},
				"west": {"uv": [0, 12, 0.5, 16], "texture": "#0"},
				"up": {"uv": [0, 12, 4, 12.5], "texture": "#0"},
				"down": {"uv": [0, 15.5, 4, 16], "texture": "#0"}
			}
		},
		{
			"from": [7, 1, 7],
			"to": [9, 7, 9],
			"faces": {
				"north": {"uv": [8, 10, 9, 13], "texture": "#0"},
				"east": {"uv": [8, 13, 9, 16], "texture": "#0"},
				"south": {"uv": [8, 13, 9, 16], "texture": "#0"},
				"west": {"uv": [8, 13, 9, 16], "texture": "#0"},
				"up": {"uv": [8, 12.5, 9, 13], "texture": "#0"},
				"down": {"uv": [8, 12.5, 9, 13], "texture": "#0"}
			}
		},
		{
			"from": [6, 3, 10],
			"to": [7, 5, 11],
			"faces": {
				"north": {"uv": [1, 13.5, 1.5, 14.5], "texture": "#0"},
				"east": {"uv": [1, 13.5, 1.5, 14.5], "texture": "#0"},
				"south": {"uv": [1, 13.5, 1.5, 14.5], "texture": "#0"},
				"west": {"uv": [1, 13.5, 1.5, 14.5], "texture": "#0"},
				"up": {"uv": [1, 13.5, 1.5, 14], "texture": "#0"},
				"down": {"uv": [1, 14, 1.5, 14.5], "texture": "#0"}
			}
		},
		{
			"from": [9, 3, 10],
			"to": [10, 5, 11],
			"faces": {
				"north": {"uv": [2.5, 13.5, 3, 14.5], "texture": "#0"},
				"east": {"uv": [2.5, 13.5, 3, 14.5], "texture": "#0"},
				"south": {"uv": [2.5, 13.5, 3, 14.5], "texture": "#0"},
				"west": {"uv": [2.5, 13.5, 3, 14.5], "texture": "#0"},
				"up": {"uv": [2.5, 13.5, 3, 14], "texture": "#0"},
				"down": {"uv": [2.5, 14, 3, 14.5], "texture": "#0"}
			}
		},
		{
			"from": [7, 2, 10],
			"to": [9, 6, 11],
			"faces": {
				"north": {"uv": [2.5, 13, 1.5, 15], "texture": "#0"},
				"east": {"uv": [2, 13, 2.5, 15], "texture": "#0"},
				"south": {"uv": [1.5, 13, 2.5, 15], "texture": "#0"},
				"west": {"uv": [1.5, 13, 2, 15], "texture": "#0"},
				"up": {"uv": [1.5, 13, 2.5, 13.5], "texture": "#0"},
				"down": {"uv": [1.5, 14.5, 2.5, 15], "texture": "#0"}
			}
		}
	],
	"gui_light": "front",
	"display": {
		"thirdperson_righthand": {
			"rotation": [37, 152, 0],
			"translation": [1.25, 2, 2.5]
		},
		"thirdperson_lefthand": {
			"rotation": [37, 152, 0],
			"translation": [1.25, 2, 2.5]
		},
		"firstperson_righthand": {
			"rotation": [-15, -180, -19],
			"translation": [-6, 8, 0.25]
		},
		"firstperson_lefthand": {
			"rotation": [-15, -180, -19],
			"translation": [-6, 8, 0.25]
		},
		"ground": {
			"translation": [0, 2, 0],
			"scale": [0.5, 0.5, 0.5]
		},
		"gui": {
			"rotation": [15, -25, -5],
			"translation": [1, 4.5, -1]
		}
	}
}