{
	"credit": "Made with Blockbench",
	"texture_size": [32, 32],
	"textures": {
		"0": "item/diamond_spear"
	},
	"elements": [
		{
			"from": [0, 0, 7.5],
			"to": [2, 1, 8.5],
			"faces": {
				"north": {"uv": [1, 15.5, 0, 16], "texture": "#0"},
				"east": {"uv": [0.5, 15.5, 1, 16], "texture": "#0"},
				"south": {"uv": [0, 15.5, 1, 16], "texture": "#0"},
				"west": {"uv": [0, 15.5, 0.5, 16], "texture": "#0"},
				"up": {"uv": [0, 15.5, 1, 16], "texture": "#0"},
				"down": {"uv": [0, 15.5, 1, 16], "texture": "#0"}
			}
		},
		{
			"from": [0, 1, 7.5],
			"to": [3, 2, 8.5],
			"faces": {
				"north": {"uv": [1.5, 15, 0, 15.5], "texture": "#0"},
				"east": {"uv": [1, 15, 1.5, 15.5], "texture": "#0"},
				"south": {"uv": [0, 15, 1.5, 15.5], "texture": "#0"},
				"west": {"uv": [0, 15, 0.5, 15.5], "texture": "#0"},
				"up": {"uv": [0, 15, 1.5, 15.5], "texture": "#0"},
				"down": {"uv": [0, 15, 1.5, 15.5], "texture": "#0"}
			}
		},
		{
			"from": [1, 2, 7.5],
			"to": [4, 3, 8.5],
			"faces": {
				"north": {"uv": [2, 14.5, 0.5, 15], "texture": "#0"},
				"east": {"uv": [1.5, 14.5, 2, 15], "texture": "#0"},
				"south": {"uv": [0.5, 14.5, 2, 15], "texture": "#0"},
				"west": {"uv": [0.5, 14.5, 1, 15], "texture": "#0"},
				"up": {"uv": [0.5, 14.5, 2, 15], "texture": "#0"},
				"down": {"uv": [0.5, 14.5, 2, 15], "texture": "#0"}
			}
		},
		{
			"from": [2, 3, 7.5],
			"to": [5, 4, 8.5],
			"faces": {
				"north": {"uv": [2.5, 14, 1, 14.5], "texture": "#0"},
				"east": {"uv": [2, 14, 2.5, 14.5], "texture": "#0"},
				"south": {"uv": [1, 14, 2.5, 14.5], "texture": "#0"},
				"west": {"uv": [1, 14, 1.5, 14.5], "texture": "#0"},
				"up": {"uv": [1, 14, 2.5, 14.5], "texture": "#0"},
				"down": {"uv": [1, 14, 2.5, 14.5], "texture": "#0"}
			}
		},
		{
			"from": [3, 4, 7.5],
			"to": [6, 5, 8.5],
			"faces": {
				"north": {"uv": [3, 13.5, 1.5, 14], "texture": "#0"},
				"east": {"uv": [2.5, 13.5, 3, 14], "texture": "#0"},
				"south": {"uv": [1.5, 13.5, 3, 14], "texture": "#0"},
				"west": {"uv": [1.5, 13.5, 2, 14], "texture": "#0"},
				"up": {"uv": [1.5, 13.5, 3, 14], "texture": "#0"},
				"down": {"uv": [1.5, 13.5, 3, 14], "texture": "#0"}
			}
		},
		{
			"from": [4, 5, 7.5],
			"to": [7, 6, 8.5],
			"faces": {
				"north": {"uv": [3.5, 13, 2, 13.5], "texture": "#0"},
				"east": {"uv": [3, 13, 3.5, 13.5], "texture": "#0"},
				"south": {"uv": [2, 13, 3.5, 13.5], "texture": "#0"},
				"west": {"uv": [2, 13, 2.5, 13.5], "texture": "#0"},
				"up": {"uv": [2, 13, 3.5, 13.5], "texture": "#0"},
				"down": {"uv": [2, 13, 3.5, 13.5], "texture": "#0"}
			}
		},
		{
			"from": [5, 6, 7.5],
			"to": [8, 7, 8.5],
			"faces": {
				"north": {"uv": [4, 12.5, 2.5, 13], "texture": "#0"},
				"east": {"uv": [3.5, 12.5, 4, 13], "texture": "#0"},
				"south": {"uv": [2.5, 12.5, 4, 13], "texture": "#0"},
				"west": {"uv": [2.5, 12.5, 3, 13], "texture": "#0"},
				"up": {"uv": [2.5, 12.5, 4, 13], "texture": "#0"},
				"down": {"uv": [2.5, 12.5, 4, 13], "texture": "#0"}
			}
		},
		{
			"from": [6, 7, 7.5],
			"to": [9, 8, 8.5],
			"faces": {
				"north": {"uv": [4.5, 12, 3, 12.5], "texture": "#0"},
				"east": {"uv": [4, 12, 4.5, 12.5], "texture": "#0"},
				"south": {"uv": [3, 12, 4.5, 12.5], "texture": "#0"},
				"west": {"uv": [3, 12, 3.5, 12.5], "texture": "#0"},
				"up": {"uv": [3, 12, 4.5, 12.5], "texture": "#0"},
				"down": {"uv": [3, 12, 4.5, 12.5], "texture": "#0"}
			}
		},
		{
			"from": [7, 8, 7.5],
			"to": [10, 9, 8.5],
			"faces": {
				"north": {"uv": [5, 11.5, 3.5, 12], "texture": "#0"},
				"east": {"uv": [4.5, 11.5, 5, 12], "texture": "#0"},
				"south": {"uv": [3.5, 11.5, 5, 12], "texture": "#0"},
				"west": {"uv": [3.5, 11.5, 4, 12], "texture": "#0"},
				"up": {"uv": [3.5, 11.5, 5, 12], "texture": "#0"},
				"down": {"uv": [3.5, 11.5, 5, 12], "texture": "#0"}
			}
		},
		{
			"from": [8, 9, 7.5],
			"to": [11, 10, 8.5],
			"faces": {
				"north": {"uv": [5.5, 11, 4, 11.5], "texture": "#0"},
				"east": {"uv": [5, 11, 5.5, 11.5], "texture": "#0"},
				"south": {"uv": [4, 11, 5.5, 11.5], "texture": "#0"},
				"west": {"uv": [4, 11, 4.5, 11.5], "texture": "#0"},
				"up": {"uv": [4, 11, 5.5, 11.5], "texture": "#0"},
				"down": {"uv": [4, 11, 5.5, 11.5], "texture": "#0"}
			}
		},
		{
			"from": [9, 10, 7.5],
			"to": [12, 11, 8.5],
			"faces": {
				"north": {"uv": [6, 10.5, 4.5, 11], "texture": "#0"},
				"east": {"uv": [5.5, 10.5, 6, 11], "texture": "#0"},
				"south": {"uv": [4.5, 10.5, 6, 11], "texture": "#0"},
				"west": {"uv": [4.5, 10.5, 5, 11], "texture": "#0"},
				"up": {"uv": [4.5, 10.5, 6, 11], "texture": "#0"},
				"down": {"uv": [4.5, 10.5, 6, 11], "texture": "#0"}
			}
		},
		{
			"from": [10, 11, 7.5],
			"to": [13, 12, 8.5],
			"faces": {
				"north": {"uv": [6.5, 10, 5, 10.5], "texture": "#0"},
				"east": {"uv": [6, 10, 6.5, 10.5], "texture": "#0"},
				"south": {"uv": [5, 10, 6.5, 10.5], "texture": "#0"},
				"west": {"uv": [5, 10, 5.5, 10.5], "texture": "#0"},
				"up": {"uv": [5, 10, 6.5, 10.5], "texture": "#0"},
				"down": {"uv": [5, 10, 6.5, 10.5], "texture": "#0"}
			}
		},
		{
			"from": [11, 12, 7.5],
			"to": [14, 13, 8.5],
			"faces": {
				"north": {"uv": [7, 9.5, 5.5, 10], "texture": "#0"},
				"east": {"uv": [6.5, 9.5, 7, 10], "texture": "#0"},
				"south": {"uv": [5.5, 9.5, 7, 10], "texture": "#0"},
				"west": {"uv": [5.5, 9.5, 6, 10], "texture": "#0"},
				"up": {"uv": [5.5, 9.5, 7, 10], "texture": "#0"},
				"down": {"uv": [5.5, 9.5, 7, 10], "texture": "#0"}
			}
		},
		{
			"from": [12, 13, 7.5],
			"to": [15, 14, 8.5],
			"faces": {
				"north": {"uv": [7.5, 9, 6, 9.5], "texture": "#0"},
				"east": {"uv": [7, 9, 7.5, 9.5], "texture": "#0"},
				"south": {"uv": [6, 9, 7.5, 9.5], "texture": "#0"},
				"west": {"uv": [6, 9, 6.5, 9.5], "texture": "#0"},
				"up": {"uv": [6, 9, 7.5, 9.5], "texture": "#0"},
				"down": {"uv": [6, 9, 7.5, 9.5], "texture": "#0"}
			}
		},
		{
			"from": [13, 14, 7.5],
			"to": [16, 15, 8.5],
			"faces": {
				"north": {"uv": [8, 8.5, 6.5, 9], "texture": "#0"},
				"east": {"uv": [7.5, 8.5, 8, 9], "texture": "#0"},
				"south": {"uv": [6.5, 8.5, 8, 9], "texture": "#0"},
				"west": {"uv": [6.5, 8.5, 7, 9], "texture": "#0"},
				"up": {"uv": [6.5, 8.5, 8, 9], "texture": "#0"},
				"down": {"uv": [6.5, 8.5, 8, 9], "texture": "#0"}
			}
		},
		{
			"from": [14, 15, 7.5],
			"to": [17, 16, 8.5],
			"faces": {
				"north": {"uv": [8.5, 8, 7, 8.5], "texture": "#0"},
				"east": {"uv": [8, 8, 8.5, 8.5], "texture": "#0"},
				"south": {"uv": [7, 8, 8.5, 8.5], "texture": "#0"},
				"west": {"uv": [7, 8, 7.5, 8.5], "texture": "#0"},
				"up": {"uv": [7, 8, 8.5, 8.5], "texture": "#0"},
				"down": {"uv": [7, 8, 8.5, 8.5], "texture": "#0"}
			}
		},
		{
			"from": [15, 16, 7.5],
			"to": [18, 17, 8.5],
			"faces": {
				"north": {"uv": [9, 7.5, 7.5, 8], "texture": "#0"},
				"east": {"uv": [8.5, 7.5, 9, 8], "texture": "#0"},
				"south": {"uv": [7.5, 7.5, 9, 8], "texture": "#0"},
				"west": {"uv": [7.5, 7.5, 8, 8], "texture": "#0"},
				"up": {"uv": [7.5, 7.5, 9, 8], "texture": "#0"},
				"down": {"uv": [7.5, 7.5, 9, 8], "texture": "#0"}
			}
		},
		{
			"from": [16, 17, 7.5],
			"to": [19, 18, 8.5],
			"faces": {
				"north": {"uv": [9.5, 7, 8, 7.5], "texture": "#0"},
				"east": {"uv": [9, 7, 9.5, 7.5], "texture": "#0"},
				"south": {"uv": [8, 7, 9.5, 7.5], "texture": "#0"},
				"west": {"uv": [8, 7, 8.5, 7.5], "texture": "#0"},
				"up": {"uv": [8, 7, 9.5, 7.5], "texture": "#0"},
				"down": {"uv": [8, 7, 9.5, 7.5], "texture": "#0"}
			}
		},
		{
			"from": [17, 18, 7.5],
			"to": [20, 19, 8.5],
			"faces": {
				"north": {"uv": [10, 6.5, 8.5, 7], "texture": "#0"},
				"east": {"uv": [9.5, 6.5, 10, 7], "texture": "#0"},
				"south": {"uv": [8.5, 6.5, 10, 7], "texture": "#0"},
				"west": {"uv": [8.5, 6.5, 9, 7], "texture": "#0"},
				"up": {"uv": [8.5, 6.5, 10, 7], "texture": "#0"},
				"down": {"uv": [8.5, 6.5, 10, 7], "texture": "#0"}
			}
		},
		{
			"from": [18, 19, 7.5],
			"to": [21, 20, 8.5],
			"faces": {
				"north": {"uv": [10.5, 6, 9, 6.5], "texture": "#0"},
				"east": {"uv": [10, 6, 10.5, 6.5], "texture": "#0"},
				"south": {"uv": [9, 6, 10.5, 6.5], "texture": "#0"},
				"west": {"uv": [9, 6, 9.5, 6.5], "texture": "#0"},
				"up": {"uv": [9, 6, 10.5, 6.5], "texture": "#0"},
				"down": {"uv": [9, 6, 10.5, 6.5], "texture": "#0"}
			}
		},
		{
			"from": [19, 20, 7.5],
			"to": [22, 21, 8.5],
			"faces": {
				"north": {"uv": [11, 5.5, 9.5, 6], "texture": "#0"},
				"east": {"uv": [10.5, 5.5, 11, 6], "texture": "#0"},
				"south": {"uv": [9.5, 5.5, 11, 6], "texture": "#0"},
				"west": {"uv": [9.5, 5.5, 10, 6], "texture": "#0"},
				"up": {"uv": [9.5, 5.5, 11, 6], "texture": "#0"},
				"down": {"uv": [9.5, 5.5, 11, 6], "texture": "#0"}
			}
		},
		{
			"from": [20, 21, 7.5],
			"to": [23, 22, 8.5],
			"faces": {
				"north": {"uv": [11.5, 5, 10, 5.5], "texture": "#0"},
				"east": {"uv": [11, 5, 11.5, 5.5], "texture": "#0"},
				"south": {"uv": [10, 5, 11.5, 5.5], "texture": "#0"},
				"west": {"uv": [10, 5, 10.5, 5.5], "texture": "#0"},
				"up": {"uv": [10, 5, 11.5, 5.5], "texture": "#0"},
				"down": {"uv": [10, 5, 11.5, 5.5], "texture": "#0"}
			}
		},
		{
			"from": [21, 22, 7.5],
			"to": [24, 23, 8.5],
			"faces": {
				"north": {"uv": [12, 4.5, 10.5, 5], "texture": "#0"},
				"east": {"uv": [11.5, 4.5, 12, 5], "texture": "#0"},
				"south": {"uv": [10.5, 4.5, 12, 5], "texture": "#0"},
				"west": {"uv": [10.5, 4.5, 11, 5], "texture": "#0"},
				"up": {"uv": [10.5, 4.5, 12, 5], "texture": "#0"},
				"down": {"uv": [10.5, 4.5, 12, 5], "texture": "#0"}
			}
		},
		{
			"from": [22, 23, 7.5],
			"to": [26, 24, 8.5],
			"faces": {
				"north": {"uv": [13, 4, 11, 4.5], "texture": "#0"},
				"east": {"uv": [12.5, 4, 13, 4.5], "texture": "#0"},
				"south": {"uv": [11, 4, 13, 4.5], "texture": "#0"},
				"west": {"uv": [11, 4, 11.5, 4.5], "texture": "#0"},
				"up": {"uv": [11, 4, 13, 4.5], "texture": "#0"},
				"down": {"uv": [11, 4, 13, 4.5], "texture": "#0"}
			}
		},
		{
			"from": [23, 25, 7.5],
			"to": [27, 26, 8.5],
			"faces": {
				"north": {"uv": [13.5, 3, 11.5, 3.5], "texture": "#0"},
				"east": {"uv": [13, 3, 13.5, 3.5], "texture": "#0"},
				"south": {"uv": [11.5, 3, 13.5, 3.5], "texture": "#0"},
				"west": {"uv": [11.5, 3, 12, 3.5], "texture": "#0"},
				"up": {"uv": [11.5, 3, 13.5, 3.5], "texture": "#0"},
				"down": {"uv": [11.5, 3, 13.5, 3.5], "texture": "#0"}
			}
		},
		{
			"from": [23, 24, 7.5],
			"to": [26, 25, 8.5],
			"faces": {
				"north": {"uv": [13, 3.5, 11.5, 4], "texture": "#0"},
				"east": {"uv": [12.5, 3.5, 13, 4], "texture": "#0"},
				"south": {"uv": [11.5, 3.5, 13, 4], "texture": "#0"},
				"west": {"uv": [11.5, 3.5, 12, 4], "texture": "#0"},
				"up": {"uv": [11.5, 3.5, 13, 4], "texture": "#0"},
				"down": {"uv": [11.5, 3.5, 13, 4], "texture": "#0"}
			}
		},
		{
			"from": [25, 26, 7.5],
			"to": [28, 27, 8.5],
			"faces": {
				"north": {"uv": [14, 2.5, 12.5, 3], "texture": "#0"},
				"east": {"uv": [13.5, 2.5, 14, 3], "texture": "#0"},
				"south": {"uv": [12.5, 2.5, 14, 3], "texture": "#0"},
				"west": {"uv": [13, 2.5, 12.5, 3], "texture": "#0"},
				"up": {"uv": [12.5, 2.5, 14, 3], "texture": "#0"},
				"down": {"uv": [12.5, 2.5, 14, 3], "texture": "#0"}
			}
		},
		{
			"from": [26, 27, 7.5],
			"to": [29, 28, 8.5],
			"faces": {
				"north": {"uv": [14.5, 2, 13, 2.5], "texture": "#0"},
				"east": {"uv": [14, 2, 14.5, 2.5], "texture": "#0"},
				"south": {"uv": [13, 2, 14.5, 2.5], "texture": "#0"},
				"west": {"uv": [13, 2, 13.5, 2.5], "texture": "#0"},
				"up": {"uv": [13, 2, 14.5, 2.5], "texture": "#0"},
				"down": {"uv": [13, 2, 14.5, 2.5], "texture": "#0"}
			}
		},
		{
			"from": [27, 28, 7.5],
			"to": [30, 29, 8.5],
			"faces": {
				"north": {"uv": [15, 1.5, 13.5, 2], "texture": "#0"},
				"east": {"uv": [14.5, 1.5, 15, 2], "texture": "#0"},
				"south": {"uv": [13.5, 1.5, 15, 2], "texture": "#0"},
				"west": {"uv": [13.5, 1.5, 14, 2], "texture": "#0"},
				"up": {"uv": [13.5, 1.5, 15, 2], "texture": "#0"},
				"down": {"uv": [13.5, 1.5, 15, 2], "texture": "#0"}
			}
		},
		{
			"from": [28, 29, 7.5],
			"to": [31, 30, 8.5],
			"faces": {
				"north": {"uv": [15.5, 1, 14, 1.5], "texture": "#0"},
				"east": {"uv": [15, 1, 15.5, 1.5], "texture": "#0"},
				"south": {"uv": [14, 1, 15.5, 1.5], "texture": "#0"},
				"west": {"uv": [14, 1, 14.5, 1.5], "texture": "#0"},
				"up": {"uv": [14, 1, 15.5, 1.5], "texture": "#0"},
				"down": {"uv": [14, 1, 15.5, 1.5], "texture": "#0"}
			}
		},
		{
			"from": [29, 30, 7.5],
			"to": [32, 31, 8.5],
			"faces": {
				"north": {"uv": [16, 0.5, 14.5, 1], "texture": "#0"},
				"east": {"uv": [15.5, 0.5, 16, 1], "texture": "#0"},
				"south": {"uv": [14.5, 0.5, 16, 1], "texture": "#0"},
				"west": {"uv": [14.5, 0.5, 15, 1], "texture": "#0"},
				"up": {"uv": [14.5, 0.5, 16, 1], "texture": "#0"},
				"down": {"uv": [14.5, 0.5, 16, 1], "texture": "#0"}
			}
		},
		{
			"from": [30, 31, 7.5],
			"to": [32, 32, 8.5],
			"faces": {
				"north": {"uv": [16, 0, 15, 0.5], "texture": "#0"},
				"east": {"uv": [15.5, 0, 16, 0.5], "texture": "#0"},
				"south": {"uv": [15, 0, 16, 0.5], "texture": "#0"},
				"west": {"uv": [15, 0, 15.5, 0.5], "texture": "#0"},
				"up": {"uv": [15, 0, 16, 0.5], "texture": "#0"},
				"down": {"uv": [15, 0, 16, 0.5], "texture": "#0"}
			}
		}
	],
	"gui_light": "front",
	"display": {
		"thirdperson_righthand": {
			"rotation": [0, -90, 55],
			"translation": [0, -11, 3.25],
			"scale": [0.85, 0.85, 0.85]
		},
		"thirdperson_lefthand": {
			"rotation": [0, 90, -55],
			"translation": [0, -10, 3.25],
			"scale": [0.85, 0.85, 0.85]
		},
		"firstperson_righthand": {
			"rotation": [0, -90, 25],
			"translation": [1.13, -8.05, -2.62],
			"scale": [0.68, 0.68, 0.68]
		},
		"firstperson_lefthand": {
			"rotation": [0, 90, -25],
			"translation": [1.13, -8.05, -2.62],
			"scale": [0.68, 0.68, 0.68]
		},
		"ground": {
			"translation": [0, 2, 0],
			"scale": [0.5, 0.5, 0.5]
		},
		"gui": {
			"translation": [-4, -4, 0],
			"scale": [0.5, 0.5, 0.5]
		},
		"head": {
			"rotation": [0, -90, 135],
			"translation": [0, -5.5, 24],
			"scale": [2, 2, 2]
		},
		"fixed": {
			"rotation": [0, -180, 0],
			"translation": [4, -4, 0],
			"scale": [0.5, 0.5, 0.5]
		}
	}
}