{
	"parent": "item/handheld",
	"textures": {
		"layer0": "item/netherite_sword"
	},
	"overrides": [
		{
			"predicate": {
				"custom_model_data": 10000
			},
			"model": "item/netherite_rapier"
		},
		{
			"predicate": {
				"custom_model_data": 10001
			},
			"model": "item/netherite_greatsword"
		},
		{
			"predicate": {
				"custom_model_data": 10002
			},
			"model": "item/netherite_saber"
		},
		{
			"predicate": {
				"custom_model_data": 10003
			},
			"model": "item/netherite_katana"
		},
		{
			"predicate": {
				"custom_model_data": 10004
			},
			"model": "item/netherite_longsword"
		},
		{
			"predicate": {
				"custom_model_data": 10005
			},
			"model": "item/netherite_dagger"
		},
		{
			"predicate": {
				"custom_model_data": 10006
			},
			"model": "item/netherite_greataxe"
		},
		{
			"predicate": {
				"custom_model_data": 10007
			},
			"model": "item/netherite_spear"
		}
	]
}