{
	"credit": "Made with Blockbench",
	"texture_size": [64, 64],
	"textures": {
		"0": "item/towershield",
		"particle": "item/towershield"
	},
	"elements": [
		{
			"from": [0, -8.5, 9],
			"to": [16, 23.5, 10],
			"faces": {
				"north": {"uv": [0.25, 0.25, 4.25, 8.25], "texture": "#0"},
				"east": {"uv": [0, 0.25, 0.25, 8.25], "texture": "#0"},
				"south": {"uv": [4.5, 0.25, 8.5, 8.25], "texture": "#0"},
				"west": {"uv": [4.25, 0.25, 4.5, 8.25], "texture": "#0"},
				"up": {"uv": [4.25, 0.25, 0.25, 0], "texture": "#0"},
				"down": {"uv": [8.25, 0, 4.25, 0.25], "texture": "#0"}
			}
		},
		{
			"from": [3, 4.5, 3],
			"to": [5, 10.5, 9],
			"faces": {
				"north": {"uv": [1.5, 9.75, 2, 11.25], "texture": "#0"},
				"east": {"uv": [0, 9.75, 1.5, 11.25], "texture": "#0"},
				"south": {"uv": [3.5, 9.75, 4, 11.25], "texture": "#0"},
				"west": {"uv": [2, 9.75, 3.5, 11.25], "texture": "#0"},
				"up": {"uv": [2, 9.75, 1.5, 8.25], "texture": "#0"},
				"down": {"uv": [2.5, 8.25, 2, 9.75], "texture": "#0"}
			}
		},
		{
			"from": [11, 4.5, 3],
			"to": [13, 10.5, 9],
			"faces": {
				"north": {"uv": [1.5, 9.75, 2, 11.25], "texture": "#0"},
				"east": {"uv": [0, 9.75, 1.5, 11.25], "texture": "#0"},
				"south": {"uv": [3.5, 9.75, 4, 11.25], "texture": "#0"},
				"west": {"uv": [2, 9.75, 3.5, 11.25], "texture": "#0"},
				"up": {"uv": [2, 9.75, 1.5, 8.25], "texture": "#0"},
				"down": {"uv": [2.5, 8.25, 2, 9.75], "texture": "#0"}
			}
		}
	],
	"gui_light": "front",
	"display": {
		"thirdperson_righthand": {
			"rotation": [43, 152, 0],
			"translation": [2, 3.25, -2]
		},
		"thirdperson_lefthand": {
			"rotation": [43, 152, 0],
			"translation": [2, 3.25, -2]
		},
		"firstperson_righthand": {
			"rotation": [0, -180, -4],
			"translation": [-1.5, -0.75, 0.5]
		},
		"firstperson_lefthand": {
			"rotation": [0, -180, -4],
			"translation": [-1.5, -0.75, 0.5]
		},
		"ground": {
			"translation": [0, 2, 0],
			"scale": [0.5, 0.5, 0.5]
		},
		"gui": {
			"rotation": [11, -22, -6],
			"translation": [0, 0.3, 0],
			"scale": [0.45, 0.45, 0.45]
		},
		"head": {
			"rotation": [0, 180, 0],
			"translation": [0, 13, 7]
		},
		"fixed": {
			"rotation": [0, 180, 0]
		}
	}
}