[
    {
        "function": "minecraft:set_attributes",
        "modifiers": [
            {
                "attribute": "minecraft:generic.attack_damage",
                "name": "minecraft:generic.attack_damage",
                "amount": 0.5,
                "operation": "multiply_total",
                "slot": "mainhand"
            },
            {
                "attribute": "minecraft:generic.attack_damage",
                "name": "minecraft:generic.attack_damage",
                "amount": 0.15,
                "operation": "multiply_total",
                "slot": "offhand"
            }
        ]
    },
    {
        "function": "minecraft:set_lore",
        "entity": "this",
        "lore": [
            {
                "color": "gray",
                "italic": true,
                "translate": "item_mod.essrpg.fight.fmaxhoetool.1.lore.0"
            },
            {
                "color": "red",
                "italic": true,
                "translate": "item_mod.essrpg.fight.fmaxhoetool.1.lore.1"
            },
            {
                "color": "red",
                "italic": true,
                "translate": "item_mod.essrpg.fight.fmaxhoetool.1.lore.2"
            },
            {
                "color": "red",
                "italic": true,
                "translate": "item_mod.essrpg.fight.fmaxhoetool.1.lore.3"
            },
            {
                "color": "red",
                "italic": true,
                "translate": "item_mod.essrpg.fight.fmaxhoetool.1.lore.4"
            }
        ]
    }
]