{
    "pools": [
      {
        "rolls": 1,
        "entries": [
          {
            "type": "minecraft:loot_table",
            "name": "essences:item/relic/swarmers/vindicus"
          },
          {
            "type": "minecraft:loot_table",
            "name": "essences:item/relic/accelerator"
          },
          {
            "type": "minecraft:loot_table",
            "name": "essences:item/relic/ballista"
          },
          {
            "type": "minecraft:loot_table",
            "name": "essences:item/relic/bash"
          },
          {
            "type": "minecraft:loot_table",
            "name": "essences:item/relic/bold"
          },
          {
            "type": "minecraft:loot_table",
            "name": "essences:item/relic/graverobber"
          }
        ]
      }
    ]
  }