{
    "pools": [
      {
        "rolls": 1,
        "entries": [
          {
            "type": "minecraft:loot_table",
            "name": "essences:item/relic/enlightener"
          },
          {
            "type": "minecraft:loot_table",
            "name": "essences:item/relic/hand_of_formation"
          },
          {
            "type": "minecraft:loot_table",
            "name": "essences:item/relic/steelsong_brew"
          },
          {
            "type": "minecraft:loot_table",
            "name": "essences:item/relic/bash"
          },
          {
            "type": "minecraft:loot_table",
            "name": "essences:item/relic/mark_of_purity"
          }
        ]
      }
    ]
  }