{
    "type": "minecraft:crafting_shaped",
    "pattern": [
        "nRn",
        "NAN",
        "NAN"
    ],
    "key": {
        "n": {
            "item": "minecraft:netherite_ingot"
        },
        "R": {
            "item": "minecraft:red_wool"
        },
        "N": {
            "item": "minecraft:netherite_scrap"
        },
        "A": {
            "item": "minecraft:amethyst_shard"
        }
    },
    "result": {
        "item": "minecraft:structure_void",
        "count": 1
    }
}