[
    {
        "function": "minecraft:set_attributes",
        "modifiers": [
            {
                "attribute": "minecraft:generic.armor",
                "name": "vanilla",
                "amount": 1,
                "operation": "addition",
                "slot": "head"
            }
        ]
    },
    {
        "function": "minecraft:set_nbt",
        "tag": "{HideFlags:2}"
    },
    {
        "function": "minecraft:set_lore",
        "entity": "this",
        "lore": [
            {
                "translate": "item_mod.essrpg.vanilla.woodleather.helmet.lore.0"
            },
            {
                "color": "gray",
                "italic": false,
                "translate": "item_mod.essrpg.vanilla.woodleather.helmet.lore.1"
            },
            {
                "color": "blue",
                "italic": false,
                "translate": "item_mod.essrpg.vanilla.woodleather.helmet.lore.2"
            }
        ]
    }
]