{
	"textures": {
		"particle": "minecraft:entity/lead_knot",
		"texture": "minecraft:entity/lead_knot",
		"texture1": "comforts:block/nail"
	},
	"elements": [ 	 
		{
			"__comment": "Box7",
			"from": [ 7.5, 5.625, 1 ],
			"to": [ 8.5, 7.625, 3 ],
			"faces": {
				"down": { "uv": [ 1, 3, 3, 4 ], "texture": "#texture1", "rotation": 270 },
				"up": { "uv": [ 1, 0, 3, 1 ], "texture": "#texture1", "rotation": 90 },
				"north": { "uv": [ 0, 1, 1, 3 ], "texture": "#texture1" },
				"south": { "uv": [ 3, 1, 4, 3 ], "texture": "#texture1" },
				"west": { "uv": [ 1, 1, 3, 3 ], "texture": "#texture1" },
				"east": { "uv": [ 1, 1, 3, 3 ], "texture": "#texture1", "rotation": 270 }
			}
		},
		{
			"__comment": "Box5",
			"from": [ 6.5, 0, 0.5 ],
			"to": [ 9.5, 5, 3.5 ],
			"faces": {
				"down": { "uv": [ 3.5, 0.5, 5, 2 ], "texture": "#texture" },
				"up": { "uv": [ 5, 2, 3.5, 0.5 ], "texture": "#texture" },
				"north": { "uv": [ 7, 5.5, 5.5, 3 ], "texture": "#texture", "rotation": 180 },
				"south": { "uv": [ 8.5, 3, 10, 5.5 ], "texture": "#texture" },
				"west": { "uv": [ 7, 3, 8.5, 5.5 ], "texture": "#texture" },
				"east": { "uv": [ 4, 3, 5.5, 5.5 ], "texture": "#texture" }
			}
		},
		{
			"__comment": "Box3",
			"from": [ 6.5, 5, 1.5 ],
			"to": [ 7.5, 7, 2.5 ],
			"faces": {
				"down": { "uv": [ 7.5, 11.5, 8.5, 12.5 ], "texture": "#texture" },
				"up": { "uv": [ 5, 12, 4.5, 11.5 ], "texture": "#texture" },
				"north": { "uv": [ 10, 6, 9, 5.5 ], "texture": "#texture", "rotation": 90 },
				"south": { "uv": [ 7.5, 4, 8.5, 4.5 ], "texture": "#texture", "rotation": 90 },
				"west": { "uv": [ 9.5, 4.5, 10.5, 5 ], "texture": "#texture", "rotation": 270 },
				"east": { "uv": [ 7.5, 5.5, 8.5, 6 ], "texture": "#texture", "rotation": 270 }
			}
		},
		{
			"__comment": "Box7",
			"from": [ 7.5, 6.125, 0 ],
			"to": [ 8.5, 7.125, 1 ],
			"faces": {
				"down": { "uv": [ 1, 3, 2, 4 ], "texture": "#texture1" },
				"up": { "uv": [ 2, 2, 3, 3 ], "texture": "#texture1" },
				"north": { "uv": [ 1, 3, 2, 4 ], "texture": "#texture1" },
				"south": { "uv": [ 7.5, 8.875, 8.5, 9.875 ], "texture": "#texture1" },
				"west": { "uv": [ 1, 2, 2, 3 ], "texture": "#texture1" },
				"east": { "uv": [ 1, 2, 2, 3 ], "texture": "#texture1" }
			}
		},
		{
			"__comment": "Box3",
			"from": [ 8.5, 5, 1.5 ],
			"to": [ 9.5, 7, 2.5 ],
			"faces": {
				"down": { "uv": [ 7.5, 11.5, 8.5, 12.5 ], "texture": "#texture" },
				"up": { "uv": [ 3.5, 10.5, 3, 10 ], "texture": "#texture" },
				"north": { "uv": [ 11, 5.5, 10, 5 ], "texture": "#texture", "rotation": 270 },
				"south": { "uv": [ 11, 4, 12, 4.5 ], "texture": "#texture", "rotation": 270 },
				"west": { "uv": [ 11, 4.5, 12, 5 ], "texture": "#texture", "rotation": 90 },
				"east": { "uv": [ 9.5, 5.5, 10.5, 6 ], "texture": "#texture", "rotation": 270 }
			}
		}
	]
}