{
	"render_type": "translucent",
	"textures": {
		"particle": "minecraft:entity/lead_knot",
		"texture": "minecraft:entity/lead_knot",
		"texture1": "comforts:block/nail",
		"texture2": "comforts:block/rope_base"
	},
	"elements": [ 	 
		{
			"__comment": "Box3",
			"from": [ 7.5, 4.5, 5.875 ],
			"to": [ 8.5, 5.5, 9.875 ],
			"rotation": { "origin": [ 7.5, 4.5, 5.875 ], "axis": "x", "angle": 22.5 },
			"faces": {
				"down": { "uv": [ 0, 5, 2.5, 5.5 ], "texture": "#texture", "rotation": 90 },
				"up": { "uv": [ 0, 4, 2.5, 4.5 ], "texture": "#texture", "rotation": 90 },
				"north": { "uv": [ 7.5, 11.5, 8.5, 12.5 ], "texture": "#texture" },
				"south": { "uv": [ 7.5, 11.5, 8.5, 12.5 ], "texture": "#texture" },
				"west": { "uv": [ 0, 4.5, 2.5, 5 ], "texture": "#texture" },
				"east": { "uv": [ 0, 5.5, 2.5, 6 ], "texture": "#texture" }
			}
		},
		{
			"__comment": "PlaneY4",
			"from": [ 0, 3.1365, 9.527699 ],
			"to": [ 16, 3.1375, 16.5277 ],
			"rotation": { "origin": [ 0, 3.125, 9.5 ], "axis": "x", "angle": 22.5 },
			"faces": {
				"down": { "uv": [ 0, 16, 16, 9 ], "texture": "#texture2" },
				"up": { "uv": [ 0, 9, 16, 16 ], "texture": "#texture2" }
			}
		},
		{
			"__comment": "Box5",
			"from": [ 7, 2.6189, 9.3061 ],
			"to": [ 9, 4.6189, 11.3061 ],
			"rotation": { "origin": [ 7, 2.625, 9.125 ], "axis": "x", "angle": 22.5 },
			"faces": {
				"down": { "uv": [ 5.5, 5, 6.5, 6 ], "texture": "#texture", "rotation": 180 },
				"up": { "uv": [ 7, 4, 8, 5 ], "texture": "#texture" },
				"north": { "uv": [ 4, 1, 5, 2 ], "texture": "#texture" },
				"south": { "uv": [ 4, 1, 5, 2 ], "texture": "#texture" },
				"west": { "uv": [ 4.5, 4, 5.5, 5 ], "texture": "#texture", "rotation": 270 },
				"east": { "uv": [ 4, 3, 5, 4 ], "texture": "#texture", "rotation": 90 }
			}
		},
		{
			"__comment": "Box7",
			"from": [ 7.5, 5.625, 1 ],
			"to": [ 8.5, 7.625, 3 ],
			"faces": {
				"down": { "uv": [ 1, 3, 3, 4 ], "texture": "#texture1", "rotation": 270 },
				"up": { "uv": [ 1, 0, 3, 1 ], "texture": "#texture1", "rotation": 90 },
				"north": { "uv": [ 0, 1, 1, 3 ], "texture": "#texture1" },
				"south": { "uv": [ 3, 1, 4, 3 ], "texture": "#texture1" },
				"west": { "uv": [ 1, 1, 3, 3 ], "texture": "#texture1" },
				"east": { "uv": [ 1, 1, 3, 3 ], "texture": "#texture1", "rotation": 270 }
			}
		},
		{
			"__comment": "Box5",
			"from": [ 6.5, 4.6719, 2.8695 ],
			"to": [ 9.5, 7.6719, 5.8695 ],
			"rotation": { "origin": [ 6.5, 4.75, 2.875 ], "axis": "x", "angle": 22.5 },
			"faces": {
				"down": { "uv": [ 5.5, 3, 7, 4.5 ], "texture": "#texture", "rotation": 180 },
				"up": { "uv": [ 8.5, 3, 10, 4.5 ], "texture": "#texture" },
				"north": { "uv": [ 3.5, 0.5, 5, 2 ], "texture": "#texture" },
				"south": { "uv": [ 3.5, 0.5, 5, 2 ], "texture": "#texture" },
				"west": { "uv": [ 7, 3, 8.5, 4.5 ], "texture": "#texture", "rotation": 270 },
				"east": { "uv": [ 4, 3, 5.5, 4.5 ], "texture": "#texture", "rotation": 90 }
			}
		},
		{
			"__comment": "Box3",
			"from": [ 6.5, 6.375, 1.375 ],
			"to": [ 7.5, 7.375, 3.375 ],
			"rotation": { "origin": [ 6.5, 6.375, 1.375 ], "axis": "x", "angle": 22.5 },
			"faces": {
				"down": { "uv": [ 9, 5.5, 10, 6 ], "texture": "#texture", "rotation": 90 },
				"up": { "uv": [ 7.5, 4, 8.5, 4.5 ], "texture": "#texture", "rotation": 90 },
				"north": { "uv": [ 4.5, 11.5, 5, 12 ], "texture": "#texture" },
				"south": { "uv": [ 7.5, 11.5, 8.5, 12.5 ], "texture": "#texture" },
				"west": { "uv": [ 9.5, 4.5, 10.5, 5 ], "texture": "#texture", "rotation": 180 },
				"east": { "uv": [ 7.5, 5.5, 8.5, 6 ], "texture": "#texture" }
			}
		},
		{
			"__comment": "Box7",
			"from": [ 7.5, 6.125, 0 ],
			"to": [ 8.5, 7.125, 1 ],
			"faces": {
				"down": { "uv": [ 1, 3, 2, 4 ], "texture": "#texture1" },
				"up": { "uv": [ 2, 2, 3, 3 ], "texture": "#texture1" },
				"north": { "uv": [ 1, 3, 2, 4 ], "texture": "#texture1" },
				"south": { "uv": [ 7.5, 8.875, 8.5, 9.875 ], "texture": "#texture1" },
				"west": { "uv": [ 1, 2, 2, 3 ], "texture": "#texture1" },
				"east": { "uv": [ 1, 2, 2, 3 ], "texture": "#texture1" }
			}
		},
		{
			"__comment": "Box3",
			"from": [ 8.5, 6.5568, 1.2891 ],
			"to": [ 9.5, 7.5568, 3.2891 ],
			"rotation": { "origin": [ 8.5, 6.25, 0.875 ], "axis": "x", "angle": 22.5 },
			"faces": {
				"down": { "uv": [ 10, 5, 11, 5.5 ], "texture": "#texture", "rotation": 270 },
				"up": { "uv": [ 11, 4, 12, 4.5 ], "texture": "#texture", "rotation": 270 },
				"north": { "uv": [ 3, 10, 3.5, 10.5 ], "texture": "#texture" },
				"south": { "uv": [ 7.5, 11.5, 8.5, 12.5 ], "texture": "#texture" },
				"west": { "uv": [ 11, 4.5, 12, 5 ], "texture": "#texture" },
				"east": { "uv": [ 9.5, 5.5, 10.5, 6 ], "texture": "#texture" }
			}
		}
	]
}