[
    {
        "condition": "entity_properties",
        "entity": "this",
        "predicate": {
            "nbt": "{SelectedItem:{id:\"minecraft:netherite_sword\",tag:{Custom:katana}}}"
        }
    },
    {
        "condition": "alternative",
        "terms": [
            {
                "condition": "entity_properties",
                "entity": "this",
                "predicate": {
                    "nbt": "{SelectedItem:{tag:{display:{Name:'{\"text\": \"Diamond Katana\", \"bold\": false, \"italic\": false}'}}}}"
                }
            },
            {
                "condition": "entity_properties",
                "entity": "this",
                "predicate": {
                    "nbt": "{SelectedItem:{tag:{display:{Name:'{\"text\": \"Diamond Katana\", \"color\": \"aqua\", \"bold\": false, \"italic\": false}'}}}}"
                }
            }
        ]
    }
]