[
    {
        "condition": "entity_scores",
        "entity": "this",
        "scores": {
            "shield_upgrade_counter": {
                "min": 1,
                "max": 2147483647
            }
        }
    },
    {
        "condition": "entity_properties",
        "entity": "this",
        "predicate": {
            "nbt": "{SelectedItem:{id:\"minecraft:shield\",tag:{Custom:parrying_dagger}}}"
        }
    },
    {
        "condition": "alternative",
        "terms": [
            {
                "condition": "entity_properties",
                "entity": "this",
                "predicate": {
                    "nbt": "{SelectedItem:{tag:{display:{Name:'{\"text\": \"Diamond Parrying Dagger\", \"bold\": false, \"italic\": false}'}}}}"
                }
            },
            {
                "condition": "entity_properties",
                "entity": "this",
                "predicate": {
                    "nbt": "{SelectedItem:{tag:{display:{Name:'{\"text\": \"Diamond Parrying Dagger\", \"color\": \"aqua\", \"bold\": false, \"italic\": false}'}}}}"
                }
            }
        ]
    }
]