[
    {
        "condition": "entity_properties",
        "entity": "this",
        "predicate": {
            "nbt": "{Inventory:[{Slot:-106b,id:\"minecraft:netherite_sword\",tag:{Custom:saber}}]}"
        }
    },
    {
        "condition": "alternative",
        "terms": [
            {
                "condition": "entity_properties",
                "entity": "this",
                "predicate": {
                    "nbt": "{Inventory:[{Slot:-106b,tag:{display:{Name:'{\"text\": \"Diamond Saber\", \"bold\": false, \"italic\": false}'}}}]}"
                }
            },
            {
                "condition": "entity_properties",
                "entity": "this",
                "predicate": {
                    "nbt": "{Inventory:[{Slot:-106b,tag:{display:{Name:'{\"text\": \"Diamond Saber\", \"color\": \"aqua\", \"bold\": false, \"italic\": false}'}}}]}"
                }
            }
        ]
    }
]