[
    {
        "function": "minecraft:set_attributes",
        "modifiers": [
            {
                "attribute": "minecraft:generic.knockback_resistance",
                "name": "mhkbr",
                "amount": 0.2,
                "operation": "addition",
                "slot": [
                    "mainhand"
                ]
            },
            {
                "attribute": "minecraft:generic.knockback_resistance",
                "name": "ohkbr",
                "amount": 0.1,
                "operation": "addition",
                "slot": [
                    "offhand"
                ]
            },
            {
                "attribute": "minecraft:generic.max_health",
                "name": "es.reflexslot",
                "amount": -0.075,
                "operation": "multiply_total",
                "slot": [
                    "mainhand"
                ]
            },
            {
                "attribute": "minecraft:generic.max_health",
                "name": "mainhandslot",
                "amount": -0.075,
                "operation": "multiply_total",
                "slot": [
                    "mainhand"
                ]
            }
        ]
    },
    {
        "function": "minecraft:set_lore",
        "entity": "this",
        "lore": [
            {
                "color": "gray",
                "italic": true,
                "translate": "item_mod.essrpg.scav.fminshld.3.lore.0"
            },
            {
                "color": "green",
                "italic": true,
                "translate": "item_mod.essrpg.scav.fminshld.3.lore.1"
            },
            {
                "color": "green",
                "italic": true,
                "translate": "item_mod.essrpg.scav.fminshld.3.lore.2"
            },
            {
                "color": "green",
                "italic": true,
                "translate": "item_mod.essrpg.scav.fminshld.3.lore.3"
            }
        ]
    }
]