{
    "id": 1002,
    "title": "Alloying",
    "level": 3,
    "type": "",
    "profession": "toolsmith",
    "task": [
        "submit",
        "minecraft:raw_iron",
        8,
        "submit",
		"minecraft:coal",
		4,
		"submit",
		"create:limestone",
		2
		
    ],
    "description": "Alloying is a pretty important aspect of metallurgy, if you give me the resources, I'll forge you something nice",
    "experience": 5,
    "reward": [
        "Steel Pickaxe",
		"command=/give @s iron_pickaxe{display:{Name:'{"text":"Steel Pickaxe","color":"white","italic":false}',Lore:['{"text":"Unique Item","color":"green","italic":false}']},Enchantments:[{id:"minecraft:unbreaking",lvl:2s}],AttributeModifiers:[{AttributeName:"generic.movement_speed",Name:"generic.movement_speed",Amount:0.2,Operation:1,UUID:[I;128147067,-918927559,-1656000764,382633342],Slot:"mainhand"},{AttributeName:"generic.knockback_resistance",Name:"generic.knockback_resistance",Amount:0.1,Operation:1,UUID:[I;339300421,620315123,-1462952044,-668337460],Slot:"mainhand"}]} 1"
    ]
}