{
    "id": 20,
    "title": "Nether excavator",
    "level": 5,
    "type": "",
    "profession": "toolsmith",
    "refresh": 950,
    "task": [
        "submit",
        "minecraft:netherite_pickaxe",
        1,
        "submit",
        "minecraft:netherite_shovel",
        1
    ],
    "description": "Hey there, friend! The villagers had stuck gold! They found netherite but we need better tools to harvest it.",
    "experience": 95,
    "reward": [
        "numismatic-overhaul:gold_coin",
        3,
        "numismatic-overhaul:silver_coin",
        11
    ]
}