{
    "id": 21,
    "title": "Before the end",
    "level": 5,
    "type": "",
    "profession": "toolsmith",
    "refresh": 1500,
    "task": [
        "submit",
        "minecraft:netherite_pickaxe",
        3,
        "submit",
        "minecraft:netherite_shovel",
        3
    ],
    "description": "I've heard that you'll head to the end dimmension soon. I bid you safe travels but caould you atleast fulfill my task, for old time's sake?",
    "experience": 100,
    "reward": [
        "numismatic-overhaul:gold_coin",
        8,
        "numismatic-overhaul:silver_coin",
        20
    ]
}