{
    "id": 16,
    "title": "The raid breaker",
    "level": 4,
    "type": "fight",
    "profession": "toolsmith",
    "refresh": 2200,
    "task": [
        "kill",
        "minecraft:pillager",
        10,
        "kill",
        "minecraft:evoker",
        2,
        "kill",
        "minecraft:vindicator",
        5,
        "kill",
        "minecraft:ravager",
        2
    ],
    "description": "We have enough tools to defend, it's time we shake the hornet's nest.",
    "experience": 75,
    "reward": [
        "numismatic-overhaul:gold_coin",
        3,
        "numismatic-overhaul:silver_coin",
        80
    ]
}