{
    "id": 9,
    "title": "Farming technology",
    "level": 2,
    "type": "",
    "profession": "toolsmith",
    "refresh": 900,
    "timer": 1000,
    "task": [
        "submit",
        "minecraft:iron_hoe",
        5
    ],
    "description": "The farmers are on a working strike due to poor farming tools. Please craft more while I calm them down.",
    "experience": 18,
    "reward": [
        "numismatic-overhaul:silver_coin",
        24,
		"numismatic-overhaul:bronze_coin",
        10
    ]
}