{
    "id": 1004,
    "title": "Alloying",
    "level": 4,
    "type": "",
    "profession": "toolsmith",
    "task": [
        "submit",
        "minecraft:raw_iron",
        8,
        "submit",
		"minecraft:coal",
		4,
		"submit",
		"create:limestone",
		2
		
    ],
    "description": "Alloying is a pretty important aspect of metallurgy, if you give me the resources, I'll forge you something nice",
    "experience": 5,
    "reward": [
        "Steel Axe",
		"command=/give @s iron_axe{display:{Name:'{"text":"Steel Axe","color":"white","italic":false}',Lore:['{"text":"Unique Item","color":"green","italic":false}']},Enchantments:[{id:"minecraft:unbreaking",lvl:2s}],AttributeModifiers:[{AttributeName:"generic.movement_speed",Name:"generic.movement_speed",Amount:0.2,Operation:1,UUID:[I;-1171562616,1474973259,-1841497039,195269873],Slot:"mainhand"},{AttributeName:"generic.attack_speed",Name:"generic.attack_speed",Amount:0.4,Operation:0,UUID:[I;-1678318078,-1834859177,-2138308348,2102710800],Slot:"mainhand"}]} 1"
    ]
}