{
    "id": 8,
    "title": "Iron efficiency",
    "level": 2,
    "type": "",
    "profession": "toolsmith",
    "refresh": 900,
    "task": [
        "submit",
        "minecraft:iron_axe",
        2,
        "submit",
        "minecraft:iron_pickaxe",
        2,
        "submit",
        "minecraft:iron_shovel",
        2
    ],
    "description": "The village's tool stock is empty and I need your help. There'll be coin in it for you, as per usual.",
    "reward": [
        "numismatic-overhaul:silver_coin",
        30,
        "minecraft:iron_sword",
        1
    ]
}