{
    "id": 15,
    "title": "Armed for war",
    "level": 4,
    "type": "",
    "profession": "toolsmith",
    "refresh": 1200,
    "task": [
        "submit",
        "minecraft:diamond_sword",
        3,
        "submit",
        "minecraft:diamond_axe",
        3,
		"submit",
        "minecraft:diamond_pickaxe",
        3
    ],
    "description": "We feel that the pillagers would attack soon, we need more tools and weapons.",
    "experience": 60,
    "reward": [
        "numismatic-overhaul:gold_coin",
        4,
		"numismatic-overhaul:silver_coin",
        10
    ]
}