{
  "type": "minecraft:entity",
  "pools": [
    {
      "rolls": 1,
      "entries": [
        {
          "type": "minecraft:item",
          "name": "minecraft:player_head",
          "functions": [
            {
              "function": "minecraft:set_nbt",
              "tag": "{SkullOwner:{Id:[I;-12268,30095,201652,-60190],Properties:{textures:[{Value:\"eyJ0ZXh0dXJlcyI6eyJTS0lOIjp7InVybCI6Imh0dHA6Ly90ZXh0dXJlcy5taW5lY3JhZnQubmV0L3RleHR1cmUvYzc0ZjY1ZjliOTk1OGE2MzkyYzhiNjMzMjRkNzZlODBkMmI1MDljMTk4NWEwMDIzMmFlY2NlNDA5NTg1YWUyYSJ9fX0=\"}]}},Blaze:1b,display:{Name:'[{\"text\":\"Blazing Helmet\",\"italic\":false,\"color\":\"gold\"}]',Lore:['[{\"text\":\"Don\\'t get too hotheaded!\",\"italic\":false,\"color\":\"yellow\"}]']},Enchantments:[{id:\"minecraft:protection\",lvl:4},{id:\"minecraft:thorns\",lvl:3}],HideFlags:1} "
            },
            {
              "function": "minecraft:set_attributes",
              "modifiers": [
                {
                  "attribute": "minecraft:generic.armor",
                  "name": "",
                  "amount": 3,
                  "operation": "addition",
                  "slot": "head"
                }
              ]
            },
            {
              "function": "minecraft:set_attributes",
              "modifiers": [
                {
                  "attribute": "minecraft:generic.armor_toughness",
                  "name": "",
                  "amount": 2,
                  "operation": "addition",
                  "slot": "head"
                }
              ]
            }
          ],
          "conditions": [
            {
              "condition": "minecraft:random_chance_with_looting",
              "chance": 0.01,
              "looting_multiplier": 0.005
            },
            {
              "condition": "minecraft:killed_by_player"
            }
          ]
        }
      ]
    },
    {
      "rolls": 1,
      "bonus_rolls": 0,
      "entries": [
        {
          "type": "minecraft:item",
          "name": "minecraft:blaze_rod",
          "functions": [
            {
              "function": "minecraft:set_count",
              "count": {
                "type": "minecraft:uniform",
                "min": 0,
                "max": 1
              },
              "add": false
            },
            {
              "function": "minecraft:looting_enchant",
              "count": {
                "type": "minecraft:uniform",
                "min": 0,
                "max": 1
              }
            }
          ]
        }
      ],
      "conditions": [
        {
          "condition": "minecraft:killed_by_player"
        }
      ]
    }
  ]
}
