{
  "type": "minecraft:entity",
  "pools": [
    {
      "rolls": 1,
      "entries": [
        {
          "type": "minecraft:item",
          "name": "minecraft:player_head",
          "functions": [
            {
              "function": "minecraft:set_attributes",
              "modifiers": [
                {
                  "attribute": "minecraft:generic.armor",
                  "name": "",
                  "amount": 2,
                  "operation": "addition",
                  "slot": "head"
                },
                {
                  "attribute": "minecraft:generic.armor_toughness",
                  "name": "",
                  "amount": 1,
                  "operation": "addition",
                  "slot": "head"
                }
              ]
            },
            {
              "function": "minecraft:set_nbt",
              "tag": "{SkullOwner:{Id:[I;-12272,17431,155611,-34862],Properties:{textures:[{Value:eyJ0ZXh0dXJlcyI6eyJTS0lOIjp7InVybCI6Imh0dHA6Ly90ZXh0dXJlcy5taW5lY3JhZnQubmV0L3RleHR1cmUvNGJlMTFmY2Y1MmNhNTliMzhlZjY5ZTM4YjgxNzJmZGUzMTA3ZmM3MWI4YjE0M2ZlZjY3NWU3MmY4MDM5ZDYifX19}]}},display:{Name:'[{\"text\":\"Tidal Guardian Helmet\",\"italic\":false,\"color\":\"aqua\"}]',Lore:['[{\"text\":\"Grants the power to\",\"italic\":false,\"color\":\"dark_aqua\"}]','[{\"text\":\"breathe underwater.\",\"italic\":false,\"color\":\"dark_aqua\"}]']},Enchantments:[{id:\"minecraft:aqua_affinity\",lvl:1}],HideFlags:1,Guardian:1b}"
            }
          ],
          "conditions": [
            {
              "condition": "minecraft:killed_by_player"
            },
            {
              "condition": "minecraft:random_chance_with_looting",
              "chance": 0.05,
              "looting_multiplier": 0.005
            }
          ]
        }
      ]
    },
    {
      "rolls": 1,
      "bonus_rolls": 0,
      "entries": [
        {
          "type": "minecraft:item",
          "name": "minecraft:prismarine_shard",
          "functions": [
            {
              "function": "minecraft:set_count",
              "count": {
                "type": "minecraft:uniform",
                "min": 0,
                "max": 2
              },
              "add": false
            },
            {
              "function": "minecraft:looting_enchant",
              "count": {
                "type": "minecraft:uniform",
                "min": 0,
                "max": 1
              }
            }
          ]
        }
      ]
    },
    {
      "rolls": 1,
      "bonus_rolls": 0,
      "entries": [
        {
          "type": "minecraft:item",
          "weight": 3,
          "name": "minecraft:cod",
          "functions": [
            {
              "function": "minecraft:looting_enchant",
              "count": {
                "type": "minecraft:uniform",
                "min": 0,
                "max": 1
              }
            },
            {
              "function": "minecraft:furnace_smelt",
              "conditions": [
                {
                  "condition": "minecraft:entity_properties",
                  "entity": "this",
                  "predicate": {
                    "flags": {
                      "is_on_fire": true
                    }
                  }
                }
              ]
            }
          ]
        },
        {
          "type": "minecraft:item",
          "weight": 2,
          "name": "minecraft:prismarine_crystals",
          "functions": [
            {
              "function": "minecraft:looting_enchant",
              "count": {
                "type": "minecraft:uniform",
                "min": 0,
                "max": 1
              }
            }
          ]
        },
        {
          "type": "minecraft:empty"
        }
      ]
    },
    {
      "rolls": 1,
      "bonus_rolls": 0,
      "entries": [
        {
          "type": "minecraft:item",
          "name": "minecraft:wet_sponge"
        }
      ],
      "conditions": [
        {
          "condition": "minecraft:killed_by_player"
        }
      ]
    },
    {
      "rolls": 1,
      "bonus_rolls": 0,
      "entries": [
        {
          "type": "minecraft:loot_table",
          "name": "minecraft:gameplay/fishing/fish",
          "functions": [
            {
              "function": "minecraft:furnace_smelt",
              "conditions": [
                {
                  "condition": "minecraft:entity_properties",
                  "entity": "this",
                  "predicate": {
                    "flags": {
                      "is_on_fire": true
                    }
                  }
                }
              ]
            }
          ]
        }
      ],
      "conditions": [
        {
          "condition": "minecraft:killed_by_player"
        },
        {
          "condition": "minecraft:random_chance_with_looting",
          "chance": 0.025,
          "looting_multiplier": 0.01
        }
      ]
    }
  ]
}
