{
  "type": "minecraft:entity",
  "pools": [
    {
      "rolls": 1,
      "bonus_rolls": 0,
      "entries": [
        {
          "type": "minecraft:item",
          "name": "minecraft:ender_pearl",
          "functions": [
            {
              "function": "minecraft:set_count",
              "count": {
                "type": "minecraft:uniform",
                "min": 0,
                "max": 1
              },
              "add": false
            },
            {
              "function": "minecraft:looting_enchant",
              "count": {
                "type": "minecraft:uniform",
                "min": 0,
                "max": 1
              }
            }
          ]
        }
      ]
    },
    {
      "rolls": 1,
      "bonus_rolls": 0,
      "entries": [
        {
          "type": "minecraft:item",
          "name": "minecraft:diamond_sword",
          "functions": [
            {
              "function": "minecraft:set_nbt",
              "tag": "{CustomModelData:1234567,AttributeModifiers:[{AttributeName:\"generic.attack_damage\",Amount:10,Slot:mainhand,Name:\"generic.attack_damage\",UUID:[I;-122222,168007,204126,-336014]},{AttributeName:\"generic.attack_speed\",Amount:-2.5,Slot:mainhand,Name:\"generic.attack_speed\",UUID:[I;-122222,168107,204126,-336214]},{AttributeName:\"generic.luck\",Amount:2,Slot:mainhand,Name:\"generic.luck\",UUID:[I;-122222,168207,204126,-336414]}],display:{Name:'[{\"text\":\"Ender Sword\",\"italic\":false,\"color\":\"light_purple\"}]',Lore:['[{\"text\":\"Attributes:\",\"italic\":false,\"color\":\"gold\"},{\"text\":\"\",\"italic\":false,\"color\":\"dark_purple\"}]','[{\"text\":\"Lucky\",\"italic\":false,\"color\":\"dark_green\"},{\"text\":\" \",\"color\":\"dark_purple\"},{\"text\":\"+2 Luck in offhand\",\"color\":\"gray\"},{\"text\":\"\",\"color\":\"dark_purple\"}]','[{\"text\":\"Enhanced Looting\",\"italic\":false,\"color\":\"dark_green\"},{\"text\":\" \",\"color\":\"dark_purple\"},{\"text\":\"Looting 5\",\"color\":\"gray\"},{\"text\":\"\",\"color\":\"dark_purple\"}]','[{\"text\":\"Unbound \",\"italic\":false,\"color\":\"dark_red\"},{\"text\":\"Returns to the End on death\",\"color\":\"gray\"},{\"text\":\"\",\"color\":\"dark_purple\"}]','[{\"text\":\"The Ender Sword contains many\",\"italic\":false,\"color\":\"dark_purple\"}]','[{\"text\":\"secrets, it also smells like\",\"italic\":false,\"color\":\"dark_purple\"}]','[{\"text\":\"blue cheese.\",\"italic\":false,\"color\":\"dark_purple\"}]']},Enchantments:[{id:vanishing_curse,lvl:1},{id:looting,lvl:5},{id:sweeping,lvl:3}],HideFlags:1} "
            }
          ],
          "conditions": [
            {
              "condition": "minecraft:inverted",
              "term": {
                "condition": "minecraft:location_check",
                "predicate": {
                  "dimension": "minecraft:the_end"
                }
              }
            },
            {
              "condition": "minecraft:random_chance_with_looting",
              "chance": 0.02,
              "looting_multiplier": 0.005
            },
            {
              "condition": "minecraft:killed_by_player"
            }
          ]
        }
      ]
    }
  ]
}
