{
  "type": "minecraft:entity",
  "pools": [
    {
      "rolls": 1,
      "entries": [
        {
          "type": "minecraft:item",
          "name": "minecraft:popped_chorus_fruit",
          "functions": [
            {
              "function": "minecraft:set_nbt",
              "tag": "{CustomModelData:124,display:{Name:'[{\"text\":\"Emerald Ring\",\"italic\":false,\"color\":\"yellow\"}]',Lore:['[{\"text\":\"Makes villagers\",\"italic\":false}]','[{\"text\":\"love you!\",\"italic\":false}]']}}"
            }
          ],
          "conditions": [
            {
              "condition": "minecraft:killed_by_player"
            },
            {
              "condition": "minecraft:random_chance_with_looting",
              "chance": 0.01,
              "looting_multiplier": 0.005
            }
          ]
        }
      ]
    }
  ]
}
