{
  "type": "minecraft:entity",
  "pools": [
    {
      "rolls": 1,
      "entries": [
        {
          "type": "minecraft:item",
          "name": "minecraft:popped_chorus_fruit",
          "functions": [
            {
              "function": "minecraft:set_nbt",
              "tag": "{CustomModelData:131,display:{Name:'[{\"text\":\"Ender Amulet\",\"italic\":false,\"color\":\"light_purple\"}]',Lore:['[{\"text\":\"From the end, but allows\",\"italic\":false}]','[{\"text\":\"teleportation to the\",\"italic\":false}]','[{\"text\":\"Ethrium dimension.\",\"italic\":false}]','[{\"text\":\"\",\"italic\":false}]']},Enchantments:[{}]} "
            }
          ],
          "conditions": [
            {
              "condition": "minecraft:random_chance_with_looting",
              "chance": 0.05,
              "looting_multiplier": 0.005
            }
          ]
        }
      ]
    },
    {
      "rolls": 1,
      "bonus_rolls": 0,
      "entries": [
        {
          "type": "minecraft:item",
          "name": "minecraft:shulker_shell"
        }
      ],
      "conditions": [
        {
          "condition": "minecraft:random_chance_with_looting",
          "chance": 0.5,
          "looting_multiplier": 0.0625
        }
      ]
    }
  ]
}
