{
  "type": "minecraft:entity",
  "pools": [
    {
      "rolls": 1,
      "entries": [
        {
          "type": "minecraft:item",
          "name": "minecraft:popped_chorus_fruit",
          "functions": [
            {
              "function": "minecraft:set_nbt",
              "tag": "{CustomModelData:127,display:{Name:'[{\"text\":\"Copper Ring\",\"italic\":false,\"color\":\"yellow\"}]',Lore:['[{\"text\":\"Grants slow falling\",\"italic\":false}]','[{\"text\":\"to the wearer.\",\"italic\":false}]','[{\"text\":\"\",\"italic\":false}]']}} "
            }
          ],
          "conditions": [
            {
              "condition": "minecraft:killed_by_player"
            },
            {
              "condition": "minecraft:random_chance_with_looting",
              "chance": 0.01,
              "looting_multiplier": 0.005
            }
          ]
        }
      ]
    },
    {
      "rolls": 1,
      "bonus_rolls": 0,
      "entries": [
        {
          "type": "minecraft:item",
          "name": "minecraft:arrow",
          "functions": [
            {
              "function": "minecraft:set_count",
              "count": {
                "type": "minecraft:uniform",
                "min": 0,
                "max": 2
              },
              "add": false
            },
            {
              "function": "minecraft:looting_enchant",
              "count": {
                "type": "minecraft:uniform",
                "min": 0,
                "max": 1
              }
            }
          ]
        }
      ]
    },
    {
      "rolls": 1,
      "bonus_rolls": 0,
      "entries": [
        {
          "type": "minecraft:item",
          "name": "minecraft:bone",
          "functions": [
            {
              "function": "minecraft:set_count",
              "count": {
                "type": "minecraft:uniform",
                "min": 0,
                "max": 2
              },
              "add": false
            },
            {
              "function": "minecraft:looting_enchant",
              "count": {
                "type": "minecraft:uniform",
                "min": 0,
                "max": 1
              }
            }
          ]
        }
      ]
    }
  ]
}
