{
  "values": {
    "spell_power_playerex:crit_chance_factor": {
      "percentage": "100.0",
      "weight": "r30:a100:x0.01:y0.5:z0.01:u0.01:v0.5:w0.01"
    },
    "spell_power_playerex:crit_damage_factor": {
      "percentage": "1000.0",
      "weight": "r40:a100:x0.01:y0.3:z0.01:u0.01:v0.5:w0.01"
    },
    "spell_power:arcane": {
      "weight": "r50:a50:x0.25:y4:z0.25:u0.05:v0.5:w0.01"
    },
    "spell_power:frost": {
      "weight": "r50:a50:x0.25:y4:z0.25:u0.05:v0.5:w0.01"
    },
    "spell_power:fire": {
      "weight": "r50:a50:x0.25:y4:z0.25:u0.05:v0.5:w0.01"
    }
  }
}
