{
    "id": 108,
    "title": "Farming technology",
    "level": 2,
    "type": "",
    "profession": "weaponsmith",
    "refresh": 900,
    "timer": 1000,
    "task": [
        "submit",
        "minecraft:iron_sword",
        5
    ],
    "description": "The guards are on a working strike due to lack of replacement weapons. Please craft more while I calm them down.",
    "experience": 18,
    "reward": [
        "numismatic-overhaul:silver_coin",
        40,
		"numismatic-overhaul:bronze_coin",
        12
    ]
}