{
    "id": 1002,
    "title": "Scientific alloying",
    "level": 5,
    "type": "",
    "profession": "weaponsmith",
    "task": [
        "submit",
        "minecraft:raw_iron",
        20,
        "submit",
		"minecraft:coal",
		8,
		"submit",
		"minecraft:diamond",
		4
		
    ],
    "description": "Alloying is a pretty important aspect of metallurgy, if you give me the resources, I'll forge you something nice",
    "experience": 5,
    "reward": [
        "Nano-Carbon Steel Broadsword",
		"command=/give @s simplyswords:diamond_longsword{display:{Name:'{"text":"Nano-Carbon Steel Broadsword","color":"white","italic":false}',Lore:['{"text":"Unique Item","color":"green","italic":false}']},RepairCost:25600,AttributeModifiers:[{AttributeName:"generic.attack_damage",Name:"generic.attack_damage",Amount:0.6,Operation:0,UUID:[I;-2000994765,942818337,-1472489967,-1263357404],Slot:"mainhand"},{AttributeName:"generic.attack_speed",Name:"generic.attack_speed",Amount:0.15,Operation:0,UUID:[I;1870357176,-2108340374,-1428793717,1437170017],Slot:"mainhand"}]} 1"
    ]
}