{
    "id": 1001,
    "title": "Refinement",
    "level": 3,
    "type": "",
    "profession": "weaponsmith",
    "task": [
        "submit",
        "minecraft:raw_iron",
        8,
        "submit",
		"minecraft:coal",
		4,
		"submit",
		"create:limestone",
		2
		
    ],
    "description": "Alloying is a pretty important aspect of metallurgy, if you give me the resources, I'll forge you something nice",
    "experience": 5,
    "reward": [
        "Steel Broadsword",
		"command=/give @s simplyswords:iron_longsword{display:{Name:'{"text":"Steel Broadsword","color":"white","italic":false}',Lore:['{"text":"Unique Item","color":"green","italic":false}']},RepairCost:25600,Enchantments:[{id:"minecraft:unbreaking",lvl:1s}],AttributeModifiers:[{AttributeName:"generic.attack_damage",Name:"generic.attack_damage",Amount:0.6,Operation:0,UUID:[I;-1634047643,-1659485960,-1109313293,1103589805],Slot:"mainhand"},{AttributeName:"generic.attack_speed",Name:"generic.attack_speed",Amount:0.2,Operation:0,UUID:[I;810407310,2033273983,-1376592831,85393879],Slot:"mainhand"}]} 1"
    ]
}