{
    "id": 113,
    "title": "Armed for battle",
    "level": 4,
    "type": "",
    "profession": "weaponsmith",
    "refresh": 1200,
    "task": [
        "submit",
        "simplyswords:diamond_longsword",
        3,
        "submit",
        "simplyswords:diamond_spear",
        3
    ],
    "description": "We feel that the pillagers would attack soon, we need more gear for the villagers to prepare.",
    "experience": 60,
    "reward": [
        "numismatic-overhaul:gold_coin",
        6,
		"numismatic-overhaul:silver_coin",
        40
    ]
}