{
    "id": 107,
    "title": "Iron efficiency",
    "level": 2,
    "type": "",
    "profession": "weaponsmith",
    "refresh": 900,
    "task": [
        "submit",
        "simplyswords:iron_longsword",
        2,
        "submit",
        "simplyswords:iron_glaive",
        2,
        "submit",
		"simplyswords:iron_claymore",
        2,
        "submit",
        "simplyswords:iron_spear",
        2
    ],
    "description": "The village's weapon stock is empty and I need your help. There'll be coin in it for you, as per usual.",
    "reward": [
        "numismatic-overhaul:gold_coin",
        1,
		"numismatic-overhaul:silver_coin",
        80
    ]
}