{
    "id": 114,
    "title": "Nether clearance",
    "level": 4,
    "type": "fight",
    "profession": "weaponsmith",
    "refresh": 1000,
    "task": [
        "kill",
        "minecraft:piglin",
        20,
        "kill",
        "minecraft:piglin_brute",
        3,
        "kill",
        "minecraft:wither_skeleton",
        15,
        "kill",
        "minecraft:zombified_piglin",
        30
    ],
    "description": "We've seen you open a portal to the Nether, The guards and I have a job for you.",
    "experience": 90,
    "reward": [
        "numismatic-overhaul:silver_coin",
        50,
		"numismatic-overhaul:bronze_coin",
        30
    ]
}