{
  "type": "minecraft:tree",
  "config": {
    "ignore_vines": true,
    "force_dirt": false,
    "minimum_size": {
      "type": "minecraft:two_layers_feature_size",
      "limit": 2,
      "lower_size": 0,
      "upper_size": 2
    },
    "dirt_provider": {
      "type": "minecraft:simple_state_provider",
      "state": {
        "Name": "minecraft:dirt"
      }
    },
    "trunk_provider": {
      "type": "minecraft:simple_state_provider",
      "state": {
        "Name": "minecraft:stripped_mangrove_log",
        "Properties": {
          "axis": "y"
        }
      }
    },
    "foliage_provider": {
      "type": "minecraft:simple_state_provider",
      "state": {
        "Name": "minecraft:mangrove_leaves",
        "Properties": {
          "distance": "7",
          "persistent": "true",
          "waterlogged": "false"
        }
      }
    },
    "root_placer": {
      "type": "minecraft:mangrove_root_placer",
      "root_provider": {
        "type": "minecraft:simple_state_provider",
        "state": {
          "Name": "minecraft:stripped_mangrove_wood",
          "Properties": {
            "axis": "y"
          }
        }
      },
      "trunk_offset_y": {
        "type": "minecraft:uniform",
        "value": {
          "min_inclusive": 1,
          "max_inclusive": 3
        }
      },
      "above_root_placement": {
        "above_root_provider": {
          "type": "minecraft:simple_state_provider",
          "state": {
            "Name": "minecraft:moss_carpet"
          }
        },
        "above_root_placement_chance": 0.2
      },
      "mangrove_root_placement": {
        "max_root_width": 3,
        "max_root_length": 3,
        "random_skew_chance": 0.2,
        "can_grow_through": "#minecraft:mangrove_roots_can_grow_through",
        "muddy_roots_in": [
          "minecraft:grass_block"
        ],
        "muddy_roots_provider": {
          "type": "minecraft:simple_state_provider",
          "state": {
            "Name": "minecraft:dirt",
            "Properties": {
              "axis": "y"
            }
          }
        }
      }
    },
    "trunk_placer": {
      "type": "minecraft:forking_trunk_placer",
      "base_height": 5,
      "height_rand_a": 1,
      "height_rand_b": 4
    },
    "foliage_placer": {
      "type": "minecraft:random_spread_foliage_placer",
      "radius": 3,
      "offset": 0,
      "foliage_height": 2,
      "leaf_placement_attempts": 70
    },
    "decorators": [
      {
        "type": "minecraft:attached_to_leaves",
        "probability": 0.1,
        "exclusion_radius_xz": 1,
        "exclusion_radius_y": 0,
        "required_empty_blocks": 2,
        "block_provider": {
          "type": "minecraft:simple_state_provider",
          "state": {
            "Name": "minecraft:spore_blossom"
          }
        },
        "directions": [
          "down"
        ]
      }
    ]
  }
}
