{
  "type": "minecraft:random_selector",
  "config": {
    "features": [
      {
        "chance": 0.025,
        "feature": {
          "feature": "minecraft:huge_brown_mushroom",
          "placement": []
        }
      },
      {
        "chance": 0.05,
        "feature": {
          "feature": "minecraft:huge_red_mushroom",
          "placement": []
        }
      },
      {
        "chance": 0.6666667,
        "feature": "ethrium:livilium/magical_tree_checked"
      },
      {
        "chance": 0.2,
        "feature": "ethrium:livilium/large_magical_tree_checked"
      }
    ],
    "default": "ethrium:livilium/magical_tree_checked"
  }
}
