{
  "type": "ethrium:cave",
  "generator": {
    "type": "minecraft:noise",
    "settings": "ethrium:cave",
    "biome_source": {
      "type": "minecraft:multi_noise",
      "biomes": [
        {
          "biome": "ethrium:cave/cave",
          "parameters": {
            "temperature": 0,
            "humidity": 0,
            "continentalness": 0,
            "erosion": 0,
            "weirdness": 0,
            "depth": 0,
            "offset": 0
          }
        },
        {
          "biome": "ethrium:cave/creepy_caves",
          "parameters": {
            "temperature": 0,
            "humidity": 0.3,
            "continentalness": 0,
            "erosion": 0,
            "weirdness": -0.3,
            "depth": 0,
            "offset": 0
          }
        },
        {
          "biome": "minecraft:lush_caves",
          "parameters": {
            "temperature": 0,
            "humidity": -0.8,
            "continentalness": 0,
            "erosion": 0,
            "weirdness": 0,
            "depth": 0,
            "offset": 0
          }
        },
        {
          "biome": "minecraft:dripstone_caves",
          "parameters": {
            "temperature": 0.4,
            "humidity": 0,
            "continentalness": 0,
            "erosion": 0,
            "weirdness": 0,
            "depth": 0,
            "offset": 0
          }
        },
        {
          "biome": "ethrium:cave/enchanted_caves",
          "parameters": {
            "temperature": 0,
            "humidity": 0.91,
            "continentalness": 0,
            "erosion": 0,
            "weirdness": 0,
            "depth": 0,
            "offset": 0
          }
        },
        {
          "biome": "ethrium:cave/glowshroom_forest",
          "parameters": {
            "temperature": -1.1,
            "humidity": 0,
            "continentalness": 0,
            "erosion": 0,
            "weirdness": 0,
            "depth": 0,
            "offset": 0
          }
        }
      ]
    }
  }
}
