{
  "type": "ethrium:ethrium",
  "generator": {
    "type": "minecraft:noise",
    "settings": "ethrium:ethrium",
    "biome_source": {
      "type": "minecraft:multi_noise",
      "biomes": [
        {
          "biome": "ethrium:ethrium/orange_oasis",
          "parameters": {
            "temperature": 0.5,
            "humidity": 0,
            "continentalness": 0,
            "erosion": 0,
            "weirdness": 0,
            "depth": 0,
            "offset": 0
          }
        },
        {
          "biome": "ethrium:ethrium/mystical_pools",
          "parameters": {
            "temperature": 0,
            "humidity": 1,
            "continentalness": 0,
            "erosion": 0,
            "weirdness": 0,
            "depth": 0.3,
            "offset": 0
          }
        },
        {
          "biome": "ethrium:ethrium/purple_forest",
          "parameters": {
            "temperature": 0,
            "humidity": 0,
            "continentalness": 0,
            "erosion": 0,
            "weirdness": 0,
            "depth": 0,
            "offset": 0
          }
        },
        {
          "biome": "ethrium:ethrium/blue_valley",
          "parameters": {
            "temperature": 0,
            "humidity": -0.5,
            "continentalness": 0,
            "erosion": 0,
            "weirdness": 0,
            "depth": 0,
            "offset": 0
          }
        },
        {
          "biome": "ethrium:ethrium/yellow_meadow",
          "parameters": {
            "temperature": 0.4,
            "humidity": 0,
            "continentalness": 0,
            "erosion": 0,
            "weirdness": 0,
            "depth": 0,
            "offset": 0
          }
        },
        {
          "biome": "ethrium:ethrium/ethrium_corruption",
          "parameters": {
            "temperature": 0,
            "humidity": 0.5,
            "continentalness": 0,
            "erosion": 0,
            "weirdness": 0,
            "depth": 0,
            "offset": 0.375
          }
        },
        {
          "biome": "ethrium:ethrium/green_gardens",
          "parameters": {
            "temperature": -0.5,
            "humidity": 0,
            "continentalness": 0,
            "erosion": 0,
            "weirdness": 0,
            "depth": 0,
            "offset": 0.175
          }
        }
      ]
    }
  }
}
