{
  "type": "ethrium:livilium",
  "generator": {
    "type": "minecraft:noise",
    "settings": "ethrium:livilium",
    "biome_source": {
      "type": "minecraft:multi_noise",
      "biomes": [
        {
          "biome": "ethrium:livilium/cheery_tree_forest",
          "parameters": {
            "temperature": 0,
            "humidity": -0.5,
            "continentalness": 0,
            "erosion": 0.3,
            "weirdness": 0,
            "depth": 0,
            "offset": 0
          }
        },
        {
          "biome": "ethrium:livilium/livilium_plains",
          "parameters": {
            "temperature": 0,
            "humidity": 0,
            "continentalness": 0,
            "erosion": 0,
            "weirdness": 0,
            "depth": 0,
            "offset": 0
          }
        },
        {
          "biome": "ethrium:livilium/livilium_forest",
          "parameters": {
            "temperature": 0,
            "humidity": -0.2,
            "continentalness": 0,
            "erosion": 0,
            "weirdness": 0,
            "depth": 0,
            "offset": 0
          }
        },
        {
          "biome": "ethrium:livilium/livilium_delta",
          "parameters": {
            "temperature": 1,
            "humidity": 0,
            "continentalness": 0,
            "erosion": 0,
            "weirdness": 0,
            "depth": 0,
            "offset": 0
          }
        },
        {
          "biome": "ethrium:livilium/magical_forest",
          "parameters": {
            "temperature": 0,
            "humidity": 1,
            "continentalness": 0,
            "erosion": 0,
            "weirdness": 0,
            "depth": 0,
            "offset": 0.375
          }
        },
        {
          "biome": "ethrium:livilium/overgrown_islands",
          "parameters": {
            "temperature": -0.5,
            "humidity": 0,
            "continentalness": 0,
            "erosion": 0,
            "weirdness": 0,
            "depth": 0,
            "offset": 0.175
          }
        }
      ]
    }
  }
}
