{
  "type": "minecraft:jigsaw",
  "biomes": "#minecraft:has_structure/mineshaft",
  "step": "underground_structures",
  "spawn_overrides": {
    "monster": {
      "bounding_box": "piece",
      "spawns": [
        {
          "type": "minecraft:skeleton",
          "weight": 1,
          "minCount": 5,
          "maxCount": 10
        }
      ]
    }
  },
  "terrain_adaptation": "bury",
  "start_pool": "swordsandstrongholds:sword_stronghold_template_pool",
  "size": 7,
  "start_height": {
    "above_bottom": 32
  },
  "max_distance_from_center": 100,
  "use_expansion_hack": false
}