{
	"credit": "Made with Blockbench",
	"textures": {
		"texture": "waystones:block/andesite_waystone"
	},
	"elements": [
		{
			"name": "baseBottom",
			"from": [0, 0, 0],
			"to": [16, 3, 16],
			"faces": {
				"north": {"uv": [0, 8, 4, 9.5], "texture": "#texture"},
				"east": {"uv": [0, 8, 4, 9.5], "texture": "#texture"},
				"south": {"uv": [0, 8, 4, 9.5], "texture": "#texture"},
				"west": {"uv": [0, 8, 4, 9.5], "texture": "#texture"},
				"up": {"uv": [0, 0, 4, 8], "texture": "#texture"},
				"down": {"uv": [0, 0, 4, 8], "texture": "#texture"}
			}
		},
		{
			"name": "baseMiddle",
			"from": [1, 3, 1],
			"to": [15, 7, 15],
			"faces": {
				"north": {"uv": [4, 0, 7.5, 2], "texture": "#texture"},
				"east": {"uv": [4, 0, 7.5, 2], "texture": "#texture"},
				"south": {"uv": [4, 0, 7.5, 2], "texture": "#texture"},
				"west": {"uv": [4, 0, 7.5, 2], "texture": "#texture"},
				"up": {"uv": [4, 0, 7.5, 7], "texture": "#texture"},
				"down": {"uv": [0, 0, 0, 0], "texture": "#texture"}
			}
		},
		{
			"name": "baseTop",
			"from": [2, 7, 2],
			"to": [14, 9, 14],
			"faces": {
				"north": {"uv": [7.5, 6, 10.5, 7], "texture": "#texture"},
				"east": {"uv": [7.5, 6, 10.5, 7], "texture": "#texture"},
				"south": {"uv": [7.5, 6, 10.5, 7], "texture": "#texture"},
				"west": {"uv": [7.5, 6, 10.5, 7], "texture": "#texture"},
				"up": {"uv": [7.5, 0, 10.5, 6], "texture": "#texture"},
				"down": {"uv": [0, 0, 0, 0], "texture": "#texture"}
			}
		},
		{
			"name": "pillarBottom",
			"from": [3, 9, 9],
			"to": [13, 16, 13],
			"faces": {
				"north": {"uv": [13.5, 12, 16, 15.5], "texture": "#texture"},
				"east": {"uv": [12.5, 12, 11.5, 15.5], "texture": "#texture"},
				"south": {"uv": [13.5, 12, 16, 15.5], "texture": "#texture"},
				"west": {"uv": [11.5, 12, 12.5, 15.5], "texture": "#texture"},
				"up": {"uv": [7.875, 3.5, 10.625, 6], "texture": "#texture"},
				"down": {"uv": [0, 0, 0, 0], "texture": "#texture"}
			}
		},
		{
			"name": "topBlock",
			"from": [4, 9, 6],
			"to": [12, 16, 9],
			"faces": {
				"north": {"uv": [0, 12.5, 2, 16], "texture": "#texture"},
				"east": {"uv": [0, 12.5, 0.75, 16], "texture": "#texture"},
				"south": {"uv": [0, 0, 0, 0], "texture": "#texture"},
				"west": {"uv": [1.25, 12.5, 2, 16], "texture": "#texture"},
				"up": {"uv": [7.875, 2.25, 9.875, 3.75], "texture": "#texture"},
				"down": {"uv": [0, 0, 0, 0], "texture": "#texture"}
			}
		},
		{
			"name": "topBlock",
			"from": [4, 9, 4],
			"to": [12, 12, 6],
			"faces": {
				"north": {"uv": [8.5, 7.5, 10.5, 6], "texture": "#texture"},
				"east": {"uv": [9.5, 6, 10, 7.5], "texture": "#texture"},
				"south": {"uv": [0, 0, 0, 0], "texture": "#texture"},
				"west": {"uv": [8.5, 6, 9, 7.5], "texture": "#texture"},
				"up": {"uv": [8.5, 6.125, 10.5, 7.125], "texture": "#texture"},
				"down": {"uv": [0, 0, 0, 0], "texture": "#texture"}
			}
		}
	]
}