{
	"credit": "Made with Blockbench",
	"textures": {
		"particle": "waystones:block/andesite_waystone",
		"texture": "waystones:block/andesite_waystone"
	},
	"elements": [
		{
			"name": "baseBottom",
			"from": [0, 0, 0],
			"to": [16, 3, 16],
			"faces": {
				"north": {"uv": [0, 8, 4, 9.5], "texture": "#texture", "cullface": "north"},
				"east": {"uv": [0, 8, 4, 9.5], "texture": "#texture", "cullface": "east"},
				"south": {"uv": [0, 8, 4, 9.5], "texture": "#texture", "cullface": "south"},
				"west": {"uv": [0, 8, 4, 9.5], "texture": "#texture", "cullface": "west"},
				"up": {"uv": [0, 0, 4, 8], "texture": "#texture"},
				"down": {"uv": [0, 0, 4, 8], "texture": "#texture", "cullface": "down"}
			}
		},
		{
			"name": "baseMiddle",
			"from": [1, 3, 1],
			"to": [15, 7, 15],
			"faces": {
				"north": {"uv": [4, 0, 7.5, 2], "texture": "#texture"},
				"east": {"uv": [4, 0, 7.5, 2], "texture": "#texture"},
				"south": {"uv": [4, 0, 7.5, 2], "texture": "#texture"},
				"west": {"uv": [4, 0, 7.5, 2], "texture": "#texture"},
				"up": {"uv": [4, 0, 7.5, 7], "texture": "#texture"},
				"down": {"uv": [0, 0, 0, 0], "texture": "#texture"}
			}
		},
		{
			"name": "baseTop",
			"from": [2, 7, 2],
			"to": [14, 9, 14],
			"faces": {
				"north": {"uv": [7.625, 6, 10.625, 7], "texture": "#texture"},
				"east": {"uv": [7.625, 6, 10.625, 7], "texture": "#texture"},
				"south": {"uv": [7.625, 6, 10.625, 7], "texture": "#texture"},
				"west": {"uv": [7.625, 6, 10.625, 7], "texture": "#texture"},
				"up": {"uv": [7.625, 0, 10.625, 6], "texture": "#texture"},
				"down": {"uv": [0, 0, 0, 0], "texture": "#texture"}
			}
		},
		{
			"name": "pillarBottom",
			"from": [3, 9, 3],
			"to": [13, 16, 13],
			"faces": {
				"north": {"uv": [13.5, 12.5, 16, 16], "texture": "#texture"},
				"east": {"uv": [11, 12.5, 13.5, 16], "texture": "#texture"},
				"south": {"uv": [8.5, 12.5, 11, 16], "texture": "#texture"},
				"west": {"uv": [6, 12.5, 8.5, 16], "texture": "#texture"},
				"up": {"uv": [0, 0, 0, 0], "texture": "#texture"},
				"down": {"uv": [0, 0, 0, 0], "texture": "#texture"}
			}
		}
	],
	"groups": [
		{
			"name": "bottom",
			"origin": [8, 8, 8],
			"color": 0,
			"children": [0, 1, 2, 3]
		}
	]
}