{
	"credit": "Made with Blockbench",
	"textures": {
		"particle": "waystones:block/andesite_waystone",
		"texture": "waystones:block/andesite_waystone"
	},
	"elements": [
		{
			"name": "pillarTop",
			"from": [3, 0, 3],
			"to": [13, 8, 13],
			"faces": {
				"north": {"uv": [13.5, 8.5, 16, 12.5], "texture": "#texture"},
				"east": {"uv": [11, 8.5, 13.5, 12.5], "texture": "#texture"},
				"south": {"uv": [8.5, 8.5, 11, 12.5], "texture": "#texture"},
				"west": {"uv": [6, 8.5, 8.5, 12.5], "texture": "#texture"},
				"up": {"uv": [0, 0, 0, 0], "texture": "#texture"},
				"down": {"uv": [0, 0, 0, 0], "texture": "#texture"}
			}
		},
		{
			"name": "topBottom",
			"from": [2, 8, 2],
			"to": [14, 10, 14],
			"faces": {
				"north": {"uv": [10.625, 6, 13.625, 7], "texture": "#texture"},
				"east": {"uv": [10.625, 6, 13.625, 7], "texture": "#texture"},
				"south": {"uv": [10.625, 6, 13.625, 7], "texture": "#texture"},
				"west": {"uv": [10.625, 6, 13.625, 7], "texture": "#texture"},
				"up": {"uv": [10.625, 0, 13.625, 6], "texture": "#texture"},
				"down": {"uv": [10.625, 0, 13.625, 6], "texture": "#texture"}
			}
		},
		{
			"name": "topMiddle",
			"from": [1, 10, 1],
			"to": [15, 12, 15],
			"faces": {
				"north": {"uv": [4, 0.75, 7.5, 1.75], "texture": "#texture"},
				"east": {"uv": [7.5, 5, 4, 6], "texture": "#texture"},
				"south": {"uv": [4, 5.25, 7.5, 6.25], "texture": "#texture"},
				"west": {"uv": [7.5, 3.875, 4, 4.875], "texture": "#texture"},
				"up": {"uv": [4, 0, 7.5, 7], "texture": "#texture"},
				"down": {"uv": [4, 0, 7.5, 7], "texture": "#texture"}
			}
		},
		{
			"name": "topTop",
			"from": [3, 12, 3],
			"to": [13, 14, 13],
			"faces": {
				"north": {"uv": [13.625, 5, 16, 6], "texture": "#texture"},
				"east": {"uv": [13.625, 5, 16, 6], "texture": "#texture"},
				"south": {"uv": [13.625, 5, 16, 6], "texture": "#texture"},
				"west": {"uv": [13.625, 5, 16, 6], "texture": "#texture"},
				"up": {"uv": [13.625, 0, 16, 5], "texture": "#texture"},
				"down": {"uv": [0, 0, 0, 0], "texture": "#texture"}
			}
		},
		{
			"name": "topToppest",
			"from": [4, 14, 4],
			"to": [12, 16, 12],
			"faces": {
				"north": {"uv": [12.375, 7.75, 14.25, 8.75], "texture": "#texture"},
				"east": {"uv": [10.5, 7.75, 12.375, 8.75], "texture": "#texture"},
				"south": {"uv": [8.625, 7.75, 10.5, 8.75], "texture": "#texture"},
				"west": {"uv": [14.25, 7.75, 16, 8.75], "texture": "#texture"},
				"up": {"uv": [0, 12, 2, 16], "texture": "#texture", "cullface": "up"},
				"down": {"uv": [0, 0, 0, 0], "texture": "#texture"}
			}
		}
	],
	"groups": [
		{
			"name": "top",
			"origin": [8, 8, 8],
			"color": 0,
			"children": [0, 1, 2, 3, 4]
		}
	]
}