[
    {
        "function": "minecraft:set_attributes",
        "modifiers": [
            {
                "attribute": "minecraft:generic.attack_speed",
                "name": "Fibber AS MH",
                "amount": -0.5,
                "operation": "multiply_total",
                "slot": "mainhand"
            },
            {
                "attribute": "minecraft:generic.attack_speed",
                "name": "Fibber AS OH",
                "amount": -0.5,
                "operation": "multiply_total",
                "slot": "offhand"
            },
            {
                "attribute": "minecraft:generic.knockback_resistance",
                "name": "Fibber KBR",
                "amount": 0.5,
                "operation": "multiply_total",
                "slot": "offhand"
            },
            {
                "attribute": "minecraft:generic.luck",
                "name": "Fibber Luck",
                "amount": 0.05,
                "operation": "multiply_total",
                "slot": "offhand"
            }
        ]
    },
    {
        "function": "minecraft:set_lore",
        "entity": "this",
        "lore": [
            {
                "color": "gray",
                "italic": true,
                "translate": "item_mod.essrpg.scav.fmaxtridenttool.1.lore.0"
            },
            {
                "color": "green",
                "italic": true,
                "translate": "item_mod.essrpg.scav.fmaxtridenttool.1.lore.1"
            },
            {
                "color": "green",
                "italic": true,
                "translate": "item_mod.essrpg.scav.fmaxtridenttool.1.lore.2"
            },
            {
                "color": "green",
                "italic": true,
                "translate": "item_mod.essrpg.scav.fmaxtridenttool.1.lore.3"
            }
        ]
    }
]